INSERT INTO HOBBY (NAME, DESCRIPTION ) VALUES ('Running', 'Running in the forest');
INSERT INTO HOBBY (NAME, DESCRIPTION ) VALUES ('Skiing', 'Skiing in the mountains');
INSERT INTO HOBBY (NAME, DESCRIPTION ) VALUES ('Diving', 'Scuba diving');
INSERT INTO HOBBY (NAME, DESCRIPTION ) VALUES ('Climbing', 'Free climbing');
INSERT INTO HOBBY (NAME, DESCRIPTION ) VALUES ('Cycling', 'Track racing on bike');
INSERT INTO HOBBY (NAME, DESCRIPTION ) VALUES ('Stamps', 'Collection stamps');
INSERT INTO HOBBY (NAME, DESCRIPTION ) VALUES ('Dart', 'Playing dart');
INSERT INTO HOBBY (NAME, DESCRIPTION ) VALUES ('Reading', 'Reading books');
INSERT INTO HOBBY (NAME, DESCRIPTION ) VALUES ('Gaming', 'Playing computer games');
INSERT INTO HOBBY (NAME, DESCRIPTION ) VALUES ('Swimming', 'Indoor swimming');
INSERT INTO HOBBY (NAME, DESCRIPTION ) VALUES ('Football', 'Playing football');
INSERT INTO HOBBY (NAME, DESCRIPTION ) VALUES ('Painting', 'Making oil paintings');
INSERT INTO HOBBY (NAME, DESCRIPTION ) VALUES ('Knitting', 'Knitting clothes');
INSERT INTO HOBBY (NAME, DESCRIPTION ) VALUES ('Gambling', 'Playing poker');
INSERT INTO HOBBY (NAME, DESCRIPTION ) VALUES ('Chess', 'Playing chess');
INSERT INTO HOBBY (NAME, DESCRIPTION ) VALUES ('Hiking', 'Hiking in the nature');
INSERT INTO HOBBY (NAME, DESCRIPTION ) VALUES ('Singing', 'Singing in a choir');
INSERT INTO HOBBY (NAME, DESCRIPTION ) VALUES ('Photographing', 'Taking pictures');
INSERT INTO HOBBY (NAME, DESCRIPTION ) VALUES ('Sailing', 'Sailing on a boat');
INSERT INTO HOBBY (NAME, DESCRIPTION ) VALUES ('Cooking', 'Making gourmet food');




INSERT INTO CITYINFO (ZIP, CITY) VALUES ('0555', 'Scanning');
INSERT INTO CITYINFO (ZIP, CITY) VALUES ('0800', 'Høje Taastrup');
INSERT INTO CITYINFO (ZIP, CITY) VALUES ('0877', 'København C');
INSERT INTO CITYINFO (ZIP, CITY) VALUES ('0892', 'Sjælland USF P');
INSERT INTO CITYINFO (ZIP, CITY) VALUES ('0893', 'Sjælland USF B');
INSERT INTO CITYINFO (ZIP, CITY) VALUES ('0894', 'Udbetaling');
INSERT INTO CITYINFO (ZIP, CITY) VALUES ('0897', 'eBrevsprækken');
INSERT INTO CITYINFO (ZIP, CITY) VALUES ('0899', 'Kommuneservice');
INSERT INTO CITYINFO (ZIP, CITY) VALUES ('0900', 'København C');
INSERT INTO CITYINFO (ZIP, CITY) VALUES ('0910', 'København C');
INSERT INTO CITYINFO (ZIP, CITY) VALUES ('0917', 'Københavns Pakkecenter');
INSERT INTO CITYINFO (ZIP, CITY) VALUES ('0918', 'Københavns Pakke BRC');
INSERT INTO CITYINFO (ZIP, CITY) VALUES ('0919', 'Returprint BRC');
INSERT INTO CITYINFO (ZIP, CITY) VALUES ('0929', 'København C');
INSERT INTO CITYINFO (ZIP, CITY) VALUES ('0960', 'Internationalt Postcenter');
INSERT INTO CITYINFO (ZIP, CITY) VALUES ('999', 'København C');
INSERT INTO CITYINFO (ZIP, CITY) VALUES ('1000', 'København K');
INSERT INTO CITYINFO (ZIP, CITY) VALUES ('1001', 'København K');
INSERT INTO CITYINFO (ZIP, CITY) VALUES ('1002', 'København K');
INSERT INTO CITYINFO (ZIP, CITY) VALUES ('1003', 'København K');
INSERT INTO CITYINFO (ZIP, CITY) VALUES ('1004', 'København K');
INSERT INTO CITYINFO (ZIP, CITY) VALUES ('1005', 'København K');
INSERT INTO CITYINFO (ZIP, CITY) VALUES ('1006', 'København K');
INSERT INTO CITYINFO (ZIP, CITY) VALUES ('1007', 'København K');
INSERT INTO CITYINFO (ZIP, CITY) VALUES ('1008', 'København K');
INSERT INTO CITYINFO (ZIP, CITY) VALUES ('1009', 'København K');
INSERT INTO CITYINFO (ZIP, CITY) VALUES ('1010', 'København K');
INSERT INTO CITYINFO (ZIP, CITY) VALUES ('1011', 'København K');
INSERT INTO CITYINFO (ZIP, CITY) VALUES ('1012', 'København K');
INSERT INTO CITYINFO (ZIP, CITY) VALUES ('1013', 'København K');
INSERT INTO CITYINFO (ZIP, CITY) VALUES ('1014', 'København K');
INSERT INTO CITYINFO (ZIP, CITY) VALUES ('1015', 'København K');
INSERT INTO CITYINFO (ZIP, CITY) VALUES ('1016', 'København K');
INSERT INTO CITYINFO (ZIP, CITY) VALUES ('1017', 'København K');
INSERT INTO CITYINFO (ZIP, CITY) VALUES ('1018', 'København K');
INSERT INTO CITYINFO (ZIP, CITY) VALUES ('1019', 'København K');
INSERT INTO CITYINFO (ZIP, CITY) VALUES ('1020', 'København K');
INSERT INTO CITYINFO (ZIP, CITY) VALUES ('1021', 'København K');
INSERT INTO CITYINFO (ZIP, CITY) VALUES ('1022', 'København K');
INSERT INTO CITYINFO (ZIP, CITY) VALUES ('1023', 'København K');


INSERT INTO ADDRESS (ADDITIONALINFO,STREET,CITYINFO_ID) VALUES('','Jernbanegade 75','21');
INSERT INTO INFOENTITY (DTYPE, EMAIL, ADDRESS_ID) VALUES('Company','SiriusCell@data.com','1');
INSERT INTO COMPANY (ID, CVR, DESCRIPTION, MARKETVALUE, NAME, NUMEMPLOYEES) VALUES('1','43253429','Hardware','788942612','SiriusCell','56');
INSERT INTO PHONE (DESCRIPTION, NUMBER) VALUES('Kontor','68526808');
INSERT INTO INFOENTITY_PHONE (INFOENTITY_ID, PHONENUMBERS_ID) VALUES('1','1');
INSERT INTO PHONE (DESCRIPTION, NUMBER) VALUES('Reception','69446717');
INSERT INTO INFOENTITY_PHONE (INFOENTITY_ID, PHONENUMBERS_ID) VALUES('1','2');

INSERT INTO ADDRESS (ADDITIONALINFO,STREET,CITYINFO_ID) VALUES('','Nørregade 64','21');
INSERT INTO INFOENTITY (DTYPE, EMAIL, ADDRESS_ID) VALUES('Company','SiriusSprint@yahoo.com','2');
INSERT INTO COMPANY (ID, CVR, DESCRIPTION, MARKETVALUE, NAME, NUMEMPLOYEES) VALUES('2','64079498','Hardware','794162828','SiriusSprint','166');
INSERT INTO PHONE (DESCRIPTION, NUMBER) VALUES('Reception','23037783');
INSERT INTO INFOENTITY_PHONE (INFOENTITY_ID, PHONENUMBERS_ID) VALUES('2','3');

INSERT INTO ADDRESS (ADDITIONALINFO,STREET,CITYINFO_ID) VALUES('','Solbakken 70','19');
INSERT INTO INFOENTITY (DTYPE, EMAIL, ADDRESS_ID) VALUES('Person','Mads@office.dk','3');
INSERT INTO PERSON (ID, FIRSTNAME, LASTNAME) VALUES('3','Mads','Flintholm');
INSERT INTO PERSON_HOBBY (PERSONS_ID, HOBBIES_ID) VALUES('3','18');
INSERT INTO PHONE (DESCRIPTION, NUMBER) VALUES('Mobil','89920707');
INSERT INTO INFOENTITY_PHONE (INFOENTITY_ID, PHONENUMBERS_ID) VALUES('3','4');

INSERT INTO ADDRESS (ADDITIONALINFO,STREET,CITYINFO_ID) VALUES('2. th.','Skolegade 99','36');
INSERT INTO INFOENTITY (DTYPE, EMAIL, ADDRESS_ID) VALUES('Company','SouthBuilder@hotmail.dk','4');
INSERT INTO COMPANY (ID, CVR, DESCRIPTION, MARKETVALUE, NAME, NUMEMPLOYEES) VALUES('4','71476674','Office equipment','598959721','SouthBuilder','39');
INSERT INTO PHONE (DESCRIPTION, NUMBER) VALUES('Reception','55268772');
INSERT INTO INFOENTITY_PHONE (INFOENTITY_ID, PHONENUMBERS_ID) VALUES('4','5');

INSERT INTO ADDRESS (ADDITIONALINFO,STREET,CITYINFO_ID) VALUES('','Vinkelvej 13','39');
INSERT INTO INFOENTITY (DTYPE, EMAIL, ADDRESS_ID) VALUES('Person','Beate@office.dk','5');
INSERT INTO PERSON (ID, FIRSTNAME, LASTNAME) VALUES('5','Beate','Jensen');
INSERT INTO PERSON_HOBBY (PERSONS_ID, HOBBIES_ID) VALUES('5','5');
INSERT INTO PHONE (DESCRIPTION, NUMBER) VALUES('Hjem','70138154');
INSERT INTO INFOENTITY_PHONE (INFOENTITY_ID, PHONENUMBERS_ID) VALUES('5','6');
INSERT INTO PHONE (DESCRIPTION, NUMBER) VALUES('Arbejde','95551343');
INSERT INTO INFOENTITY_PHONE (INFOENTITY_ID, PHONENUMBERS_ID) VALUES('5','7');

INSERT INTO ADDRESS (ADDITIONALINFO,STREET,CITYINFO_ID) VALUES('','Jernbanegade 18','35');
INSERT INTO INFOENTITY (DTYPE, EMAIL, ADDRESS_ID) VALUES('Person','Lærke@hotmail.com','6');
INSERT INTO PERSON (ID, FIRSTNAME, LASTNAME) VALUES('6','Lærke','Klausen');
INSERT INTO PHONE (DESCRIPTION, NUMBER) VALUES('Arbejde','78724452');
INSERT INTO INFOENTITY_PHONE (INFOENTITY_ID, PHONENUMBERS_ID) VALUES('6','8');

INSERT INTO ADDRESS (ADDITIONALINFO,STREET,CITYINFO_ID) VALUES('','Østergade 63','12');
INSERT INTO INFOENTITY (DTYPE, EMAIL, ADDRESS_ID) VALUES('Person','Bente@gmail.com','7');
INSERT INTO PERSON (ID, FIRSTNAME, LASTNAME) VALUES('7','Bente','Møller');
INSERT INTO PHONE (DESCRIPTION, NUMBER) VALUES('Arbejde','34715994');
INSERT INTO INFOENTITY_PHONE (INFOENTITY_ID, PHONENUMBERS_ID) VALUES('7','9');

INSERT INTO ADDRESS (ADDITIONALINFO,STREET,CITYINFO_ID) VALUES('','Skolegade 23','20');
INSERT INTO INFOENTITY (DTYPE, EMAIL, ADDRESS_ID) VALUES('Person','Anders@business.dk','8');
INSERT INTO PERSON (ID, FIRSTNAME, LASTNAME) VALUES('8','Anders','Bentholm');
INSERT INTO PERSON_HOBBY (PERSONS_ID, HOBBIES_ID) VALUES('8','20');
INSERT INTO PHONE (DESCRIPTION, NUMBER) VALUES('Arbejde','74105081');
INSERT INTO INFOENTITY_PHONE (INFOENTITY_ID, PHONENUMBERS_ID) VALUES('8','10');
INSERT INTO PHONE (DESCRIPTION, NUMBER) VALUES('Mobil','75919510');
INSERT INTO INFOENTITY_PHONE (INFOENTITY_ID, PHONENUMBERS_ID) VALUES('8','11');

INSERT INTO ADDRESS (ADDITIONALINFO,STREET,CITYINFO_ID) VALUES('2. th.','Lærkevej 70','22');
INSERT INTO INFOENTITY (DTYPE, EMAIL, ADDRESS_ID) VALUES('Company','NewLine@data.com','9');
INSERT INTO COMPANY (ID, CVR, DESCRIPTION, MARKETVALUE, NAME, NUMEMPLOYEES) VALUES('9','21890105','Software','678406745','NewLine','79');
INSERT INTO PHONE (DESCRIPTION, NUMBER) VALUES('Kontor','34793273');
INSERT INTO INFOENTITY_PHONE (INFOENTITY_ID, PHONENUMBERS_ID) VALUES('9','12');
INSERT INTO PHONE (DESCRIPTION, NUMBER) VALUES('Kontor','1301446');
INSERT INTO INFOENTITY_PHONE (INFOENTITY_ID, PHONENUMBERS_ID) VALUES('9','13');

INSERT INTO ADDRESS (ADDITIONALINFO,STREET,CITYINFO_ID) VALUES('','Skovbakken 99','22');
INSERT INTO INFOENTITY (DTYPE, EMAIL, ADDRESS_ID) VALUES('Person','Gunnar@home.com','10');
INSERT INTO PERSON (ID, FIRSTNAME, LASTNAME) VALUES('10','Gunnar','Møller');
INSERT INTO PERSON_HOBBY (PERSONS_ID, HOBBIES_ID) VALUES('10','13');
INSERT INTO PHONE (DESCRIPTION, NUMBER) VALUES('Hjem','74133426');
INSERT INTO INFOENTITY_PHONE (INFOENTITY_ID, PHONENUMBERS_ID) VALUES('10','14');

INSERT INTO ADDRESS (ADDITIONALINFO,STREET,CITYINFO_ID) VALUES('','Søndegade 75','32');
INSERT INTO INFOENTITY (DTYPE, EMAIL, ADDRESS_ID) VALUES('Company','AllImport@office.dk','11');
INSERT INTO COMPANY (ID, CVR, DESCRIPTION, MARKETVALUE, NAME, NUMEMPLOYEES) VALUES('11','21331020','Software','466067945','AllImport','61');
INSERT INTO PHONE (DESCRIPTION, NUMBER) VALUES('Kontor','45849857');
INSERT INTO INFOENTITY_PHONE (INFOENTITY_ID, PHONENUMBERS_ID) VALUES('11','15');
INSERT INTO PHONE (DESCRIPTION, NUMBER) VALUES('Reception','73508011');
INSERT INTO INFOENTITY_PHONE (INFOENTITY_ID, PHONENUMBERS_ID) VALUES('11','16');

INSERT INTO ADDRESS (ADDITIONALINFO,STREET,CITYINFO_ID) VALUES('','Kirkevej 34','30');
INSERT INTO INFOENTITY (DTYPE, EMAIL, ADDRESS_ID) VALUES('Person','Anna@hotmail.dk','12');
INSERT INTO PERSON (ID, FIRSTNAME, LASTNAME) VALUES('12','Anna','Ålbæk');
INSERT INTO PERSON_HOBBY (PERSONS_ID, HOBBIES_ID) VALUES('12','20');
INSERT INTO PERSON_HOBBY (PERSONS_ID, HOBBIES_ID) VALUES('12','6');
INSERT INTO PERSON_HOBBY (PERSONS_ID, HOBBIES_ID) VALUES('12','1');
INSERT INTO PHONE (DESCRIPTION, NUMBER) VALUES('Mobil','82504582');
INSERT INTO INFOENTITY_PHONE (INFOENTITY_ID, PHONENUMBERS_ID) VALUES('12','17');

INSERT INTO ADDRESS (ADDITIONALINFO,STREET,CITYINFO_ID) VALUES('','Skolegade 23','17');
INSERT INTO INFOENTITY (DTYPE, EMAIL, ADDRESS_ID) VALUES('Person','Arne@live.dk','13');
INSERT INTO PERSON (ID, FIRSTNAME, LASTNAME) VALUES('13','Arne','Skov');
INSERT INTO PERSON_HOBBY (PERSONS_ID, HOBBIES_ID) VALUES('13','6');
INSERT INTO PHONE (DESCRIPTION, NUMBER) VALUES('Hjem','88959391');
INSERT INTO INFOENTITY_PHONE (INFOENTITY_ID, PHONENUMBERS_ID) VALUES('13','18');
INSERT INTO PHONE (DESCRIPTION, NUMBER) VALUES('Mobil','70498466');
INSERT INTO INFOENTITY_PHONE (INFOENTITY_ID, PHONENUMBERS_ID) VALUES('13','19');

INSERT INTO ADDRESS (ADDITIONALINFO,STREET,CITYINFO_ID) VALUES('','Stormgade 46','7');
INSERT INTO INFOENTITY (DTYPE, EMAIL, ADDRESS_ID) VALUES('Person','Inger@yahoo.com','14');
INSERT INTO PERSON (ID, FIRSTNAME, LASTNAME) VALUES('14','Inger','Brobjerg');
INSERT INTO PERSON_HOBBY (PERSONS_ID, HOBBIES_ID) VALUES('14','8');
INSERT INTO PHONE (DESCRIPTION, NUMBER) VALUES('Arbejde','86399261');
INSERT INTO INFOENTITY_PHONE (INFOENTITY_ID, PHONENUMBERS_ID) VALUES('14','20');
INSERT INTO PHONE (DESCRIPTION, NUMBER) VALUES('Arbejde','16476132');
INSERT INTO INFOENTITY_PHONE (INFOENTITY_ID, PHONENUMBERS_ID) VALUES('14','21');

INSERT INTO ADDRESS (ADDITIONALINFO,STREET,CITYINFO_ID) VALUES('','Østergade 46','1');
INSERT INTO INFOENTITY (DTYPE, EMAIL, ADDRESS_ID) VALUES('Person','Lea@gmail.com','15');
INSERT INTO PERSON (ID, FIRSTNAME, LASTNAME) VALUES('15','Lea','Brobjerg');
INSERT INTO PERSON_HOBBY (PERSONS_ID, HOBBIES_ID) VALUES('15','18');
INSERT INTO PERSON_HOBBY (PERSONS_ID, HOBBIES_ID) VALUES('15','14');
INSERT INTO PERSON_HOBBY (PERSONS_ID, HOBBIES_ID) VALUES('15','4');
INSERT INTO PHONE (DESCRIPTION, NUMBER) VALUES('Mobil','50523149');
INSERT INTO INFOENTITY_PHONE (INFOENTITY_ID, PHONENUMBERS_ID) VALUES('15','22');

INSERT INTO ADDRESS (ADDITIONALINFO,STREET,CITYINFO_ID) VALUES('3. th.','Lærkevej 79','3');
INSERT INTO INFOENTITY (DTYPE, EMAIL, ADDRESS_ID) VALUES('Company','SoftOrg@msn.dk','16');
INSERT INTO COMPANY (ID, CVR, DESCRIPTION, MARKETVALUE, NAME, NUMEMPLOYEES) VALUES('16','46045756','Sales','926715831','SoftOrg','137');
INSERT INTO PHONE (DESCRIPTION, NUMBER) VALUES('Reception','14030041');
INSERT INTO INFOENTITY_PHONE (INFOENTITY_ID, PHONENUMBERS_ID) VALUES('16','23');

INSERT INTO ADDRESS (ADDITIONALINFO,STREET,CITYINFO_ID) VALUES('','Søndegade 90','8');
INSERT INTO INFOENTITY (DTYPE, EMAIL, ADDRESS_ID) VALUES('Company','BigBound@home.com','17');
INSERT INTO COMPANY (ID, CVR, DESCRIPTION, MARKETVALUE, NAME, NUMEMPLOYEES) VALUES('17','68738176','Human Ressources','104495176','BigBound','173');
INSERT INTO PHONE (DESCRIPTION, NUMBER) VALUES('Kontor','40412016');
INSERT INTO INFOENTITY_PHONE (INFOENTITY_ID, PHONENUMBERS_ID) VALUES('17','24');

INSERT INTO ADDRESS (ADDITIONALINFO,STREET,CITYINFO_ID) VALUES('3. tv.','Lærkevej 67','9');
INSERT INTO INFOENTITY (DTYPE, EMAIL, ADDRESS_ID) VALUES('Company','BigSolutions@msn.dk','18');
INSERT INTO COMPANY (ID, CVR, DESCRIPTION, MARKETVALUE, NAME, NUMEMPLOYEES) VALUES('18','50155796','Office equipment','80172752','BigSolutions','93');
INSERT INTO PHONE (DESCRIPTION, NUMBER) VALUES('Reception','82084768');
INSERT INTO INFOENTITY_PHONE (INFOENTITY_ID, PHONENUMBERS_ID) VALUES('18','25');
INSERT INTO PHONE (DESCRIPTION, NUMBER) VALUES('Reception','86979712');
INSERT INTO INFOENTITY_PHONE (INFOENTITY_ID, PHONENUMBERS_ID) VALUES('18','26');

INSERT INTO ADDRESS (ADDITIONALINFO,STREET,CITYINFO_ID) VALUES('1. tv.','Bredgade 69','15');
INSERT INTO INFOENTITY (DTYPE, EMAIL, ADDRESS_ID) VALUES('Person','Gitte@hotmail.com','19');
INSERT INTO PERSON (ID, FIRSTNAME, LASTNAME) VALUES('19','Gitte','Graversen');
INSERT INTO PERSON_HOBBY (PERSONS_ID, HOBBIES_ID) VALUES('19','4');
INSERT INTO PHONE (DESCRIPTION, NUMBER) VALUES('Arbejde','86953362');
INSERT INTO INFOENTITY_PHONE (INFOENTITY_ID, PHONENUMBERS_ID) VALUES('19','27');

INSERT INTO ADDRESS (ADDITIONALINFO,STREET,CITYINFO_ID) VALUES('','Møllevej 9','26');
INSERT INTO INFOENTITY (DTYPE, EMAIL, ADDRESS_ID) VALUES('Company','CityCom@live.dk','20');
INSERT INTO COMPANY (ID, CVR, DESCRIPTION, MARKETVALUE, NAME, NUMEMPLOYEES) VALUES('20','32122759','Banking','548075086','CityCom','0');
INSERT INTO PHONE (DESCRIPTION, NUMBER) VALUES('Kontor','50543809');
INSERT INTO INFOENTITY_PHONE (INFOENTITY_ID, PHONENUMBERS_ID) VALUES('20','28');






