INSERT INTO ADDRESS (ADDITIONALINFO,STREET,CITYINFO_ID) VALUES('','Kirkevej 11','934');
INSERT INTO INFOENTITY (DTYPE, EMAIL, ADDRESS_ID) VALUES('Company','NorthFirm@home.com','1');
INSERT INTO COMPANY (ID, CVR, DESCRIPTION, MARKETVALUE, NAME, NUMEMPLOYEES) VALUES('1','67219875','Development','949200751','NorthFirm','111');
INSERT INTO PHONE (DESCRIPTION, NUMBER) VALUES('Kontor','11972060');
INSERT INTO INFOENTITY_PHONE (INFOENTITY_ID, PHONENUMBERS_ID) VALUES('1','1');

INSERT INTO ADDRESS (ADDITIONALINFO,STREET,CITYINFO_ID) VALUES('','Kirkevej 33','844');
INSERT INTO INFOENTITY (DTYPE, EMAIL, ADDRESS_ID) VALUES('Person','Lise@msn.dk','2');
INSERT INTO PERSON (ID, FIRSTNAME, LASTNAME) VALUES('2','Lise','Andersen');
INSERT INTO PERSON_HOBBY (PERSONS_ID, HOBBIES_ID) VALUES('2','13');
INSERT INTO PERSON_HOBBY (PERSONS_ID, HOBBIES_ID) VALUES('2','15');
INSERT INTO PHONE (DESCRIPTION, NUMBER) VALUES('Hjem','97553432');
INSERT INTO INFOENTITY_PHONE (INFOENTITY_ID, PHONENUMBERS_ID) VALUES('2','2');
INSERT INTO PHONE (DESCRIPTION, NUMBER) VALUES('Hjem','21361878');
INSERT INTO INFOENTITY_PHONE (INFOENTITY_ID, PHONENUMBERS_ID) VALUES('2','3');

INSERT INTO ADDRESS (ADDITIONALINFO,STREET,CITYINFO_ID) VALUES('4. tv.','Engvej 72','634');
INSERT INTO INFOENTITY (DTYPE, EMAIL, ADDRESS_ID) VALUES('Company','BigOrg@jubii.dk','3');
INSERT INTO COMPANY (ID, CVR, DESCRIPTION, MARKETVALUE, NAME, NUMEMPLOYEES) VALUES('3','40885597','Hardware','628947633','BigOrg','7');
INSERT INTO PHONE (DESCRIPTION, NUMBER) VALUES('Kontor','31531305');
INSERT INTO INFOENTITY_PHONE (INFOENTITY_ID, PHONENUMBERS_ID) VALUES('3','4');
INSERT INTO PHONE (DESCRIPTION, NUMBER) VALUES('Kontor','74901425');
INSERT INTO INFOENTITY_PHONE (INFOENTITY_ID, PHONENUMBERS_ID) VALUES('3','5');

INSERT INTO ADDRESS (ADDITIONALINFO,STREET,CITYINFO_ID) VALUES('st.','Skovvej 62','778');
INSERT INTO INFOENTITY (DTYPE, EMAIL, ADDRESS_ID) VALUES('Company','AllCenter@jubii.dk','4');
INSERT INTO COMPANY (ID, CVR, DESCRIPTION, MARKETVALUE, NAME, NUMEMPLOYEES) VALUES('4','94807621','Software','683876459','AllCenter','112');
INSERT INTO PHONE (DESCRIPTION, NUMBER) VALUES('Reception','92331867');
INSERT INTO INFOENTITY_PHONE (INFOENTITY_ID, PHONENUMBERS_ID) VALUES('4','6');
INSERT INTO PHONE (DESCRIPTION, NUMBER) VALUES('Reception','76485337');
INSERT INTO INFOENTITY_PHONE (INFOENTITY_ID, PHONENUMBERS_ID) VALUES('4','7');

INSERT INTO ADDRESS (ADDITIONALINFO,STREET,CITYINFO_ID) VALUES('4. th.','Vestergade 35','1142');
INSERT INTO INFOENTITY (DTYPE, EMAIL, ADDRESS_ID) VALUES('Company','SeriousBound@live.com','5');
INSERT INTO COMPANY (ID, CVR, DESCRIPTION, MARKETVALUE, NAME, NUMEMPLOYEES) VALUES('5','20801442','Construction','377793026','SeriousBound','161');
INSERT INTO PHONE (DESCRIPTION, NUMBER) VALUES('Kontor','26742172');
INSERT INTO INFOENTITY_PHONE (INFOENTITY_ID, PHONENUMBERS_ID) VALUES('5','8');

INSERT INTO ADDRESS (ADDITIONALINFO,STREET,CITYINFO_ID) VALUES('','Ågade 31','585');
INSERT INTO INFOENTITY (DTYPE, EMAIL, ADDRESS_ID) VALUES('Company','SiriusOrg@yahoo.com','6');
INSERT INTO COMPANY (ID, CVR, DESCRIPTION, MARKETVALUE, NAME, NUMEMPLOYEES) VALUES('6','21077470','Consulting','112887978','SiriusOrg','80');
INSERT INTO PHONE (DESCRIPTION, NUMBER) VALUES('Reception','22484365');
INSERT INTO INFOENTITY_PHONE (INFOENTITY_ID, PHONENUMBERS_ID) VALUES('6','9');

INSERT INTO ADDRESS (ADDITIONALINFO,STREET,CITYINFO_ID) VALUES('4. tv.','Egevej 9','867');
INSERT INTO INFOENTITY (DTYPE, EMAIL, ADDRESS_ID) VALUES('Company','SoftCell@home.com','7');
INSERT INTO COMPANY (ID, CVR, DESCRIPTION, MARKETVALUE, NAME, NUMEMPLOYEES) VALUES('7','37948626','Shopping','217495191','SoftCell','126');
INSERT INTO PHONE (DESCRIPTION, NUMBER) VALUES('Reception','37733020');
INSERT INTO INFOENTITY_PHONE (INFOENTITY_ID, PHONENUMBERS_ID) VALUES('7','10');

INSERT INTO ADDRESS (ADDITIONALINFO,STREET,CITYINFO_ID) VALUES('','Ågade 30','1078');
INSERT INTO INFOENTITY (DTYPE, EMAIL, ADDRESS_ID) VALUES('Company','WellExport@live.com','8');
INSERT INTO COMPANY (ID, CVR, DESCRIPTION, MARKETVALUE, NAME, NUMEMPLOYEES) VALUES('8','13837937','Banking','573319668','WellExport','52');
INSERT INTO PHONE (DESCRIPTION, NUMBER) VALUES('Reception','57891685');
INSERT INTO INFOENTITY_PHONE (INFOENTITY_ID, PHONENUMBERS_ID) VALUES('8','11');
INSERT INTO PHONE (DESCRIPTION, NUMBER) VALUES('Kontor','57683345');
INSERT INTO INFOENTITY_PHONE (INFOENTITY_ID, PHONENUMBERS_ID) VALUES('8','12');

INSERT INTO ADDRESS (ADDITIONALINFO,STREET,CITYINFO_ID) VALUES('','Nørregade 64','656');
INSERT INTO INFOENTITY (DTYPE, EMAIL, ADDRESS_ID) VALUES('Person','Benny@msn.dk','9');
INSERT INTO PERSON (ID, FIRSTNAME, LASTNAME) VALUES('9','Benny','Torp');
INSERT INTO PHONE (DESCRIPTION, NUMBER) VALUES('Mobil','65782331');
INSERT INTO INFOENTITY_PHONE (INFOENTITY_ID, PHONENUMBERS_ID) VALUES('9','13');
INSERT INTO PHONE (DESCRIPTION, NUMBER) VALUES('Hjem','45893451');
INSERT INTO INFOENTITY_PHONE (INFOENTITY_ID, PHONENUMBERS_ID) VALUES('9','14');

INSERT INTO ADDRESS (ADDITIONALINFO,STREET,CITYINFO_ID) VALUES('','Nørregade 29','619');
INSERT INTO INFOENTITY (DTYPE, EMAIL, ADDRESS_ID) VALUES('Company','UpKnight@work.com','10');
INSERT INTO COMPANY (ID, CVR, DESCRIPTION, MARKETVALUE, NAME, NUMEMPLOYEES) VALUES('10','31471166','Sales','204446873','UpKnight','134');
INSERT INTO PHONE (DESCRIPTION, NUMBER) VALUES('Reception','85336327');
INSERT INTO INFOENTITY_PHONE (INFOENTITY_ID, PHONENUMBERS_ID) VALUES('10','15');
INSERT INTO PHONE (DESCRIPTION, NUMBER) VALUES('Kontor','28625157');
INSERT INTO INFOENTITY_PHONE (INFOENTITY_ID, PHONENUMBERS_ID) VALUES('10','16');

INSERT INTO ADDRESS (ADDITIONALINFO,STREET,CITYINFO_ID) VALUES('','Stationsvej 99','1014');
INSERT INTO INFOENTITY (DTYPE, EMAIL, ADDRESS_ID) VALUES('Person','Anders@business.dk','11');
INSERT INTO PERSON (ID, FIRSTNAME, LASTNAME) VALUES('11','Anders','Friis');
INSERT INTO PERSON_HOBBY (PERSONS_ID, HOBBIES_ID) VALUES('11','19');
INSERT INTO PERSON_HOBBY (PERSONS_ID, HOBBIES_ID) VALUES('11','16');
INSERT INTO PERSON_HOBBY (PERSONS_ID, HOBBIES_ID) VALUES('11','18');
INSERT INTO PHONE (DESCRIPTION, NUMBER) VALUES('Hjem','10110535');
INSERT INTO INFOENTITY_PHONE (INFOENTITY_ID, PHONENUMBERS_ID) VALUES('11','17');
INSERT INTO PHONE (DESCRIPTION, NUMBER) VALUES('Hjem','88863399');
INSERT INTO INFOENTITY_PHONE (INFOENTITY_ID, PHONENUMBERS_ID) VALUES('11','18');

INSERT INTO ADDRESS (ADDITIONALINFO,STREET,CITYINFO_ID) VALUES('','Østergade 51','757');
INSERT INTO INFOENTITY (DTYPE, EMAIL, ADDRESS_ID) VALUES('Person','Signe@business.dk','12');
INSERT INTO PERSON (ID, FIRSTNAME, LASTNAME) VALUES('12','Signe','Bentholm');
INSERT INTO PHONE (DESCRIPTION, NUMBER) VALUES('Arbejde','51425820');
INSERT INTO INFOENTITY_PHONE (INFOENTITY_ID, PHONENUMBERS_ID) VALUES('12','19');
INSERT INTO PHONE (DESCRIPTION, NUMBER) VALUES('Arbejde','39270187');
INSERT INTO INFOENTITY_PHONE (INFOENTITY_ID, PHONENUMBERS_ID) VALUES('12','20');

INSERT INTO ADDRESS (ADDITIONALINFO,STREET,CITYINFO_ID) VALUES('','Poppel Allé 76','1317');
INSERT INTO INFOENTITY (DTYPE, EMAIL, ADDRESS_ID) VALUES('Person','Iben@office.dk','13');
INSERT INTO PERSON (ID, FIRSTNAME, LASTNAME) VALUES('13','Iben','Persson');
INSERT INTO PERSON_HOBBY (PERSONS_ID, HOBBIES_ID) VALUES('13','1');
INSERT INTO PERSON_HOBBY (PERSONS_ID, HOBBIES_ID) VALUES('13','16');
INSERT INTO PHONE (DESCRIPTION, NUMBER) VALUES('Mobil','49180229');
INSERT INTO INFOENTITY_PHONE (INFOENTITY_ID, PHONENUMBERS_ID) VALUES('13','21');

INSERT INTO ADDRESS (ADDITIONALINFO,STREET,CITYINFO_ID) VALUES('','Egevej 86','287');
INSERT INTO INFOENTITY (DTYPE, EMAIL, ADDRESS_ID) VALUES('Person','Benny@live.com','14');
INSERT INTO PERSON (ID, FIRSTNAME, LASTNAME) VALUES('14','Benny','Torp');
INSERT INTO PERSON_HOBBY (PERSONS_ID, HOBBIES_ID) VALUES('14','18');
INSERT INTO PHONE (DESCRIPTION, NUMBER) VALUES('Mobil','55570515');
INSERT INTO INFOENTITY_PHONE (INFOENTITY_ID, PHONENUMBERS_ID) VALUES('14','22');

INSERT INTO ADDRESS (ADDITIONALINFO,STREET,CITYINFO_ID) VALUES('','Vibevej 63','673');
INSERT INTO INFOENTITY (DTYPE, EMAIL, ADDRESS_ID) VALUES('Company','SnapService@msn.dk','15');
INSERT INTO COMPANY (ID, CVR, DESCRIPTION, MARKETVALUE, NAME, NUMEMPLOYEES) VALUES('15','98566095','Sales','881376200','SnapService','186');
INSERT INTO PHONE (DESCRIPTION, NUMBER) VALUES('Kontor','94739754');
INSERT INTO INFOENTITY_PHONE (INFOENTITY_ID, PHONENUMBERS_ID) VALUES('15','23');

INSERT INTO ADDRESS (ADDITIONALINFO,STREET,CITYINFO_ID) VALUES('','Borgergade 78','1088');
INSERT INTO INFOENTITY (DTYPE, EMAIL, ADDRESS_ID) VALUES('Company','WellSide@msn.dk','16');
INSERT INTO COMPANY (ID, CVR, DESCRIPTION, MARKETVALUE, NAME, NUMEMPLOYEES) VALUES('16','37870651','Production','989028713','WellSide','81');
INSERT INTO PHONE (DESCRIPTION, NUMBER) VALUES('Kontor','50033623');
INSERT INTO INFOENTITY_PHONE (INFOENTITY_ID, PHONENUMBERS_ID) VALUES('16','24');
INSERT INTO PHONE (DESCRIPTION, NUMBER) VALUES('Reception','85752591');
INSERT INTO INFOENTITY_PHONE (INFOENTITY_ID, PHONENUMBERS_ID) VALUES('16','25');

INSERT INTO ADDRESS (ADDITIONALINFO,STREET,CITYINFO_ID) VALUES('','Vinkelvej 0','542');
INSERT INTO INFOENTITY (DTYPE, EMAIL, ADDRESS_ID) VALUES('Person','Arne@work.com','17');
INSERT INTO PERSON (ID, FIRSTNAME, LASTNAME) VALUES('17','Arne','Persson');
INSERT INTO PERSON_HOBBY (PERSONS_ID, HOBBIES_ID) VALUES('17','20');
INSERT INTO PHONE (DESCRIPTION, NUMBER) VALUES('Arbejde','73124431');
INSERT INTO INFOENTITY_PHONE (INFOENTITY_ID, PHONENUMBERS_ID) VALUES('17','26');
INSERT INTO PHONE (DESCRIPTION, NUMBER) VALUES('Arbejde','14895316');
INSERT INTO INFOENTITY_PHONE (INFOENTITY_ID, PHONENUMBERS_ID) VALUES('17','27');

INSERT INTO ADDRESS (ADDITIONALINFO,STREET,CITYINFO_ID) VALUES('1. tv.','Kirkevej 56','1093');
INSERT INTO INFOENTITY (DTYPE, EMAIL, ADDRESS_ID) VALUES('Person','Lærke@hotmail.dk','18');
INSERT INTO PERSON (ID, FIRSTNAME, LASTNAME) VALUES('18','Lærke','Ardberg');
INSERT INTO PHONE (DESCRIPTION, NUMBER) VALUES('Hjem','88693461');
INSERT INTO INFOENTITY_PHONE (INFOENTITY_ID, PHONENUMBERS_ID) VALUES('18','28');

INSERT INTO ADDRESS (ADDITIONALINFO,STREET,CITYINFO_ID) VALUES('','Stationsvej 23','600');
INSERT INTO INFOENTITY (DTYPE, EMAIL, ADDRESS_ID) VALUES('Person','Benny@work.com','19');
INSERT INTO PERSON (ID, FIRSTNAME, LASTNAME) VALUES('19','Benny','Berg');
INSERT INTO PHONE (DESCRIPTION, NUMBER) VALUES('Hjem','31719146');
INSERT INTO INFOENTITY_PHONE (INFOENTITY_ID, PHONENUMBERS_ID) VALUES('19','29');
INSERT INTO PHONE (DESCRIPTION, NUMBER) VALUES('Arbejde','16092924');
INSERT INTO INFOENTITY_PHONE (INFOENTITY_ID, PHONENUMBERS_ID) VALUES('19','30');

INSERT INTO ADDRESS (ADDITIONALINFO,STREET,CITYINFO_ID) VALUES('','Jernbanegade 69','367');
INSERT INTO INFOENTITY (DTYPE, EMAIL, ADDRESS_ID) VALUES('Person','Beate@live.dk','20');
INSERT INTO PERSON (ID, FIRSTNAME, LASTNAME) VALUES('20','Beate','Underberg');
INSERT INTO PERSON_HOBBY (PERSONS_ID, HOBBIES_ID) VALUES('20','17');
INSERT INTO PERSON_HOBBY (PERSONS_ID, HOBBIES_ID) VALUES('20','7');
INSERT INTO PHONE (DESCRIPTION, NUMBER) VALUES('Arbejde','96871311');
INSERT INTO INFOENTITY_PHONE (INFOENTITY_ID, PHONENUMBERS_ID) VALUES('20','31');

INSERT INTO ADDRESS (ADDITIONALINFO,STREET,CITYINFO_ID) VALUES('','Birkevej 37','996');
INSERT INTO INFOENTITY (DTYPE, EMAIL, ADDRESS_ID) VALUES('Company','SouthExport@msn.com','21');
INSERT INTO COMPANY (ID, CVR, DESCRIPTION, MARKETVALUE, NAME, NUMEMPLOYEES) VALUES('21','74657963','Banking','566279684','SouthExport','46');
INSERT INTO PHONE (DESCRIPTION, NUMBER) VALUES('Reception','78437779');
INSERT INTO INFOENTITY_PHONE (INFOENTITY_ID, PHONENUMBERS_ID) VALUES('21','32');
INSERT INTO PHONE (DESCRIPTION, NUMBER) VALUES('Reception','11014020');
INSERT INTO INFOENTITY_PHONE (INFOENTITY_ID, PHONENUMBERS_ID) VALUES('21','33');

INSERT INTO ADDRESS (ADDITIONALINFO,STREET,CITYINFO_ID) VALUES('','Lærkevej 25','703');
INSERT INTO INFOENTITY (DTYPE, EMAIL, ADDRESS_ID) VALUES('Company','PolyPower@gmail.com','22');
INSERT INTO COMPANY (ID, CVR, DESCRIPTION, MARKETVALUE, NAME, NUMEMPLOYEES) VALUES('22','81156935','Investment','491452057','PolyPower','27');
INSERT INTO PHONE (DESCRIPTION, NUMBER) VALUES('Reception','84534198');
INSERT INTO INFOENTITY_PHONE (INFOENTITY_ID, PHONENUMBERS_ID) VALUES('22','34');
INSERT INTO PHONE (DESCRIPTION, NUMBER) VALUES('Reception','99979246');
INSERT INTO INFOENTITY_PHONE (INFOENTITY_ID, PHONENUMBERS_ID) VALUES('22','35');

INSERT INTO ADDRESS (ADDITIONALINFO,STREET,CITYINFO_ID) VALUES('st.','Langgade 10','1031');
INSERT INTO INFOENTITY (DTYPE, EMAIL, ADDRESS_ID) VALUES('Person','Inger@msn.dk','23');
INSERT INTO PERSON (ID, FIRSTNAME, LASTNAME) VALUES('23','Inger','Underberg');
INSERT INTO PERSON_HOBBY (PERSONS_ID, HOBBIES_ID) VALUES('23','9');
INSERT INTO PERSON_HOBBY (PERSONS_ID, HOBBIES_ID) VALUES('23','10');
INSERT INTO PHONE (DESCRIPTION, NUMBER) VALUES('Mobil','35584616');
INSERT INTO INFOENTITY_PHONE (INFOENTITY_ID, PHONENUMBERS_ID) VALUES('23','36');

INSERT INTO ADDRESS (ADDITIONALINFO,STREET,CITYINFO_ID) VALUES('','Skovbakken 39','723');
INSERT INTO INFOENTITY (DTYPE, EMAIL, ADDRESS_ID) VALUES('Company','SouthBound@work.com','24');
INSERT INTO COMPANY (ID, CVR, DESCRIPTION, MARKETVALUE, NAME, NUMEMPLOYEES) VALUES('24','46780353','Investment','145731882','SouthBound','95');
INSERT INTO PHONE (DESCRIPTION, NUMBER) VALUES('Reception','30293343');
INSERT INTO INFOENTITY_PHONE (INFOENTITY_ID, PHONENUMBERS_ID) VALUES('24','37');
INSERT INTO PHONE (DESCRIPTION, NUMBER) VALUES('Reception','77081739');
INSERT INTO INFOENTITY_PHONE (INFOENTITY_ID, PHONENUMBERS_ID) VALUES('24','38');

INSERT INTO ADDRESS (ADDITIONALINFO,STREET,CITYINFO_ID) VALUES('','Birkevej 49','827');
INSERT INTO INFOENTITY (DTYPE, EMAIL, ADDRESS_ID) VALUES('Person','Karl@hotmail.com','25');
INSERT INTO PERSON (ID, FIRSTNAME, LASTNAME) VALUES('25','Karl','Eilersen');
INSERT INTO PHONE (DESCRIPTION, NUMBER) VALUES('Arbejde','35150858');
INSERT INTO INFOENTITY_PHONE (INFOENTITY_ID, PHONENUMBERS_ID) VALUES('25','39');

INSERT INTO ADDRESS (ADDITIONALINFO,STREET,CITYINFO_ID) VALUES('','Bredgade 39','681');
INSERT INTO INFOENTITY (DTYPE, EMAIL, ADDRESS_ID) VALUES('Company','InfoCom@hotmail.dk','26');
INSERT INTO COMPANY (ID, CVR, DESCRIPTION, MARKETVALUE, NAME, NUMEMPLOYEES) VALUES('26','47840543','Office equipment','663322684','InfoCom','132');
INSERT INTO PHONE (DESCRIPTION, NUMBER) VALUES('Reception','61225250');
INSERT INTO INFOENTITY_PHONE (INFOENTITY_ID, PHONENUMBERS_ID) VALUES('26','40');

INSERT INTO ADDRESS (ADDITIONALINFO,STREET,CITYINFO_ID) VALUES('','Søndegade 13','912');
INSERT INTO INFOENTITY (DTYPE, EMAIL, ADDRESS_ID) VALUES('Company','SwiftSprint@home.com','27');
INSERT INTO COMPANY (ID, CVR, DESCRIPTION, MARKETVALUE, NAME, NUMEMPLOYEES) VALUES('27','57789472','Cleaning','251312954','SwiftSprint','57');
INSERT INTO PHONE (DESCRIPTION, NUMBER) VALUES('Reception','32178468');
INSERT INTO INFOENTITY_PHONE (INFOENTITY_ID, PHONENUMBERS_ID) VALUES('27','41');

INSERT INTO ADDRESS (ADDITIONALINFO,STREET,CITYINFO_ID) VALUES('','Kirkevej 71','1167');
INSERT INTO INFOENTITY (DTYPE, EMAIL, ADDRESS_ID) VALUES('Company','SouthKnight@hotmail.dk','28');
INSERT INTO COMPANY (ID, CVR, DESCRIPTION, MARKETVALUE, NAME, NUMEMPLOYEES) VALUES('28','67733788','Sales','878758842','SouthKnight','141');
INSERT INTO PHONE (DESCRIPTION, NUMBER) VALUES('Kontor','52942289');
INSERT INTO INFOENTITY_PHONE (INFOENTITY_ID, PHONENUMBERS_ID) VALUES('28','42');

INSERT INTO ADDRESS (ADDITIONALINFO,STREET,CITYINFO_ID) VALUES('','Vestergade 68','451');
INSERT INTO INFOENTITY (DTYPE, EMAIL, ADDRESS_ID) VALUES('Company','CallBuilder@hotmail.com','29');
INSERT INTO COMPANY (ID, CVR, DESCRIPTION, MARKETVALUE, NAME, NUMEMPLOYEES) VALUES('29','55427098','Shopping','336342247','CallBuilder','29');
INSERT INTO PHONE (DESCRIPTION, NUMBER) VALUES('Kontor','50606771');
INSERT INTO INFOENTITY_PHONE (INFOENTITY_ID, PHONENUMBERS_ID) VALUES('29','43');
INSERT INTO PHONE (DESCRIPTION, NUMBER) VALUES('Reception','51784538');
INSERT INTO INFOENTITY_PHONE (INFOENTITY_ID, PHONENUMBERS_ID) VALUES('29','44');

INSERT INTO ADDRESS (ADDITIONALINFO,STREET,CITYINFO_ID) VALUES('','Vibevej 10','339');
INSERT INTO INFOENTITY (DTYPE, EMAIL, ADDRESS_ID) VALUES('Company','BigCell@live.dk','30');
INSERT INTO COMPANY (ID, CVR, DESCRIPTION, MARKETVALUE, NAME, NUMEMPLOYEES) VALUES('30','79313623','Cleaning','521675739','BigCell','151');
INSERT INTO PHONE (DESCRIPTION, NUMBER) VALUES('Kontor','81075742');
INSERT INTO INFOENTITY_PHONE (INFOENTITY_ID, PHONENUMBERS_ID) VALUES('30','45');
INSERT INTO PHONE (DESCRIPTION, NUMBER) VALUES('Kontor','33984307');
INSERT INTO INFOENTITY_PHONE (INFOENTITY_ID, PHONENUMBERS_ID) VALUES('30','46');

INSERT INTO ADDRESS (ADDITIONALINFO,STREET,CITYINFO_ID) VALUES('','Møllevej 84','648');
INSERT INTO INFOENTITY (DTYPE, EMAIL, ADDRESS_ID) VALUES('Person','Anna@work.com','31');
INSERT INTO PERSON (ID, FIRSTNAME, LASTNAME) VALUES('31','Anna','Hansen');
INSERT INTO PERSON_HOBBY (PERSONS_ID, HOBBIES_ID) VALUES('31','16');
INSERT INTO PHONE (DESCRIPTION, NUMBER) VALUES('Arbejde','28311284');
INSERT INTO INFOENTITY_PHONE (INFOENTITY_ID, PHONENUMBERS_ID) VALUES('31','47');

INSERT INTO ADDRESS (ADDITIONALINFO,STREET,CITYINFO_ID) VALUES('3. tv.','Egevej 50','539');
INSERT INTO INFOENTITY (DTYPE, EMAIL, ADDRESS_ID) VALUES('Company','SyncCenter@jubii.dk','32');
INSERT INTO COMPANY (ID, CVR, DESCRIPTION, MARKETVALUE, NAME, NUMEMPLOYEES) VALUES('32','66895343','Cleaning','407854564','SyncCenter','138');
INSERT INTO PHONE (DESCRIPTION, NUMBER) VALUES('Reception','35079953');
INSERT INTO INFOENTITY_PHONE (INFOENTITY_ID, PHONENUMBERS_ID) VALUES('32','48');
INSERT INTO PHONE (DESCRIPTION, NUMBER) VALUES('Kontor','73224858');
INSERT INTO INFOENTITY_PHONE (INFOENTITY_ID, PHONENUMBERS_ID) VALUES('32','49');

INSERT INTO ADDRESS (ADDITIONALINFO,STREET,CITYINFO_ID) VALUES('','Borgergade 43','437');
INSERT INTO INFOENTITY (DTYPE, EMAIL, ADDRESS_ID) VALUES('Person','Karl@msn.dk','33');
INSERT INTO PERSON (ID, FIRSTNAME, LASTNAME) VALUES('33','Karl','Carstensen');
INSERT INTO PERSON_HOBBY (PERSONS_ID, HOBBIES_ID) VALUES('33','10');
INSERT INTO PERSON_HOBBY (PERSONS_ID, HOBBIES_ID) VALUES('33','18');
INSERT INTO PHONE (DESCRIPTION, NUMBER) VALUES('Arbejde','90709960');
INSERT INTO INFOENTITY_PHONE (INFOENTITY_ID, PHONENUMBERS_ID) VALUES('33','50');
INSERT INTO PHONE (DESCRIPTION, NUMBER) VALUES('Arbejde','21940386');
INSERT INTO INFOENTITY_PHONE (INFOENTITY_ID, PHONENUMBERS_ID) VALUES('33','51');

INSERT INTO ADDRESS (ADDITIONALINFO,STREET,CITYINFO_ID) VALUES('','Lærkevej 32','871');
INSERT INTO INFOENTITY (DTYPE, EMAIL, ADDRESS_ID) VALUES('Company','SeriousCell@business.dk','34');
INSERT INTO COMPANY (ID, CVR, DESCRIPTION, MARKETVALUE, NAME, NUMEMPLOYEES) VALUES('34','49880917','Programming','163178081','SeriousCell','194');
INSERT INTO PHONE (DESCRIPTION, NUMBER) VALUES('Kontor','81132896');
INSERT INTO INFOENTITY_PHONE (INFOENTITY_ID, PHONENUMBERS_ID) VALUES('34','52');

INSERT INTO ADDRESS (ADDITIONALINFO,STREET,CITYINFO_ID) VALUES('','Jernbanegade 35','656');
INSERT INTO INFOENTITY (DTYPE, EMAIL, ADDRESS_ID) VALUES('Person','Benny@home.com','35');
INSERT INTO PERSON (ID, FIRSTNAME, LASTNAME) VALUES('35','Benny','Wiksøe');
INSERT INTO PERSON_HOBBY (PERSONS_ID, HOBBIES_ID) VALUES('35','19');
INSERT INTO PERSON_HOBBY (PERSONS_ID, HOBBIES_ID) VALUES('35','3');
INSERT INTO PHONE (DESCRIPTION, NUMBER) VALUES('Mobil','96619051');
INSERT INTO INFOENTITY_PHONE (INFOENTITY_ID, PHONENUMBERS_ID) VALUES('35','53');

INSERT INTO ADDRESS (ADDITIONALINFO,STREET,CITYINFO_ID) VALUES('st.','Hovedgaden 40','149');
INSERT INTO INFOENTITY (DTYPE, EMAIL, ADDRESS_ID) VALUES('Company','UniPort@live.dk','36');
INSERT INTO COMPANY (ID, CVR, DESCRIPTION, MARKETVALUE, NAME, NUMEMPLOYEES) VALUES('36','92483261','Retail','142329161','UniPort','93');
INSERT INTO PHONE (DESCRIPTION, NUMBER) VALUES('Kontor','39043673');
INSERT INTO INFOENTITY_PHONE (INFOENTITY_ID, PHONENUMBERS_ID) VALUES('36','54');

INSERT INTO ADDRESS (ADDITIONALINFO,STREET,CITYINFO_ID) VALUES('st.','Storegade 33','433');
INSERT INTO INFOENTITY (DTYPE, EMAIL, ADDRESS_ID) VALUES('Person','Inger@yahoo.com','37');
INSERT INTO PERSON (ID, FIRSTNAME, LASTNAME) VALUES('37','Inger','Svendsen');
INSERT INTO PERSON_HOBBY (PERSONS_ID, HOBBIES_ID) VALUES('37','13');
INSERT INTO PHONE (DESCRIPTION, NUMBER) VALUES('Hjem','87269624');
INSERT INTO INFOENTITY_PHONE (INFOENTITY_ID, PHONENUMBERS_ID) VALUES('37','55');

INSERT INTO ADDRESS (ADDITIONALINFO,STREET,CITYINFO_ID) VALUES('','Skovvej 75','984');
INSERT INTO INFOENTITY (DTYPE, EMAIL, ADDRESS_ID) VALUES('Company','BigSprint@live.com','38');
INSERT INTO COMPANY (ID, CVR, DESCRIPTION, MARKETVALUE, NAME, NUMEMPLOYEES) VALUES('38','40064344','Retail','309938688','BigSprint','22');
INSERT INTO PHONE (DESCRIPTION, NUMBER) VALUES('Reception','37144455');
INSERT INTO INFOENTITY_PHONE (INFOENTITY_ID, PHONENUMBERS_ID) VALUES('38','56');

INSERT INTO ADDRESS (ADDITIONALINFO,STREET,CITYINFO_ID) VALUES('4. th.','Møllevej 26','710');
INSERT INTO INFOENTITY (DTYPE, EMAIL, ADDRESS_ID) VALUES('Person','Einar@live.dk','39');
INSERT INTO PERSON (ID, FIRSTNAME, LASTNAME) VALUES('39','Einar','Wiksøe');
INSERT INTO PERSON_HOBBY (PERSONS_ID, HOBBIES_ID) VALUES('39','6');
INSERT INTO PERSON_HOBBY (PERSONS_ID, HOBBIES_ID) VALUES('39','12');
INSERT INTO PERSON_HOBBY (PERSONS_ID, HOBBIES_ID) VALUES('39','7');
INSERT INTO PHONE (DESCRIPTION, NUMBER) VALUES('Arbejde','78584402');
INSERT INTO INFOENTITY_PHONE (INFOENTITY_ID, PHONENUMBERS_ID) VALUES('39','57');

INSERT INTO ADDRESS (ADDITIONALINFO,STREET,CITYINFO_ID) VALUES('','Skovbakken 73','201');
INSERT INTO INFOENTITY (DTYPE, EMAIL, ADDRESS_ID) VALUES('Person','Kenny@hotmail.dk','40');
INSERT INTO PERSON (ID, FIRSTNAME, LASTNAME) VALUES('40','Kenny','Bentholm');
INSERT INTO PERSON_HOBBY (PERSONS_ID, HOBBIES_ID) VALUES('40','2');
INSERT INTO PERSON_HOBBY (PERSONS_ID, HOBBIES_ID) VALUES('40','10');
INSERT INTO PERSON_HOBBY (PERSONS_ID, HOBBIES_ID) VALUES('40','3');
INSERT INTO PHONE (DESCRIPTION, NUMBER) VALUES('Arbejde','77578519');
INSERT INTO INFOENTITY_PHONE (INFOENTITY_ID, PHONENUMBERS_ID) VALUES('40','58');

INSERT INTO ADDRESS (ADDITIONALINFO,STREET,CITYINFO_ID) VALUES('','Stationsvej 25','463');
INSERT INTO INFOENTITY (DTYPE, EMAIL, ADDRESS_ID) VALUES('Company','SwiftBuilder@work.com','41');
INSERT INTO COMPANY (ID, CVR, DESCRIPTION, MARKETVALUE, NAME, NUMEMPLOYEES) VALUES('41','11425088','Education','142932516','SwiftBuilder','171');
INSERT INTO PHONE (DESCRIPTION, NUMBER) VALUES('Reception','85938641');
INSERT INTO INFOENTITY_PHONE (INFOENTITY_ID, PHONENUMBERS_ID) VALUES('41','59');
INSERT INTO PHONE (DESCRIPTION, NUMBER) VALUES('Reception','60931904');
INSERT INTO INFOENTITY_PHONE (INFOENTITY_ID, PHONENUMBERS_ID) VALUES('41','60');

INSERT INTO ADDRESS (ADDITIONALINFO,STREET,CITYINFO_ID) VALUES('','Borgergade 74','65');
INSERT INTO INFOENTITY (DTYPE, EMAIL, ADDRESS_ID) VALUES('Person','Jens@yahoo.com','42');
INSERT INTO PERSON (ID, FIRSTNAME, LASTNAME) VALUES('42','Jens','Ardberg');
INSERT INTO PERSON_HOBBY (PERSONS_ID, HOBBIES_ID) VALUES('42','9');
INSERT INTO PHONE (DESCRIPTION, NUMBER) VALUES('Mobil','30504518');
INSERT INTO INFOENTITY_PHONE (INFOENTITY_ID, PHONENUMBERS_ID) VALUES('42','61');
INSERT INTO PHONE (DESCRIPTION, NUMBER) VALUES('Mobil','82445703');
INSERT INTO INFOENTITY_PHONE (INFOENTITY_ID, PHONENUMBERS_ID) VALUES('42','62');

INSERT INTO ADDRESS (ADDITIONALINFO,STREET,CITYINFO_ID) VALUES('','Vibevej 24','1232');
INSERT INTO INFOENTITY (DTYPE, EMAIL, ADDRESS_ID) VALUES('Person','Lea@yahoo.com','43');
INSERT INTO PERSON (ID, FIRSTNAME, LASTNAME) VALUES('43','Lea','Eilersen');
INSERT INTO PERSON_HOBBY (PERSONS_ID, HOBBIES_ID) VALUES('43','6');
INSERT INTO PERSON_HOBBY (PERSONS_ID, HOBBIES_ID) VALUES('43','19');
INSERT INTO PERSON_HOBBY (PERSONS_ID, HOBBIES_ID) VALUES('43','14');
INSERT INTO PHONE (DESCRIPTION, NUMBER) VALUES('Hjem','63779387');
INSERT INTO INFOENTITY_PHONE (INFOENTITY_ID, PHONENUMBERS_ID) VALUES('43','63');

INSERT INTO ADDRESS (ADDITIONALINFO,STREET,CITYINFO_ID) VALUES('4. th.','Stormgade 37','1201');
INSERT INTO INFOENTITY (DTYPE, EMAIL, ADDRESS_ID) VALUES('Company','InfoCenter@jubii.dk','44');
INSERT INTO COMPANY (ID, CVR, DESCRIPTION, MARKETVALUE, NAME, NUMEMPLOYEES) VALUES('44','50999148','Sales','326642262','InfoCenter','116');
INSERT INTO PHONE (DESCRIPTION, NUMBER) VALUES('Kontor','78478807');
INSERT INTO INFOENTITY_PHONE (INFOENTITY_ID, PHONENUMBERS_ID) VALUES('44','64');

INSERT INTO ADDRESS (ADDITIONALINFO,STREET,CITYINFO_ID) VALUES('','Borgergade 15','1306');
INSERT INTO INFOENTITY (DTYPE, EMAIL, ADDRESS_ID) VALUES('Person','Ole@gmail.com','45');
INSERT INTO PERSON (ID, FIRSTNAME, LASTNAME) VALUES('45','Ole','Larsem');
INSERT INTO PERSON_HOBBY (PERSONS_ID, HOBBIES_ID) VALUES('45','11');
INSERT INTO PERSON_HOBBY (PERSONS_ID, HOBBIES_ID) VALUES('45','2');
INSERT INTO PHONE (DESCRIPTION, NUMBER) VALUES('Mobil','21596556');
INSERT INTO INFOENTITY_PHONE (INFOENTITY_ID, PHONENUMBERS_ID) VALUES('45','65');

INSERT INTO ADDRESS (ADDITIONALINFO,STREET,CITYINFO_ID) VALUES('','Vibevej 85','1216');
INSERT INTO INFOENTITY (DTYPE, EMAIL, ADDRESS_ID) VALUES('Person','Andrea@home.com','46');
INSERT INTO PERSON (ID, FIRSTNAME, LASTNAME) VALUES('46','Andrea','Underberg');
INSERT INTO PERSON_HOBBY (PERSONS_ID, HOBBIES_ID) VALUES('46','20');
INSERT INTO PHONE (DESCRIPTION, NUMBER) VALUES('Hjem','88811096');
INSERT INTO INFOENTITY_PHONE (INFOENTITY_ID, PHONENUMBERS_ID) VALUES('46','66');

INSERT INTO ADDRESS (ADDITIONALINFO,STREET,CITYINFO_ID) VALUES('','Ågade 41','772');
INSERT INTO INFOENTITY (DTYPE, EMAIL, ADDRESS_ID) VALUES('Company','SwiftSolutions@data.com','47');
INSERT INTO COMPANY (ID, CVR, DESCRIPTION, MARKETVALUE, NAME, NUMEMPLOYEES) VALUES('47','79753217','Medicine','769161510','SwiftSolutions','193');
INSERT INTO PHONE (DESCRIPTION, NUMBER) VALUES('Reception','22287302');
INSERT INTO INFOENTITY_PHONE (INFOENTITY_ID, PHONENUMBERS_ID) VALUES('47','67');
INSERT INTO PHONE (DESCRIPTION, NUMBER) VALUES('Kontor','48499444');
INSERT INTO INFOENTITY_PHONE (INFOENTITY_ID, PHONENUMBERS_ID) VALUES('47','68');

INSERT INTO ADDRESS (ADDITIONALINFO,STREET,CITYINFO_ID) VALUES('','Engvej 9','460');
INSERT INTO INFOENTITY (DTYPE, EMAIL, ADDRESS_ID) VALUES('Company','SamCenter@yahoo.com','48');
INSERT INTO COMPANY (ID, CVR, DESCRIPTION, MARKETVALUE, NAME, NUMEMPLOYEES) VALUES('48','68893253','Human Ressources','428851858','SamCenter','19');
INSERT INTO PHONE (DESCRIPTION, NUMBER) VALUES('Reception','32346231');
INSERT INTO INFOENTITY_PHONE (INFOENTITY_ID, PHONENUMBERS_ID) VALUES('48','69');

INSERT INTO ADDRESS (ADDITIONALINFO,STREET,CITYINFO_ID) VALUES('','Skovvej 14','1129');
INSERT INTO INFOENTITY (DTYPE, EMAIL, ADDRESS_ID) VALUES('Company','SyncData@home.com','49');
INSERT INTO COMPANY (ID, CVR, DESCRIPTION, MARKETVALUE, NAME, NUMEMPLOYEES) VALUES('49','67560047','Programming','331988353','SyncData','88');
INSERT INTO PHONE (DESCRIPTION, NUMBER) VALUES('Kontor','70602171');
INSERT INTO INFOENTITY_PHONE (INFOENTITY_ID, PHONENUMBERS_ID) VALUES('49','70');

INSERT INTO ADDRESS (ADDITIONALINFO,STREET,CITYINFO_ID) VALUES('','Violvej 86','1339');
INSERT INTO INFOENTITY (DTYPE, EMAIL, ADDRESS_ID) VALUES('Company','EastCom@live.dk','50');
INSERT INTO COMPANY (ID, CVR, DESCRIPTION, MARKETVALUE, NAME, NUMEMPLOYEES) VALUES('50','78422064','Shopping','214410185','EastCom','135');
INSERT INTO PHONE (DESCRIPTION, NUMBER) VALUES('Kontor','35395060');
INSERT INTO INFOENTITY_PHONE (INFOENTITY_ID, PHONENUMBERS_ID) VALUES('50','71');

INSERT INTO ADDRESS (ADDITIONALINFO,STREET,CITYINFO_ID) VALUES('','Borgergade 91','801');
INSERT INTO INFOENTITY (DTYPE, EMAIL, ADDRESS_ID) VALUES('Company','InfoEnterprise@gmail.com','51');
INSERT INTO COMPANY (ID, CVR, DESCRIPTION, MARKETVALUE, NAME, NUMEMPLOYEES) VALUES('51','59882972','Production','751678453','InfoEnterprise','179');
INSERT INTO PHONE (DESCRIPTION, NUMBER) VALUES('Reception','61258222');
INSERT INTO INFOENTITY_PHONE (INFOENTITY_ID, PHONENUMBERS_ID) VALUES('51','72');

INSERT INTO ADDRESS (ADDITIONALINFO,STREET,CITYINFO_ID) VALUES('4. th.','Egevej 51','629');
INSERT INTO INFOENTITY (DTYPE, EMAIL, ADDRESS_ID) VALUES('Company','SoftPartner@data.com','52');
INSERT INTO COMPANY (ID, CVR, DESCRIPTION, MARKETVALUE, NAME, NUMEMPLOYEES) VALUES('52','54355841','Medicine','964143040','SoftPartner','173');
INSERT INTO PHONE (DESCRIPTION, NUMBER) VALUES('Reception','89407430');
INSERT INTO INFOENTITY_PHONE (INFOENTITY_ID, PHONENUMBERS_ID) VALUES('52','73');
INSERT INTO PHONE (DESCRIPTION, NUMBER) VALUES('Reception','60862186');
INSERT INTO INFOENTITY_PHONE (INFOENTITY_ID, PHONENUMBERS_ID) VALUES('52','74');

INSERT INTO ADDRESS (ADDITIONALINFO,STREET,CITYINFO_ID) VALUES('','Skolegade 52','318');
INSERT INTO INFOENTITY (DTYPE, EMAIL, ADDRESS_ID) VALUES('Person','Ida@jubii.dk','53');
INSERT INTO PERSON (ID, FIRSTNAME, LASTNAME) VALUES('53','Ida','Madsen');
INSERT INTO PHONE (DESCRIPTION, NUMBER) VALUES('Hjem','72226662');
INSERT INTO INFOENTITY_PHONE (INFOENTITY_ID, PHONENUMBERS_ID) VALUES('53','75');
INSERT INTO PHONE (DESCRIPTION, NUMBER) VALUES('Mobil','37870840');
INSERT INTO INFOENTITY_PHONE (INFOENTITY_ID, PHONENUMBERS_ID) VALUES('53','76');

INSERT INTO ADDRESS (ADDITIONALINFO,STREET,CITYINFO_ID) VALUES('1. th.','Langgade 50','87');
INSERT INTO INFOENTITY (DTYPE, EMAIL, ADDRESS_ID) VALUES('Company','OmniCenter@msn.dk','54');
INSERT INTO COMPANY (ID, CVR, DESCRIPTION, MARKETVALUE, NAME, NUMEMPLOYEES) VALUES('54','64480597','Hardware','372442562','OmniCenter','50');
INSERT INTO PHONE (DESCRIPTION, NUMBER) VALUES('Reception','19580227');
INSERT INTO INFOENTITY_PHONE (INFOENTITY_ID, PHONENUMBERS_ID) VALUES('54','77');
INSERT INTO PHONE (DESCRIPTION, NUMBER) VALUES('Reception','78282359');
INSERT INTO INFOENTITY_PHONE (INFOENTITY_ID, PHONENUMBERS_ID) VALUES('54','78');

INSERT INTO ADDRESS (ADDITIONALINFO,STREET,CITYINFO_ID) VALUES('4. tv.','Søndegade 18','805');
INSERT INTO INFOENTITY (DTYPE, EMAIL, ADDRESS_ID) VALUES('Company','SouthCom@msn.dk','55');
INSERT INTO COMPANY (ID, CVR, DESCRIPTION, MARKETVALUE, NAME, NUMEMPLOYEES) VALUES('55','99705387','Sales','627719114','SouthCom','111');
INSERT INTO PHONE (DESCRIPTION, NUMBER) VALUES('Reception','80263952');
INSERT INTO INFOENTITY_PHONE (INFOENTITY_ID, PHONENUMBERS_ID) VALUES('55','79');

INSERT INTO ADDRESS (ADDITIONALINFO,STREET,CITYINFO_ID) VALUES('','Vibevej 89','1181');
INSERT INTO INFOENTITY (DTYPE, EMAIL, ADDRESS_ID) VALUES('Company','UniFirm@gmail.com','56');
INSERT INTO COMPANY (ID, CVR, DESCRIPTION, MARKETVALUE, NAME, NUMEMPLOYEES) VALUES('56','64724311','Shopping','50850800','UniFirm','151');
INSERT INTO PHONE (DESCRIPTION, NUMBER) VALUES('Kontor','24872868');
INSERT INTO INFOENTITY_PHONE (INFOENTITY_ID, PHONENUMBERS_ID) VALUES('56','80');
INSERT INTO PHONE (DESCRIPTION, NUMBER) VALUES('Reception','20333384');
INSERT INTO INFOENTITY_PHONE (INFOENTITY_ID, PHONENUMBERS_ID) VALUES('56','81');

INSERT INTO ADDRESS (ADDITIONALINFO,STREET,CITYINFO_ID) VALUES('','Skovbakken 29','564');
INSERT INTO INFOENTITY (DTYPE, EMAIL, ADDRESS_ID) VALUES('Company','OmniEnterprise@office.dk','57');
INSERT INTO COMPANY (ID, CVR, DESCRIPTION, MARKETVALUE, NAME, NUMEMPLOYEES) VALUES('57','65283371','Sales','70296515','OmniEnterprise','162');
INSERT INTO PHONE (DESCRIPTION, NUMBER) VALUES('Kontor','10382889');
INSERT INTO INFOENTITY_PHONE (INFOENTITY_ID, PHONENUMBERS_ID) VALUES('57','82');

INSERT INTO ADDRESS (ADDITIONALINFO,STREET,CITYINFO_ID) VALUES('','Skovvej 70','898');
INSERT INTO INFOENTITY (DTYPE, EMAIL, ADDRESS_ID) VALUES('Company','NorthImport@hotmail.com','58');
INSERT INTO COMPANY (ID, CVR, DESCRIPTION, MARKETVALUE, NAME, NUMEMPLOYEES) VALUES('58','95597886','Education','729287680','NorthImport','103');
INSERT INTO PHONE (DESCRIPTION, NUMBER) VALUES('Reception','20646357');
INSERT INTO INFOENTITY_PHONE (INFOENTITY_ID, PHONENUMBERS_ID) VALUES('58','83');

INSERT INTO ADDRESS (ADDITIONALINFO,STREET,CITYINFO_ID) VALUES('','Skolegade 23','126');
INSERT INTO INFOENTITY (DTYPE, EMAIL, ADDRESS_ID) VALUES('Company','NewFirm@msn.com','59');
INSERT INTO COMPANY (ID, CVR, DESCRIPTION, MARKETVALUE, NAME, NUMEMPLOYEES) VALUES('59','66945460','Software','315382078','NewFirm','92');
INSERT INTO PHONE (DESCRIPTION, NUMBER) VALUES('Kontor','94713324');
INSERT INTO INFOENTITY_PHONE (INFOENTITY_ID, PHONENUMBERS_ID) VALUES('59','84');
INSERT INTO PHONE (DESCRIPTION, NUMBER) VALUES('Reception','31554284');
INSERT INTO INFOENTITY_PHONE (INFOENTITY_ID, PHONENUMBERS_ID) VALUES('59','85');

INSERT INTO ADDRESS (ADDITIONALINFO,STREET,CITYINFO_ID) VALUES('3. tv.','Birkevej 30','768');
INSERT INTO INFOENTITY (DTYPE, EMAIL, ADDRESS_ID) VALUES('Company','SiriusCom@hotmail.dk','60');
INSERT INTO COMPANY (ID, CVR, DESCRIPTION, MARKETVALUE, NAME, NUMEMPLOYEES) VALUES('60','92378150','Hardware','974382037','SiriusCom','94');
INSERT INTO PHONE (DESCRIPTION, NUMBER) VALUES('Reception','52363025');
INSERT INTO INFOENTITY_PHONE (INFOENTITY_ID, PHONENUMBERS_ID) VALUES('60','86');

INSERT INTO ADDRESS (ADDITIONALINFO,STREET,CITYINFO_ID) VALUES('4. tv.','Møllevej 61','693');
INSERT INTO INFOENTITY (DTYPE, EMAIL, ADDRESS_ID) VALUES('Person','Lea@live.dk','61');
INSERT INTO PERSON (ID, FIRSTNAME, LASTNAME) VALUES('61','Lea','Andersen');
INSERT INTO PERSON_HOBBY (PERSONS_ID, HOBBIES_ID) VALUES('61','4');
INSERT INTO PHONE (DESCRIPTION, NUMBER) VALUES('Arbejde','22794460');
INSERT INTO INFOENTITY_PHONE (INFOENTITY_ID, PHONENUMBERS_ID) VALUES('61','87');

INSERT INTO ADDRESS (ADDITIONALINFO,STREET,CITYINFO_ID) VALUES('','Nygade 57','373');
INSERT INTO INFOENTITY (DTYPE, EMAIL, ADDRESS_ID) VALUES('Person','Signe@business.dk','62');
INSERT INTO PERSON (ID, FIRSTNAME, LASTNAME) VALUES('62','Signe','Klausen');
INSERT INTO PERSON_HOBBY (PERSONS_ID, HOBBIES_ID) VALUES('62','15');
INSERT INTO PHONE (DESCRIPTION, NUMBER) VALUES('Hjem','28486322');
INSERT INTO INFOENTITY_PHONE (INFOENTITY_ID, PHONENUMBERS_ID) VALUES('62','88');

INSERT INTO ADDRESS (ADDITIONALINFO,STREET,CITYINFO_ID) VALUES('','Nørregade 68','1160');
INSERT INTO INFOENTITY (DTYPE, EMAIL, ADDRESS_ID) VALUES('Company','CityOrg@hotmail.com','63');
INSERT INTO COMPANY (ID, CVR, DESCRIPTION, MARKETVALUE, NAME, NUMEMPLOYEES) VALUES('63','20233494','Medicine','690670564','CityOrg','132');
INSERT INTO PHONE (DESCRIPTION, NUMBER) VALUES('Reception','49898543');
INSERT INTO INFOENTITY_PHONE (INFOENTITY_ID, PHONENUMBERS_ID) VALUES('63','89');

INSERT INTO ADDRESS (ADDITIONALINFO,STREET,CITYINFO_ID) VALUES('st.','Violvej 0','509');
INSERT INTO INFOENTITY (DTYPE, EMAIL, ADDRESS_ID) VALUES('Person','Ida@hotmail.dk','64');
INSERT INTO PERSON (ID, FIRSTNAME, LASTNAME) VALUES('64','Ida','Larsem');
INSERT INTO PERSON_HOBBY (PERSONS_ID, HOBBIES_ID) VALUES('64','15');
INSERT INTO PERSON_HOBBY (PERSONS_ID, HOBBIES_ID) VALUES('64','14');
INSERT INTO PHONE (DESCRIPTION, NUMBER) VALUES('Arbejde','38088012');
INSERT INTO INFOENTITY_PHONE (INFOENTITY_ID, PHONENUMBERS_ID) VALUES('64','90');
INSERT INTO PHONE (DESCRIPTION, NUMBER) VALUES('Arbejde','18558578');
INSERT INTO INFOENTITY_PHONE (INFOENTITY_ID, PHONENUMBERS_ID) VALUES('64','91');

INSERT INTO ADDRESS (ADDITIONALINFO,STREET,CITYINFO_ID) VALUES('','Møllevej 5','511');
INSERT INTO INFOENTITY (DTYPE, EMAIL, ADDRESS_ID) VALUES('Person','Dorte@msn.com','65');
INSERT INTO PERSON (ID, FIRSTNAME, LASTNAME) VALUES('65','Dorte','Larsem');
INSERT INTO PERSON_HOBBY (PERSONS_ID, HOBBIES_ID) VALUES('65','8');
INSERT INTO PERSON_HOBBY (PERSONS_ID, HOBBIES_ID) VALUES('65','18');
INSERT INTO PERSON_HOBBY (PERSONS_ID, HOBBIES_ID) VALUES('65','10');
INSERT INTO PHONE (DESCRIPTION, NUMBER) VALUES('Mobil','95878072');
INSERT INTO INFOENTITY_PHONE (INFOENTITY_ID, PHONENUMBERS_ID) VALUES('65','92');
INSERT INTO PHONE (DESCRIPTION, NUMBER) VALUES('Mobil','60348097');
INSERT INTO INFOENTITY_PHONE (INFOENTITY_ID, PHONENUMBERS_ID) VALUES('65','93');

INSERT INTO ADDRESS (ADDITIONALINFO,STREET,CITYINFO_ID) VALUES('','Violvej 2','236');
INSERT INTO INFOENTITY (DTYPE, EMAIL, ADDRESS_ID) VALUES('Person','Holger@yahoo.com','66');
INSERT INTO PERSON (ID, FIRSTNAME, LASTNAME) VALUES('66','Holger','Skov');
INSERT INTO PERSON_HOBBY (PERSONS_ID, HOBBIES_ID) VALUES('66','15');
INSERT INTO PERSON_HOBBY (PERSONS_ID, HOBBIES_ID) VALUES('66','14');
INSERT INTO PERSON_HOBBY (PERSONS_ID, HOBBIES_ID) VALUES('66','3');
INSERT INTO PHONE (DESCRIPTION, NUMBER) VALUES('Mobil','89260646');
INSERT INTO INFOENTITY_PHONE (INFOENTITY_ID, PHONENUMBERS_ID) VALUES('66','94');

INSERT INTO ADDRESS (ADDITIONALINFO,STREET,CITYINFO_ID) VALUES('','Jernbanegade 32','12');
INSERT INTO INFOENTITY (DTYPE, EMAIL, ADDRESS_ID) VALUES('Company','NewImport@hotmail.com','67');
INSERT INTO COMPANY (ID, CVR, DESCRIPTION, MARKETVALUE, NAME, NUMEMPLOYEES) VALUES('67','24204979','Hardware','957536285','NewImport','125');
INSERT INTO PHONE (DESCRIPTION, NUMBER) VALUES('Reception','90587679');
INSERT INTO INFOENTITY_PHONE (INFOENTITY_ID, PHONENUMBERS_ID) VALUES('67','95');

INSERT INTO ADDRESS (ADDITIONALINFO,STREET,CITYINFO_ID) VALUES('','Søndegade 78','997');
INSERT INTO INFOENTITY (DTYPE, EMAIL, ADDRESS_ID) VALUES('Person','Rene@home.com','68');
INSERT INTO PERSON (ID, FIRSTNAME, LASTNAME) VALUES('68','Rene','Torp');
INSERT INTO PERSON_HOBBY (PERSONS_ID, HOBBIES_ID) VALUES('68','12');
INSERT INTO PERSON_HOBBY (PERSONS_ID, HOBBIES_ID) VALUES('68','9');
INSERT INTO PHONE (DESCRIPTION, NUMBER) VALUES('Arbejde','94890991');
INSERT INTO INFOENTITY_PHONE (INFOENTITY_ID, PHONENUMBERS_ID) VALUES('68','96');

INSERT INTO ADDRESS (ADDITIONALINFO,STREET,CITYINFO_ID) VALUES('','Borgergade 28','477');
INSERT INTO INFOENTITY (DTYPE, EMAIL, ADDRESS_ID) VALUES('Company','PolySolutions@business.dk','69');
INSERT INTO COMPANY (ID, CVR, DESCRIPTION, MARKETVALUE, NAME, NUMEMPLOYEES) VALUES('69','76766355','Sales','882125899','PolySolutions','12');
INSERT INTO PHONE (DESCRIPTION, NUMBER) VALUES('Kontor','79329972');
INSERT INTO INFOENTITY_PHONE (INFOENTITY_ID, PHONENUMBERS_ID) VALUES('69','97');

INSERT INTO ADDRESS (ADDITIONALINFO,STREET,CITYINFO_ID) VALUES('st.','Ågade 23','100');
INSERT INTO INFOENTITY (DTYPE, EMAIL, ADDRESS_ID) VALUES('Person','Per@hotmail.com','70');
INSERT INTO PERSON (ID, FIRSTNAME, LASTNAME) VALUES('70','Per','Meinholt');
INSERT INTO PERSON_HOBBY (PERSONS_ID, HOBBIES_ID) VALUES('70','11');
INSERT INTO PERSON_HOBBY (PERSONS_ID, HOBBIES_ID) VALUES('70','10');
INSERT INTO PHONE (DESCRIPTION, NUMBER) VALUES('Hjem','91394352');
INSERT INTO INFOENTITY_PHONE (INFOENTITY_ID, PHONENUMBERS_ID) VALUES('70','98');
INSERT INTO PHONE (DESCRIPTION, NUMBER) VALUES('Mobil','93161223');
INSERT INTO INFOENTITY_PHONE (INFOENTITY_ID, PHONENUMBERS_ID) VALUES('70','99');

INSERT INTO ADDRESS (ADDITIONALINFO,STREET,CITYINFO_ID) VALUES('','Egevej 78','629');
INSERT INTO INFOENTITY (DTYPE, EMAIL, ADDRESS_ID) VALUES('Company','CallSide@data.com','71');
INSERT INTO COMPANY (ID, CVR, DESCRIPTION, MARKETVALUE, NAME, NUMEMPLOYEES) VALUES('71','19496227','Shopping','876546696','CallSide','158');
INSERT INTO PHONE (DESCRIPTION, NUMBER) VALUES('Kontor','52851038');
INSERT INTO INFOENTITY_PHONE (INFOENTITY_ID, PHONENUMBERS_ID) VALUES('71','100');
INSERT INTO PHONE (DESCRIPTION, NUMBER) VALUES('Kontor','82188851');
INSERT INTO INFOENTITY_PHONE (INFOENTITY_ID, PHONENUMBERS_ID) VALUES('71','101');

INSERT INTO ADDRESS (ADDITIONALINFO,STREET,CITYINFO_ID) VALUES('1. tv.','Ågade 8','361');
INSERT INTO INFOENTITY (DTYPE, EMAIL, ADDRESS_ID) VALUES('Company','SiriusPartner@gmail.com','72');
INSERT INTO COMPANY (ID, CVR, DESCRIPTION, MARKETVALUE, NAME, NUMEMPLOYEES) VALUES('72','80419318','Production','110363834','SiriusPartner','174');
INSERT INTO PHONE (DESCRIPTION, NUMBER) VALUES('Reception','32442679');
INSERT INTO INFOENTITY_PHONE (INFOENTITY_ID, PHONENUMBERS_ID) VALUES('72','102');

INSERT INTO ADDRESS (ADDITIONALINFO,STREET,CITYINFO_ID) VALUES('','Solbakken 69','621');
INSERT INTO INFOENTITY (DTYPE, EMAIL, ADDRESS_ID) VALUES('Company','EastExport@live.dk','73');
INSERT INTO COMPANY (ID, CVR, DESCRIPTION, MARKETVALUE, NAME, NUMEMPLOYEES) VALUES('73','46715334','Shopping','980309343','EastExport','103');
INSERT INTO PHONE (DESCRIPTION, NUMBER) VALUES('Kontor','85487332');
INSERT INTO INFOENTITY_PHONE (INFOENTITY_ID, PHONENUMBERS_ID) VALUES('73','103');
INSERT INTO PHONE (DESCRIPTION, NUMBER) VALUES('Reception','31259341');
INSERT INTO INFOENTITY_PHONE (INFOENTITY_ID, PHONENUMBERS_ID) VALUES('73','104');

INSERT INTO ADDRESS (ADDITIONALINFO,STREET,CITYINFO_ID) VALUES('','Vibevej 98','241');
INSERT INTO INFOENTITY (DTYPE, EMAIL, ADDRESS_ID) VALUES('Company','SyncCenter@hotmail.com','74');
INSERT INTO COMPANY (ID, CVR, DESCRIPTION, MARKETVALUE, NAME, NUMEMPLOYEES) VALUES('74','20041282','Investment','517712369','SyncCenter','7');
INSERT INTO PHONE (DESCRIPTION, NUMBER) VALUES('Reception','10940498');
INSERT INTO INFOENTITY_PHONE (INFOENTITY_ID, PHONENUMBERS_ID) VALUES('74','105');

INSERT INTO ADDRESS (ADDITIONALINFO,STREET,CITYINFO_ID) VALUES('','Violvej 34','495');
INSERT INTO INFOENTITY (DTYPE, EMAIL, ADDRESS_ID) VALUES('Person','Lone@live.com','75');
INSERT INTO PERSON (ID, FIRSTNAME, LASTNAME) VALUES('75','Lone','Svendsen');
INSERT INTO PERSON_HOBBY (PERSONS_ID, HOBBIES_ID) VALUES('75','15');
INSERT INTO PERSON_HOBBY (PERSONS_ID, HOBBIES_ID) VALUES('75','14');
INSERT INTO PHONE (DESCRIPTION, NUMBER) VALUES('Mobil','64082368');
INSERT INTO INFOENTITY_PHONE (INFOENTITY_ID, PHONENUMBERS_ID) VALUES('75','106');
INSERT INTO PHONE (DESCRIPTION, NUMBER) VALUES('Mobil','62743208');
INSERT INTO INFOENTITY_PHONE (INFOENTITY_ID, PHONENUMBERS_ID) VALUES('75','107');

INSERT INTO ADDRESS (ADDITIONALINFO,STREET,CITYINFO_ID) VALUES('','Vestergade 97','60');
INSERT INTO INFOENTITY (DTYPE, EMAIL, ADDRESS_ID) VALUES('Person','Beate@jubii.dk','76');
INSERT INTO PERSON (ID, FIRSTNAME, LASTNAME) VALUES('76','Beate','Hansen');
INSERT INTO PERSON_HOBBY (PERSONS_ID, HOBBIES_ID) VALUES('76','3');
INSERT INTO PERSON_HOBBY (PERSONS_ID, HOBBIES_ID) VALUES('76','8');
INSERT INTO PHONE (DESCRIPTION, NUMBER) VALUES('Hjem','72157629');
INSERT INTO INFOENTITY_PHONE (INFOENTITY_ID, PHONENUMBERS_ID) VALUES('76','108');
INSERT INTO PHONE (DESCRIPTION, NUMBER) VALUES('Hjem','33871266');
INSERT INTO INFOENTITY_PHONE (INFOENTITY_ID, PHONENUMBERS_ID) VALUES('76','109');

INSERT INTO ADDRESS (ADDITIONALINFO,STREET,CITYINFO_ID) VALUES('','Nygade 17','41');
INSERT INTO INFOENTITY (DTYPE, EMAIL, ADDRESS_ID) VALUES('Person','Louise@live.com','77');
INSERT INTO PERSON (ID, FIRSTNAME, LASTNAME) VALUES('77','Louise','Klausen');
INSERT INTO PERSON_HOBBY (PERSONS_ID, HOBBIES_ID) VALUES('77','3');
INSERT INTO PERSON_HOBBY (PERSONS_ID, HOBBIES_ID) VALUES('77','13');
INSERT INTO PERSON_HOBBY (PERSONS_ID, HOBBIES_ID) VALUES('77','7');
INSERT INTO PHONE (DESCRIPTION, NUMBER) VALUES('Mobil','28677544');
INSERT INTO INFOENTITY_PHONE (INFOENTITY_ID, PHONENUMBERS_ID) VALUES('77','110');

INSERT INTO ADDRESS (ADDITIONALINFO,STREET,CITYINFO_ID) VALUES('','Ågade 49','1187');
INSERT INTO INFOENTITY (DTYPE, EMAIL, ADDRESS_ID) VALUES('Person','Tove@data.com','78');
INSERT INTO PERSON (ID, FIRSTNAME, LASTNAME) VALUES('78','Tove','Ålbæk');
INSERT INTO PERSON_HOBBY (PERSONS_ID, HOBBIES_ID) VALUES('78','20');
INSERT INTO PHONE (DESCRIPTION, NUMBER) VALUES('Mobil','75090298');
INSERT INTO INFOENTITY_PHONE (INFOENTITY_ID, PHONENUMBERS_ID) VALUES('78','111');
INSERT INTO PHONE (DESCRIPTION, NUMBER) VALUES('Hjem','27728118');
INSERT INTO INFOENTITY_PHONE (INFOENTITY_ID, PHONENUMBERS_ID) VALUES('78','112');

INSERT INTO ADDRESS (ADDITIONALINFO,STREET,CITYINFO_ID) VALUES('','Borgergade 69','626');
INSERT INTO INFOENTITY (DTYPE, EMAIL, ADDRESS_ID) VALUES('Person','Lise@office.dk','79');
INSERT INTO PERSON (ID, FIRSTNAME, LASTNAME) VALUES('79','Lise','Meinholt');
INSERT INTO PERSON_HOBBY (PERSONS_ID, HOBBIES_ID) VALUES('79','11');
INSERT INTO PERSON_HOBBY (PERSONS_ID, HOBBIES_ID) VALUES('79','12');
INSERT INTO PHONE (DESCRIPTION, NUMBER) VALUES('Arbejde','19364575');
INSERT INTO INFOENTITY_PHONE (INFOENTITY_ID, PHONENUMBERS_ID) VALUES('79','113');
INSERT INTO PHONE (DESCRIPTION, NUMBER) VALUES('Arbejde','83930933');
INSERT INTO INFOENTITY_PHONE (INFOENTITY_ID, PHONENUMBERS_ID) VALUES('79','114');

INSERT INTO ADDRESS (ADDITIONALINFO,STREET,CITYINFO_ID) VALUES('3. th.','Solbakken 95','301');
INSERT INTO INFOENTITY (DTYPE, EMAIL, ADDRESS_ID) VALUES('Person','Beate@hotmail.com','80');
INSERT INTO PERSON (ID, FIRSTNAME, LASTNAME) VALUES('80','Beate','Ålbæk');
INSERT INTO PHONE (DESCRIPTION, NUMBER) VALUES('Mobil','16207750');
INSERT INTO INFOENTITY_PHONE (INFOENTITY_ID, PHONENUMBERS_ID) VALUES('80','115');

INSERT INTO ADDRESS (ADDITIONALINFO,STREET,CITYINFO_ID) VALUES('','Nygade 59','783');
INSERT INTO INFOENTITY (DTYPE, EMAIL, ADDRESS_ID) VALUES('Person','Niels@yahoo.com','81');
INSERT INTO PERSON (ID, FIRSTNAME, LASTNAME) VALUES('81','Niels','Torp');
INSERT INTO PERSON_HOBBY (PERSONS_ID, HOBBIES_ID) VALUES('81','10');
INSERT INTO PERSON_HOBBY (PERSONS_ID, HOBBIES_ID) VALUES('81','2');
INSERT INTO PERSON_HOBBY (PERSONS_ID, HOBBIES_ID) VALUES('81','3');
INSERT INTO PHONE (DESCRIPTION, NUMBER) VALUES('Mobil','66168438');
INSERT INTO INFOENTITY_PHONE (INFOENTITY_ID, PHONENUMBERS_ID) VALUES('81','116');

INSERT INTO ADDRESS (ADDITIONALINFO,STREET,CITYINFO_ID) VALUES('','Østergade 48','1215');
INSERT INTO INFOENTITY (DTYPE, EMAIL, ADDRESS_ID) VALUES('Company','UpCenter@hotmail.com','82');
INSERT INTO COMPANY (ID, CVR, DESCRIPTION, MARKETVALUE, NAME, NUMEMPLOYEES) VALUES('82','35301813','Cleaning','890271638','UpCenter','64');
INSERT INTO PHONE (DESCRIPTION, NUMBER) VALUES('Reception','12975842');
INSERT INTO INFOENTITY_PHONE (INFOENTITY_ID, PHONENUMBERS_ID) VALUES('82','117');
INSERT INTO PHONE (DESCRIPTION, NUMBER) VALUES('Kontor','12894263');
INSERT INTO INFOENTITY_PHONE (INFOENTITY_ID, PHONENUMBERS_ID) VALUES('82','118');

INSERT INTO ADDRESS (ADDITIONALINFO,STREET,CITYINFO_ID) VALUES('','Storegade 61','634');
INSERT INTO INFOENTITY (DTYPE, EMAIL, ADDRESS_ID) VALUES('Person','Mads@jubii.dk','83');
INSERT INTO PERSON (ID, FIRSTNAME, LASTNAME) VALUES('83','Mads','Larsem');
INSERT INTO PERSON_HOBBY (PERSONS_ID, HOBBIES_ID) VALUES('83','16');
INSERT INTO PERSON_HOBBY (PERSONS_ID, HOBBIES_ID) VALUES('83','2');
INSERT INTO PERSON_HOBBY (PERSONS_ID, HOBBIES_ID) VALUES('83','13');
INSERT INTO PHONE (DESCRIPTION, NUMBER) VALUES('Mobil','54504918');
INSERT INTO INFOENTITY_PHONE (INFOENTITY_ID, PHONENUMBERS_ID) VALUES('83','119');

INSERT INTO ADDRESS (ADDITIONALINFO,STREET,CITYINFO_ID) VALUES('','Violvej 62','1302');
INSERT INTO INFOENTITY (DTYPE, EMAIL, ADDRESS_ID) VALUES('Company','NorthExport@home.com','84');
INSERT INTO COMPANY (ID, CVR, DESCRIPTION, MARKETVALUE, NAME, NUMEMPLOYEES) VALUES('84','14627475','Shopping','472018966','NorthExport','26');
INSERT INTO PHONE (DESCRIPTION, NUMBER) VALUES('Reception','58191348');
INSERT INTO INFOENTITY_PHONE (INFOENTITY_ID, PHONENUMBERS_ID) VALUES('84','120');

INSERT INTO ADDRESS (ADDITIONALINFO,STREET,CITYINFO_ID) VALUES('','Birkevej 25','774');
INSERT INTO INFOENTITY (DTYPE, EMAIL, ADDRESS_ID) VALUES('Company','AllBuilder@yahoo.com','85');
INSERT INTO COMPANY (ID, CVR, DESCRIPTION, MARKETVALUE, NAME, NUMEMPLOYEES) VALUES('85','54940952','Development','305880649','AllBuilder','173');
INSERT INTO PHONE (DESCRIPTION, NUMBER) VALUES('Reception','36377116');
INSERT INTO INFOENTITY_PHONE (INFOENTITY_ID, PHONENUMBERS_ID) VALUES('85','121');
INSERT INTO PHONE (DESCRIPTION, NUMBER) VALUES('Reception','71576150');
INSERT INTO INFOENTITY_PHONE (INFOENTITY_ID, PHONENUMBERS_ID) VALUES('85','122');

INSERT INTO ADDRESS (ADDITIONALINFO,STREET,CITYINFO_ID) VALUES('','Ågade 52','1068');
INSERT INTO INFOENTITY (DTYPE, EMAIL, ADDRESS_ID) VALUES('Company','SwiftOrg@msn.dk','86');
INSERT INTO COMPANY (ID, CVR, DESCRIPTION, MARKETVALUE, NAME, NUMEMPLOYEES) VALUES('86','6209585','Consulting','345288186','SwiftOrg','51');
INSERT INTO PHONE (DESCRIPTION, NUMBER) VALUES('Reception','27076960');
INSERT INTO INFOENTITY_PHONE (INFOENTITY_ID, PHONENUMBERS_ID) VALUES('86','123');
INSERT INTO PHONE (DESCRIPTION, NUMBER) VALUES('Kontor','90664944');
INSERT INTO INFOENTITY_PHONE (INFOENTITY_ID, PHONENUMBERS_ID) VALUES('86','124');

INSERT INTO ADDRESS (ADDITIONALINFO,STREET,CITYINFO_ID) VALUES('','Bredgade 43','1275');
INSERT INTO INFOENTITY (DTYPE, EMAIL, ADDRESS_ID) VALUES('Company','SwiftKnight@gmail.com','87');
INSERT INTO COMPANY (ID, CVR, DESCRIPTION, MARKETVALUE, NAME, NUMEMPLOYEES) VALUES('87','43541471','Programming','96757358','SwiftKnight','142');
INSERT INTO PHONE (DESCRIPTION, NUMBER) VALUES('Reception','53468062');
INSERT INTO INFOENTITY_PHONE (INFOENTITY_ID, PHONENUMBERS_ID) VALUES('87','125');
INSERT INTO PHONE (DESCRIPTION, NUMBER) VALUES('Reception','58233816');
INSERT INTO INFOENTITY_PHONE (INFOENTITY_ID, PHONENUMBERS_ID) VALUES('87','126');

INSERT INTO ADDRESS (ADDITIONALINFO,STREET,CITYINFO_ID) VALUES('','Birkevej 88','1125');
INSERT INTO INFOENTITY (DTYPE, EMAIL, ADDRESS_ID) VALUES('Person','Lærke@work.com','88');
INSERT INTO PERSON (ID, FIRSTNAME, LASTNAME) VALUES('88','Lærke','Wiksøe');
INSERT INTO PERSON_HOBBY (PERSONS_ID, HOBBIES_ID) VALUES('88','2');
INSERT INTO PHONE (DESCRIPTION, NUMBER) VALUES('Mobil','65778540');
INSERT INTO INFOENTITY_PHONE (INFOENTITY_ID, PHONENUMBERS_ID) VALUES('88','127');

INSERT INTO ADDRESS (ADDITIONALINFO,STREET,CITYINFO_ID) VALUES('','Søndegade 33','1220');
INSERT INTO INFOENTITY (DTYPE, EMAIL, ADDRESS_ID) VALUES('Person','Else@jubii.dk','89');
INSERT INTO PERSON (ID, FIRSTNAME, LASTNAME) VALUES('89','Else','Frandsen');
INSERT INTO PERSON_HOBBY (PERSONS_ID, HOBBIES_ID) VALUES('89','3');
INSERT INTO PERSON_HOBBY (PERSONS_ID, HOBBIES_ID) VALUES('89','1');
INSERT INTO PHONE (DESCRIPTION, NUMBER) VALUES('Hjem','73614331');
INSERT INTO INFOENTITY_PHONE (INFOENTITY_ID, PHONENUMBERS_ID) VALUES('89','128');
INSERT INTO PHONE (DESCRIPTION, NUMBER) VALUES('Hjem','18157267');
INSERT INTO INFOENTITY_PHONE (INFOENTITY_ID, PHONENUMBERS_ID) VALUES('89','129');

INSERT INTO ADDRESS (ADDITIONALINFO,STREET,CITYINFO_ID) VALUES('','Lærkevej 27','1300');
INSERT INTO INFOENTITY (DTYPE, EMAIL, ADDRESS_ID) VALUES('Company','AllLine@work.com','90');
INSERT INTO COMPANY (ID, CVR, DESCRIPTION, MARKETVALUE, NAME, NUMEMPLOYEES) VALUES('90','74371482','Medicine','881546264','AllLine','2');
INSERT INTO PHONE (DESCRIPTION, NUMBER) VALUES('Kontor','35628149');
INSERT INTO INFOENTITY_PHONE (INFOENTITY_ID, PHONENUMBERS_ID) VALUES('90','130');

INSERT INTO ADDRESS (ADDITIONALINFO,STREET,CITYINFO_ID) VALUES('2. tv.','Nørregade 90','249');
INSERT INTO INFOENTITY (DTYPE, EMAIL, ADDRESS_ID) VALUES('Company','WestOrg@msn.dk','91');
INSERT INTO COMPANY (ID, CVR, DESCRIPTION, MARKETVALUE, NAME, NUMEMPLOYEES) VALUES('91','77492918','Programming','971248584','WestOrg','160');
INSERT INTO PHONE (DESCRIPTION, NUMBER) VALUES('Reception','70637894');
INSERT INTO INFOENTITY_PHONE (INFOENTITY_ID, PHONENUMBERS_ID) VALUES('91','131');

INSERT INTO ADDRESS (ADDITIONALINFO,STREET,CITYINFO_ID) VALUES('','Storegade 11','432');
INSERT INTO INFOENTITY (DTYPE, EMAIL, ADDRESS_ID) VALUES('Company','SeriousKnight@hotmail.com','92');
INSERT INTO COMPANY (ID, CVR, DESCRIPTION, MARKETVALUE, NAME, NUMEMPLOYEES) VALUES('92','60296526','Banking','405272408','SeriousKnight','183');
INSERT INTO PHONE (DESCRIPTION, NUMBER) VALUES('Reception','75882104');
INSERT INTO INFOENTITY_PHONE (INFOENTITY_ID, PHONENUMBERS_ID) VALUES('92','132');
INSERT INTO PHONE (DESCRIPTION, NUMBER) VALUES('Reception','87070099');
INSERT INTO INFOENTITY_PHONE (INFOENTITY_ID, PHONENUMBERS_ID) VALUES('92','133');

INSERT INTO ADDRESS (ADDITIONALINFO,STREET,CITYINFO_ID) VALUES('2. tv.','Skovvej 27','402');
INSERT INTO INFOENTITY (DTYPE, EMAIL, ADDRESS_ID) VALUES('Person','Niels@home.com','93');
INSERT INTO PERSON (ID, FIRSTNAME, LASTNAME) VALUES('93','Niels','Madsen');
INSERT INTO PERSON_HOBBY (PERSONS_ID, HOBBIES_ID) VALUES('93','5');
INSERT INTO PERSON_HOBBY (PERSONS_ID, HOBBIES_ID) VALUES('93','8');
INSERT INTO PHONE (DESCRIPTION, NUMBER) VALUES('Hjem','43434208');
INSERT INTO INFOENTITY_PHONE (INFOENTITY_ID, PHONENUMBERS_ID) VALUES('93','134');
INSERT INTO PHONE (DESCRIPTION, NUMBER) VALUES('Arbejde','70282907');
INSERT INTO INFOENTITY_PHONE (INFOENTITY_ID, PHONENUMBERS_ID) VALUES('93','135');

INSERT INTO ADDRESS (ADDITIONALINFO,STREET,CITYINFO_ID) VALUES('','Engvej 94','507');
INSERT INTO INFOENTITY (DTYPE, EMAIL, ADDRESS_ID) VALUES('Company','CleanImport@hotmail.com','94');
INSERT INTO COMPANY (ID, CVR, DESCRIPTION, MARKETVALUE, NAME, NUMEMPLOYEES) VALUES('94','54910241','Programming','45523492','CleanImport','56');
INSERT INTO PHONE (DESCRIPTION, NUMBER) VALUES('Reception','89770917');
INSERT INTO INFOENTITY_PHONE (INFOENTITY_ID, PHONENUMBERS_ID) VALUES('94','136');

INSERT INTO ADDRESS (ADDITIONALINFO,STREET,CITYINFO_ID) VALUES('','Skovbakken 9','1346');
INSERT INTO INFOENTITY (DTYPE, EMAIL, ADDRESS_ID) VALUES('Company','SiriusCell@business.dk','95');
INSERT INTO COMPANY (ID, CVR, DESCRIPTION, MARKETVALUE, NAME, NUMEMPLOYEES) VALUES('95','46126285','Education','4191392','SiriusCell','140');
INSERT INTO PHONE (DESCRIPTION, NUMBER) VALUES('Kontor','84606460');
INSERT INTO INFOENTITY_PHONE (INFOENTITY_ID, PHONENUMBERS_ID) VALUES('95','137');
INSERT INTO PHONE (DESCRIPTION, NUMBER) VALUES('Kontor','44651642');
INSERT INTO INFOENTITY_PHONE (INFOENTITY_ID, PHONENUMBERS_ID) VALUES('95','138');

INSERT INTO ADDRESS (ADDITIONALINFO,STREET,CITYINFO_ID) VALUES('st.','Jernbanegade 14','873');
INSERT INTO INFOENTITY (DTYPE, EMAIL, ADDRESS_ID) VALUES('Company','SouthPartner@yahoo.com','96');
INSERT INTO COMPANY (ID, CVR, DESCRIPTION, MARKETVALUE, NAME, NUMEMPLOYEES) VALUES('96','44011739','Consulting','593572146','SouthPartner','128');
INSERT INTO PHONE (DESCRIPTION, NUMBER) VALUES('Reception','52693567');
INSERT INTO INFOENTITY_PHONE (INFOENTITY_ID, PHONENUMBERS_ID) VALUES('96','139');
INSERT INTO PHONE (DESCRIPTION, NUMBER) VALUES('Reception','86100356');
INSERT INTO INFOENTITY_PHONE (INFOENTITY_ID, PHONENUMBERS_ID) VALUES('96','140');

INSERT INTO ADDRESS (ADDITIONALINFO,STREET,CITYINFO_ID) VALUES('3. th.','Skovbakken 33','330');
INSERT INTO INFOENTITY (DTYPE, EMAIL, ADDRESS_ID) VALUES('Person','Else@work.com','97');
INSERT INTO PERSON (ID, FIRSTNAME, LASTNAME) VALUES('97','Else','Persson');
INSERT INTO PERSON_HOBBY (PERSONS_ID, HOBBIES_ID) VALUES('97','9');
INSERT INTO PHONE (DESCRIPTION, NUMBER) VALUES('Mobil','42012751');
INSERT INTO INFOENTITY_PHONE (INFOENTITY_ID, PHONENUMBERS_ID) VALUES('97','141');

INSERT INTO ADDRESS (ADDITIONALINFO,STREET,CITYINFO_ID) VALUES('','Hovedgaden 30','1191');
INSERT INTO INFOENTITY (DTYPE, EMAIL, ADDRESS_ID) VALUES('Company','NewImport@live.com','98');
INSERT INTO COMPANY (ID, CVR, DESCRIPTION, MARKETVALUE, NAME, NUMEMPLOYEES) VALUES('98','79151885','Consulting','518539158','NewImport','4');
INSERT INTO PHONE (DESCRIPTION, NUMBER) VALUES('Kontor','25388657');
INSERT INTO INFOENTITY_PHONE (INFOENTITY_ID, PHONENUMBERS_ID) VALUES('98','142');
INSERT INTO PHONE (DESCRIPTION, NUMBER) VALUES('Reception','84539290');
INSERT INTO INFOENTITY_PHONE (INFOENTITY_ID, PHONENUMBERS_ID) VALUES('98','143');

INSERT INTO ADDRESS (ADDITIONALINFO,STREET,CITYINFO_ID) VALUES('','Vinkelvej 90','1233');
INSERT INTO INFOENTITY (DTYPE, EMAIL, ADDRESS_ID) VALUES('Company','SeniorImport@data.com','99');
INSERT INTO COMPANY (ID, CVR, DESCRIPTION, MARKETVALUE, NAME, NUMEMPLOYEES) VALUES('99','94918103','Banking','243899437','SeniorImport','61');
INSERT INTO PHONE (DESCRIPTION, NUMBER) VALUES('Reception','44116633');
INSERT INTO INFOENTITY_PHONE (INFOENTITY_ID, PHONENUMBERS_ID) VALUES('99','144');
INSERT INTO PHONE (DESCRIPTION, NUMBER) VALUES('Kontor','32051745');
INSERT INTO INFOENTITY_PHONE (INFOENTITY_ID, PHONENUMBERS_ID) VALUES('99','145');

INSERT INTO ADDRESS (ADDITIONALINFO,STREET,CITYINFO_ID) VALUES('','Borgergade 15','1160');
INSERT INTO INFOENTITY (DTYPE, EMAIL, ADDRESS_ID) VALUES('Company','CleanPartner@msn.dk','100');
INSERT INTO COMPANY (ID, CVR, DESCRIPTION, MARKETVALUE, NAME, NUMEMPLOYEES) VALUES('100','59683228','Retail','330814813','CleanPartner','108');
INSERT INTO PHONE (DESCRIPTION, NUMBER) VALUES('Kontor','14913187');
INSERT INTO INFOENTITY_PHONE (INFOENTITY_ID, PHONENUMBERS_ID) VALUES('100','146');

INSERT INTO ADDRESS (ADDITIONALINFO,STREET,CITYINFO_ID) VALUES('','Jernbanegade 15','601');
INSERT INTO INFOENTITY (DTYPE, EMAIL, ADDRESS_ID) VALUES('Person','Anders@jubii.dk','101');
INSERT INTO PERSON (ID, FIRSTNAME, LASTNAME) VALUES('101','Anders','Flintholm');
INSERT INTO PERSON_HOBBY (PERSONS_ID, HOBBIES_ID) VALUES('101','14');
INSERT INTO PERSON_HOBBY (PERSONS_ID, HOBBIES_ID) VALUES('101','4');
INSERT INTO PHONE (DESCRIPTION, NUMBER) VALUES('Mobil','77368298');
INSERT INTO INFOENTITY_PHONE (INFOENTITY_ID, PHONENUMBERS_ID) VALUES('101','147');

INSERT INTO ADDRESS (ADDITIONALINFO,STREET,CITYINFO_ID) VALUES('','Skovbakken 84','470');
INSERT INTO INFOENTITY (DTYPE, EMAIL, ADDRESS_ID) VALUES('Company','CallPartner@msn.dk','102');
INSERT INTO COMPANY (ID, CVR, DESCRIPTION, MARKETVALUE, NAME, NUMEMPLOYEES) VALUES('102','12586137','Programming','884827964','CallPartner','122');
INSERT INTO PHONE (DESCRIPTION, NUMBER) VALUES('Reception','32792538');
INSERT INTO INFOENTITY_PHONE (INFOENTITY_ID, PHONENUMBERS_ID) VALUES('102','148');

INSERT INTO ADDRESS (ADDITIONALINFO,STREET,CITYINFO_ID) VALUES('','Skovbrynet 72','192');
INSERT INTO INFOENTITY (DTYPE, EMAIL, ADDRESS_ID) VALUES('Person','Einar@msn.com','103');
INSERT INTO PERSON (ID, FIRSTNAME, LASTNAME) VALUES('103','Einar','Meinholt');
INSERT INTO PERSON_HOBBY (PERSONS_ID, HOBBIES_ID) VALUES('103','19');
INSERT INTO PERSON_HOBBY (PERSONS_ID, HOBBIES_ID) VALUES('103','3');
INSERT INTO PHONE (DESCRIPTION, NUMBER) VALUES('Arbejde','76362357');
INSERT INTO INFOENTITY_PHONE (INFOENTITY_ID, PHONENUMBERS_ID) VALUES('103','149');
INSERT INTO PHONE (DESCRIPTION, NUMBER) VALUES('Hjem','84278807');
INSERT INTO INFOENTITY_PHONE (INFOENTITY_ID, PHONENUMBERS_ID) VALUES('103','150');

INSERT INTO ADDRESS (ADDITIONALINFO,STREET,CITYINFO_ID) VALUES('','Solbakken 96','64');
INSERT INTO INFOENTITY (DTYPE, EMAIL, ADDRESS_ID) VALUES('Person','Tove@gmail.com','104');
INSERT INTO PERSON (ID, FIRSTNAME, LASTNAME) VALUES('104','Tove','Jensen');
INSERT INTO PERSON_HOBBY (PERSONS_ID, HOBBIES_ID) VALUES('104','3');
INSERT INTO PERSON_HOBBY (PERSONS_ID, HOBBIES_ID) VALUES('104','13');
INSERT INTO PHONE (DESCRIPTION, NUMBER) VALUES('Arbejde','56612251');
INSERT INTO INFOENTITY_PHONE (INFOENTITY_ID, PHONENUMBERS_ID) VALUES('104','151');
INSERT INTO PHONE (DESCRIPTION, NUMBER) VALUES('Mobil','78985688');
INSERT INTO INFOENTITY_PHONE (INFOENTITY_ID, PHONENUMBERS_ID) VALUES('104','152');

INSERT INTO ADDRESS (ADDITIONALINFO,STREET,CITYINFO_ID) VALUES('2. tv.','Ågade 74','977');
INSERT INTO INFOENTITY (DTYPE, EMAIL, ADDRESS_ID) VALUES('Company','AllKnight@hotmail.dk','105');
INSERT INTO COMPANY (ID, CVR, DESCRIPTION, MARKETVALUE, NAME, NUMEMPLOYEES) VALUES('105','47754783','Construction','840651121','AllKnight','184');
INSERT INTO PHONE (DESCRIPTION, NUMBER) VALUES('Reception','36789721');
INSERT INTO INFOENTITY_PHONE (INFOENTITY_ID, PHONENUMBERS_ID) VALUES('105','153');
INSERT INTO PHONE (DESCRIPTION, NUMBER) VALUES('Kontor','17680973');
INSERT INTO INFOENTITY_PHONE (INFOENTITY_ID, PHONENUMBERS_ID) VALUES('105','154');

INSERT INTO ADDRESS (ADDITIONALINFO,STREET,CITYINFO_ID) VALUES('','Møllevej 56','441');
INSERT INTO INFOENTITY (DTYPE, EMAIL, ADDRESS_ID) VALUES('Person','Else@gmail.com','106');
INSERT INTO PERSON (ID, FIRSTNAME, LASTNAME) VALUES('106','Else','Nielsen');
INSERT INTO PERSON_HOBBY (PERSONS_ID, HOBBIES_ID) VALUES('106','17');
INSERT INTO PHONE (DESCRIPTION, NUMBER) VALUES('Mobil','42081669');
INSERT INTO INFOENTITY_PHONE (INFOENTITY_ID, PHONENUMBERS_ID) VALUES('106','155');
INSERT INTO PHONE (DESCRIPTION, NUMBER) VALUES('Hjem','68245954');
INSERT INTO INFOENTITY_PHONE (INFOENTITY_ID, PHONENUMBERS_ID) VALUES('106','156');

INSERT INTO ADDRESS (ADDITIONALINFO,STREET,CITYINFO_ID) VALUES('','Nygade 84','1123');
INSERT INTO INFOENTITY (DTYPE, EMAIL, ADDRESS_ID) VALUES('Person','Allan@hotmail.dk','107');
INSERT INTO PERSON (ID, FIRSTNAME, LASTNAME) VALUES('107','Allan','Møller');
INSERT INTO PERSON_HOBBY (PERSONS_ID, HOBBIES_ID) VALUES('107','10');
INSERT INTO PERSON_HOBBY (PERSONS_ID, HOBBIES_ID) VALUES('107','17');
INSERT INTO PERSON_HOBBY (PERSONS_ID, HOBBIES_ID) VALUES('107','5');
INSERT INTO PHONE (DESCRIPTION, NUMBER) VALUES('Arbejde','41167874');
INSERT INTO INFOENTITY_PHONE (INFOENTITY_ID, PHONENUMBERS_ID) VALUES('107','157');

INSERT INTO ADDRESS (ADDITIONALINFO,STREET,CITYINFO_ID) VALUES('','Jernbanegade 74','821');
INSERT INTO INFOENTITY (DTYPE, EMAIL, ADDRESS_ID) VALUES('Company','WestCell@live.com','108');
INSERT INTO COMPANY (ID, CVR, DESCRIPTION, MARKETVALUE, NAME, NUMEMPLOYEES) VALUES('108','19725927','Software','227801057','WestCell','86');
INSERT INTO PHONE (DESCRIPTION, NUMBER) VALUES('Kontor','87670428');
INSERT INTO INFOENTITY_PHONE (INFOENTITY_ID, PHONENUMBERS_ID) VALUES('108','158');

INSERT INTO ADDRESS (ADDITIONALINFO,STREET,CITYINFO_ID) VALUES('1. th.','Stormgade 21','522');
INSERT INTO INFOENTITY (DTYPE, EMAIL, ADDRESS_ID) VALUES('Company','SoftImport@hotmail.dk','109');
INSERT INTO COMPANY (ID, CVR, DESCRIPTION, MARKETVALUE, NAME, NUMEMPLOYEES) VALUES('109','96230962','Construction','122029277','SoftImport','93');
INSERT INTO PHONE (DESCRIPTION, NUMBER) VALUES('Reception','29538112');
INSERT INTO INFOENTITY_PHONE (INFOENTITY_ID, PHONENUMBERS_ID) VALUES('109','159');
INSERT INTO PHONE (DESCRIPTION, NUMBER) VALUES('Kontor','40777746');
INSERT INTO INFOENTITY_PHONE (INFOENTITY_ID, PHONENUMBERS_ID) VALUES('109','160');

INSERT INTO ADDRESS (ADDITIONALINFO,STREET,CITYINFO_ID) VALUES('','Strandvejen 75','556');
INSERT INTO INFOENTITY (DTYPE, EMAIL, ADDRESS_ID) VALUES('Company','SwiftSolutions@gmail.com','110');
INSERT INTO COMPANY (ID, CVR, DESCRIPTION, MARKETVALUE, NAME, NUMEMPLOYEES) VALUES('110','71123733','Hardware','969719134','SwiftSolutions','199');
INSERT INTO PHONE (DESCRIPTION, NUMBER) VALUES('Reception','35272800');
INSERT INTO INFOENTITY_PHONE (INFOENTITY_ID, PHONENUMBERS_ID) VALUES('110','161');
INSERT INTO PHONE (DESCRIPTION, NUMBER) VALUES('Kontor','71393626');
INSERT INTO INFOENTITY_PHONE (INFOENTITY_ID, PHONENUMBERS_ID) VALUES('110','162');

INSERT INTO ADDRESS (ADDITIONALINFO,STREET,CITYINFO_ID) VALUES('','Skovbrynet 93','1285');
INSERT INTO INFOENTITY (DTYPE, EMAIL, ADDRESS_ID) VALUES('Company','SamCenter@msn.dk','111');
INSERT INTO COMPANY (ID, CVR, DESCRIPTION, MARKETVALUE, NAME, NUMEMPLOYEES) VALUES('111','20387476','Retail','592340511','SamCenter','95');
INSERT INTO PHONE (DESCRIPTION, NUMBER) VALUES('Reception','30314414');
INSERT INTO INFOENTITY_PHONE (INFOENTITY_ID, PHONENUMBERS_ID) VALUES('111','163');

INSERT INTO ADDRESS (ADDITIONALINFO,STREET,CITYINFO_ID) VALUES('','Egevej 8','601');
INSERT INTO INFOENTITY (DTYPE, EMAIL, ADDRESS_ID) VALUES('Company','CleanWorkers@gmail.com','112');
INSERT INTO COMPANY (ID, CVR, DESCRIPTION, MARKETVALUE, NAME, NUMEMPLOYEES) VALUES('112','15923189','Education','664762531','CleanWorkers','80');
INSERT INTO PHONE (DESCRIPTION, NUMBER) VALUES('Reception','17210498');
INSERT INTO INFOENTITY_PHONE (INFOENTITY_ID, PHONENUMBERS_ID) VALUES('112','164');

INSERT INTO ADDRESS (ADDITIONALINFO,STREET,CITYINFO_ID) VALUES('','Kirkevej 33','558');
INSERT INTO INFOENTITY (DTYPE, EMAIL, ADDRESS_ID) VALUES('Person','Lars@live.dk','113');
INSERT INTO PERSON (ID, FIRSTNAME, LASTNAME) VALUES('113','Lars','Torp');
INSERT INTO PERSON_HOBBY (PERSONS_ID, HOBBIES_ID) VALUES('113','3');
INSERT INTO PERSON_HOBBY (PERSONS_ID, HOBBIES_ID) VALUES('113','2');
INSERT INTO PHONE (DESCRIPTION, NUMBER) VALUES('Arbejde','22826769');
INSERT INTO INFOENTITY_PHONE (INFOENTITY_ID, PHONENUMBERS_ID) VALUES('113','165');
INSERT INTO PHONE (DESCRIPTION, NUMBER) VALUES('Mobil','68171339');
INSERT INTO INFOENTITY_PHONE (INFOENTITY_ID, PHONENUMBERS_ID) VALUES('113','166');

INSERT INTO ADDRESS (ADDITIONALINFO,STREET,CITYINFO_ID) VALUES('','Nygade 43','657');
INSERT INTO INFOENTITY (DTYPE, EMAIL, ADDRESS_ID) VALUES('Company','CityExport@work.com','114');
INSERT INTO COMPANY (ID, CVR, DESCRIPTION, MARKETVALUE, NAME, NUMEMPLOYEES) VALUES('114','70598756','Software','779686940','CityExport','109');
INSERT INTO PHONE (DESCRIPTION, NUMBER) VALUES('Reception','21637819');
INSERT INTO INFOENTITY_PHONE (INFOENTITY_ID, PHONENUMBERS_ID) VALUES('114','167');

INSERT INTO ADDRESS (ADDITIONALINFO,STREET,CITYINFO_ID) VALUES('','Nygade 84','823');
INSERT INTO INFOENTITY (DTYPE, EMAIL, ADDRESS_ID) VALUES('Person','Lone@jubii.dk','115');
INSERT INTO PERSON (ID, FIRSTNAME, LASTNAME) VALUES('115','Lone','Kristensen');
INSERT INTO PHONE (DESCRIPTION, NUMBER) VALUES('Arbejde','48610285');
INSERT INTO INFOENTITY_PHONE (INFOENTITY_ID, PHONENUMBERS_ID) VALUES('115','168');

INSERT INTO ADDRESS (ADDITIONALINFO,STREET,CITYINFO_ID) VALUES('3. tv.','Vinkelvej 0','973');
INSERT INTO INFOENTITY (DTYPE, EMAIL, ADDRESS_ID) VALUES('Company','SiriusPort@live.dk','116');
INSERT INTO COMPANY (ID, CVR, DESCRIPTION, MARKETVALUE, NAME, NUMEMPLOYEES) VALUES('116','41450742','Development','405058211','SiriusPort','11');
INSERT INTO PHONE (DESCRIPTION, NUMBER) VALUES('Kontor','55045734');
INSERT INTO INFOENTITY_PHONE (INFOENTITY_ID, PHONENUMBERS_ID) VALUES('116','169');

INSERT INTO ADDRESS (ADDITIONALINFO,STREET,CITYINFO_ID) VALUES('','Nørregade 45','1257');
INSERT INTO INFOENTITY (DTYPE, EMAIL, ADDRESS_ID) VALUES('Person','Iben@gmail.com','117');
INSERT INTO PERSON (ID, FIRSTNAME, LASTNAME) VALUES('117','Iben','Ålbæk');
INSERT INTO PERSON_HOBBY (PERSONS_ID, HOBBIES_ID) VALUES('117','2');
INSERT INTO PHONE (DESCRIPTION, NUMBER) VALUES('Arbejde','77582261');
INSERT INTO INFOENTITY_PHONE (INFOENTITY_ID, PHONENUMBERS_ID) VALUES('117','170');

INSERT INTO ADDRESS (ADDITIONALINFO,STREET,CITYINFO_ID) VALUES('','Storegade 53','835');
INSERT INTO INFOENTITY (DTYPE, EMAIL, ADDRESS_ID) VALUES('Company','NorthWorkers@live.com','118');
INSERT INTO COMPANY (ID, CVR, DESCRIPTION, MARKETVALUE, NAME, NUMEMPLOYEES) VALUES('118','79518376','Banking','526766650','NorthWorkers','58');
INSERT INTO PHONE (DESCRIPTION, NUMBER) VALUES('Reception','23742413');
INSERT INTO INFOENTITY_PHONE (INFOENTITY_ID, PHONENUMBERS_ID) VALUES('118','171');

INSERT INTO ADDRESS (ADDITIONALINFO,STREET,CITYINFO_ID) VALUES('','Hovedgaden 66','1013');
INSERT INTO INFOENTITY (DTYPE, EMAIL, ADDRESS_ID) VALUES('Company','PolyService@jubii.dk','119');
INSERT INTO COMPANY (ID, CVR, DESCRIPTION, MARKETVALUE, NAME, NUMEMPLOYEES) VALUES('119','27456186','Retail','139482417','PolyService','66');
INSERT INTO PHONE (DESCRIPTION, NUMBER) VALUES('Kontor','15693479');
INSERT INTO INFOENTITY_PHONE (INFOENTITY_ID, PHONENUMBERS_ID) VALUES('119','172');

INSERT INTO ADDRESS (ADDITIONALINFO,STREET,CITYINFO_ID) VALUES('3. th.','Møllevej 34','79');
INSERT INTO INFOENTITY (DTYPE, EMAIL, ADDRESS_ID) VALUES('Person','Dorte@business.dk','120');
INSERT INTO PERSON (ID, FIRSTNAME, LASTNAME) VALUES('120','Dorte','Carstensen');
INSERT INTO PERSON_HOBBY (PERSONS_ID, HOBBIES_ID) VALUES('120','13');
INSERT INTO PHONE (DESCRIPTION, NUMBER) VALUES('Arbejde','56480887');
INSERT INTO INFOENTITY_PHONE (INFOENTITY_ID, PHONENUMBERS_ID) VALUES('120','173');
INSERT INTO PHONE (DESCRIPTION, NUMBER) VALUES('Mobil','3708683');
INSERT INTO INFOENTITY_PHONE (INFOENTITY_ID, PHONENUMBERS_ID) VALUES('120','174');

INSERT INTO ADDRESS (ADDITIONALINFO,STREET,CITYINFO_ID) VALUES('','Strandvejen 43','385');
INSERT INTO INFOENTITY (DTYPE, EMAIL, ADDRESS_ID) VALUES('Person','Andrea@hotmail.dk','121');
INSERT INTO PERSON (ID, FIRSTNAME, LASTNAME) VALUES('121','Andrea','Skov');
INSERT INTO PHONE (DESCRIPTION, NUMBER) VALUES('Hjem','60519754');
INSERT INTO INFOENTITY_PHONE (INFOENTITY_ID, PHONENUMBERS_ID) VALUES('121','175');
INSERT INTO PHONE (DESCRIPTION, NUMBER) VALUES('Mobil','51399590');
INSERT INTO INFOENTITY_PHONE (INFOENTITY_ID, PHONENUMBERS_ID) VALUES('121','176');

INSERT INTO ADDRESS (ADDITIONALINFO,STREET,CITYINFO_ID) VALUES('','Vinkelvej 27','1299');
INSERT INTO INFOENTITY (DTYPE, EMAIL, ADDRESS_ID) VALUES('Person','Tove@hotmail.com','122');
INSERT INTO PERSON (ID, FIRSTNAME, LASTNAME) VALUES('122','Tove','Madsen');
INSERT INTO PERSON_HOBBY (PERSONS_ID, HOBBIES_ID) VALUES('122','11');
INSERT INTO PHONE (DESCRIPTION, NUMBER) VALUES('Mobil','18616988');
INSERT INTO INFOENTITY_PHONE (INFOENTITY_ID, PHONENUMBERS_ID) VALUES('122','177');
INSERT INTO PHONE (DESCRIPTION, NUMBER) VALUES('Hjem','69972119');
INSERT INTO INFOENTITY_PHONE (INFOENTITY_ID, PHONENUMBERS_ID) VALUES('122','178');

INSERT INTO ADDRESS (ADDITIONALINFO,STREET,CITYINFO_ID) VALUES('3. th.','Strandvejen 74','692');
INSERT INTO INFOENTITY (DTYPE, EMAIL, ADDRESS_ID) VALUES('Company','UpSolutions@home.com','123');
INSERT INTO COMPANY (ID, CVR, DESCRIPTION, MARKETVALUE, NAME, NUMEMPLOYEES) VALUES('123','84567989','Investment','853578940','UpSolutions','134');
INSERT INTO PHONE (DESCRIPTION, NUMBER) VALUES('Kontor','55647717');
INSERT INTO INFOENTITY_PHONE (INFOENTITY_ID, PHONENUMBERS_ID) VALUES('123','179');

INSERT INTO ADDRESS (ADDITIONALINFO,STREET,CITYINFO_ID) VALUES('','Østergade 67','720');
INSERT INTO INFOENTITY (DTYPE, EMAIL, ADDRESS_ID) VALUES('Person','Inger@msn.com','124');
INSERT INTO PERSON (ID, FIRSTNAME, LASTNAME) VALUES('124','Inger','Andersen');
INSERT INTO PERSON_HOBBY (PERSONS_ID, HOBBIES_ID) VALUES('124','12');
INSERT INTO PERSON_HOBBY (PERSONS_ID, HOBBIES_ID) VALUES('124','20');
INSERT INTO PHONE (DESCRIPTION, NUMBER) VALUES('Hjem','91868310');
INSERT INTO INFOENTITY_PHONE (INFOENTITY_ID, PHONENUMBERS_ID) VALUES('124','180');

INSERT INTO ADDRESS (ADDITIONALINFO,STREET,CITYINFO_ID) VALUES('','Nørregade 23','1248');
INSERT INTO INFOENTITY (DTYPE, EMAIL, ADDRESS_ID) VALUES('Company','SouthCorp@business.dk','125');
INSERT INTO COMPANY (ID, CVR, DESCRIPTION, MARKETVALUE, NAME, NUMEMPLOYEES) VALUES('125','32142492','Consulting','364072243','SouthCorp','90');
INSERT INTO PHONE (DESCRIPTION, NUMBER) VALUES('Kontor','16532760');
INSERT INTO INFOENTITY_PHONE (INFOENTITY_ID, PHONENUMBERS_ID) VALUES('125','181');

INSERT INTO ADDRESS (ADDITIONALINFO,STREET,CITYINFO_ID) VALUES('1. th.','Østergade 86','1069');
INSERT INTO INFOENTITY (DTYPE, EMAIL, ADDRESS_ID) VALUES('Person','Signe@business.dk','126');
INSERT INTO PERSON (ID, FIRSTNAME, LASTNAME) VALUES('126','Signe','Ardberg');
INSERT INTO PERSON_HOBBY (PERSONS_ID, HOBBIES_ID) VALUES('126','14');
INSERT INTO PERSON_HOBBY (PERSONS_ID, HOBBIES_ID) VALUES('126','2');
INSERT INTO PERSON_HOBBY (PERSONS_ID, HOBBIES_ID) VALUES('126','9');
INSERT INTO PHONE (DESCRIPTION, NUMBER) VALUES('Arbejde','61290414');
INSERT INTO INFOENTITY_PHONE (INFOENTITY_ID, PHONENUMBERS_ID) VALUES('126','182');

INSERT INTO ADDRESS (ADDITIONALINFO,STREET,CITYINFO_ID) VALUES('','Jernbanegade 45','242');
INSERT INTO INFOENTITY (DTYPE, EMAIL, ADDRESS_ID) VALUES('Company','SnapEnterprise@hotmail.com','127');
INSERT INTO COMPANY (ID, CVR, DESCRIPTION, MARKETVALUE, NAME, NUMEMPLOYEES) VALUES('127','55801392','Retail','664576869','SnapEnterprise','128');
INSERT INTO PHONE (DESCRIPTION, NUMBER) VALUES('Kontor','60144823');
INSERT INTO INFOENTITY_PHONE (INFOENTITY_ID, PHONENUMBERS_ID) VALUES('127','183');

INSERT INTO ADDRESS (ADDITIONALINFO,STREET,CITYINFO_ID) VALUES('2. th.','Søndegade 88','1241');
INSERT INTO INFOENTITY (DTYPE, EMAIL, ADDRESS_ID) VALUES('Company','SeriousService@yahoo.com','128');
INSERT INTO COMPANY (ID, CVR, DESCRIPTION, MARKETVALUE, NAME, NUMEMPLOYEES) VALUES('128','47972139','Construction','244813460','SeriousService','0');
INSERT INTO PHONE (DESCRIPTION, NUMBER) VALUES('Reception','27333899');
INSERT INTO INFOENTITY_PHONE (INFOENTITY_ID, PHONENUMBERS_ID) VALUES('128','184');
INSERT INTO PHONE (DESCRIPTION, NUMBER) VALUES('Reception','35799011');
INSERT INTO INFOENTITY_PHONE (INFOENTITY_ID, PHONENUMBERS_ID) VALUES('128','185');

INSERT INTO ADDRESS (ADDITIONALINFO,STREET,CITYINFO_ID) VALUES('','Birkevej 49','164');
INSERT INTO INFOENTITY (DTYPE, EMAIL, ADDRESS_ID) VALUES('Person','Louise@office.dk','129');
INSERT INTO PERSON (ID, FIRSTNAME, LASTNAME) VALUES('129','Louise','Graversen');
INSERT INTO PHONE (DESCRIPTION, NUMBER) VALUES('Arbejde','89307103');
INSERT INTO INFOENTITY_PHONE (INFOENTITY_ID, PHONENUMBERS_ID) VALUES('129','186');

INSERT INTO ADDRESS (ADDITIONALINFO,STREET,CITYINFO_ID) VALUES('','Stationsvej 5','684');
INSERT INTO INFOENTITY (DTYPE, EMAIL, ADDRESS_ID) VALUES('Person','Lars@office.dk','130');
INSERT INTO PERSON (ID, FIRSTNAME, LASTNAME) VALUES('130','Lars','Meinholt');
INSERT INTO PERSON_HOBBY (PERSONS_ID, HOBBIES_ID) VALUES('130','10');
INSERT INTO PERSON_HOBBY (PERSONS_ID, HOBBIES_ID) VALUES('130','3');
INSERT INTO PERSON_HOBBY (PERSONS_ID, HOBBIES_ID) VALUES('130','11');
INSERT INTO PHONE (DESCRIPTION, NUMBER) VALUES('Hjem','28829942');
INSERT INTO INFOENTITY_PHONE (INFOENTITY_ID, PHONENUMBERS_ID) VALUES('130','187');

INSERT INTO ADDRESS (ADDITIONALINFO,STREET,CITYINFO_ID) VALUES('','Østergade 73','513');
INSERT INTO INFOENTITY (DTYPE, EMAIL, ADDRESS_ID) VALUES('Company','AllBound@live.com','131');
INSERT INTO COMPANY (ID, CVR, DESCRIPTION, MARKETVALUE, NAME, NUMEMPLOYEES) VALUES('131','68631578','Construction','891336337','AllBound','31');
INSERT INTO PHONE (DESCRIPTION, NUMBER) VALUES('Reception','36418288');
INSERT INTO INFOENTITY_PHONE (INFOENTITY_ID, PHONENUMBERS_ID) VALUES('131','188');

INSERT INTO ADDRESS (ADDITIONALINFO,STREET,CITYINFO_ID) VALUES('','Strandvejen 52','187');
INSERT INTO INFOENTITY (DTYPE, EMAIL, ADDRESS_ID) VALUES('Person','Anna@live.com','132');
INSERT INTO PERSON (ID, FIRSTNAME, LASTNAME) VALUES('132','Anna','Skov');
INSERT INTO PERSON_HOBBY (PERSONS_ID, HOBBIES_ID) VALUES('132','2');
INSERT INTO PHONE (DESCRIPTION, NUMBER) VALUES('Mobil','93619076');
INSERT INTO INFOENTITY_PHONE (INFOENTITY_ID, PHONENUMBERS_ID) VALUES('132','189');
INSERT INTO PHONE (DESCRIPTION, NUMBER) VALUES('Hjem','28181091');
INSERT INTO INFOENTITY_PHONE (INFOENTITY_ID, PHONENUMBERS_ID) VALUES('132','190');

INSERT INTO ADDRESS (ADDITIONALINFO,STREET,CITYINFO_ID) VALUES('','Vestergade 23','1113');
INSERT INTO INFOENTITY (DTYPE, EMAIL, ADDRESS_ID) VALUES('Person','Andrea@jubii.dk','133');
INSERT INTO PERSON (ID, FIRSTNAME, LASTNAME) VALUES('133','Andrea','Larsem');
INSERT INTO PERSON_HOBBY (PERSONS_ID, HOBBIES_ID) VALUES('133','6');
INSERT INTO PERSON_HOBBY (PERSONS_ID, HOBBIES_ID) VALUES('133','20');
INSERT INTO PERSON_HOBBY (PERSONS_ID, HOBBIES_ID) VALUES('133','3');
INSERT INTO PHONE (DESCRIPTION, NUMBER) VALUES('Arbejde','91260416');
INSERT INTO INFOENTITY_PHONE (INFOENTITY_ID, PHONENUMBERS_ID) VALUES('133','191');

INSERT INTO ADDRESS (ADDITIONALINFO,STREET,CITYINFO_ID) VALUES('','Møllevej 19','838');
INSERT INTO INFOENTITY (DTYPE, EMAIL, ADDRESS_ID) VALUES('Company','SwiftSprint@msn.dk','134');
INSERT INTO COMPANY (ID, CVR, DESCRIPTION, MARKETVALUE, NAME, NUMEMPLOYEES) VALUES('134','44745358','Human Ressources','400570973','SwiftSprint','61');
INSERT INTO PHONE (DESCRIPTION, NUMBER) VALUES('Kontor','65401617');
INSERT INTO INFOENTITY_PHONE (INFOENTITY_ID, PHONENUMBERS_ID) VALUES('134','192');
INSERT INTO PHONE (DESCRIPTION, NUMBER) VALUES('Kontor','88558280');
INSERT INTO INFOENTITY_PHONE (INFOENTITY_ID, PHONENUMBERS_ID) VALUES('134','193');

INSERT INTO ADDRESS (ADDITIONALINFO,STREET,CITYINFO_ID) VALUES('','Solbakken 92','787');
INSERT INTO INFOENTITY (DTYPE, EMAIL, ADDRESS_ID) VALUES('Person','Dorte@work.com','135');
INSERT INTO PERSON (ID, FIRSTNAME, LASTNAME) VALUES('135','Dorte','Wiksøe');
INSERT INTO PERSON_HOBBY (PERSONS_ID, HOBBIES_ID) VALUES('135','18');
INSERT INTO PERSON_HOBBY (PERSONS_ID, HOBBIES_ID) VALUES('135','7');
INSERT INTO PERSON_HOBBY (PERSONS_ID, HOBBIES_ID) VALUES('135','8');
INSERT INTO PHONE (DESCRIPTION, NUMBER) VALUES('Arbejde','92882787');
INSERT INTO INFOENTITY_PHONE (INFOENTITY_ID, PHONENUMBERS_ID) VALUES('135','194');

INSERT INTO ADDRESS (ADDITIONALINFO,STREET,CITYINFO_ID) VALUES('2. th.','Nygade 41','800');
INSERT INTO INFOENTITY (DTYPE, EMAIL, ADDRESS_ID) VALUES('Company','SamOrg@yahoo.com','136');
INSERT INTO COMPANY (ID, CVR, DESCRIPTION, MARKETVALUE, NAME, NUMEMPLOYEES) VALUES('136','67724219','Medicine','789153462','SamOrg','20');
INSERT INTO PHONE (DESCRIPTION, NUMBER) VALUES('Reception','34968541');
INSERT INTO INFOENTITY_PHONE (INFOENTITY_ID, PHONENUMBERS_ID) VALUES('136','195');
INSERT INTO PHONE (DESCRIPTION, NUMBER) VALUES('Kontor','94315970');
INSERT INTO INFOENTITY_PHONE (INFOENTITY_ID, PHONENUMBERS_ID) VALUES('136','196');

INSERT INTO ADDRESS (ADDITIONALINFO,STREET,CITYINFO_ID) VALUES('','Lærkevej 33','540');
INSERT INTO INFOENTITY (DTYPE, EMAIL, ADDRESS_ID) VALUES('Person','Dorte@msn.dk','137');
INSERT INTO PERSON (ID, FIRSTNAME, LASTNAME) VALUES('137','Dorte','Friis');
INSERT INTO PERSON_HOBBY (PERSONS_ID, HOBBIES_ID) VALUES('137','16');
INSERT INTO PERSON_HOBBY (PERSONS_ID, HOBBIES_ID) VALUES('137','1');
INSERT INTO PHONE (DESCRIPTION, NUMBER) VALUES('Arbejde','17455723');
INSERT INTO INFOENTITY_PHONE (INFOENTITY_ID, PHONENUMBERS_ID) VALUES('137','197');
INSERT INTO PHONE (DESCRIPTION, NUMBER) VALUES('Arbejde','73513724');
INSERT INTO INFOENTITY_PHONE (INFOENTITY_ID, PHONENUMBERS_ID) VALUES('137','198');

INSERT INTO ADDRESS (ADDITIONALINFO,STREET,CITYINFO_ID) VALUES('','Birkevej 56','371');
INSERT INTO INFOENTITY (DTYPE, EMAIL, ADDRESS_ID) VALUES('Company','UpSolutions@jubii.dk','138');
INSERT INTO COMPANY (ID, CVR, DESCRIPTION, MARKETVALUE, NAME, NUMEMPLOYEES) VALUES('138','22030676','Medicine','96474996','UpSolutions','111');
INSERT INTO PHONE (DESCRIPTION, NUMBER) VALUES('Kontor','48737894');
INSERT INTO INFOENTITY_PHONE (INFOENTITY_ID, PHONENUMBERS_ID) VALUES('138','199');

INSERT INTO ADDRESS (ADDITIONALINFO,STREET,CITYINFO_ID) VALUES('3. tv.','Hovedgaden 0','655');
INSERT INTO INFOENTITY (DTYPE, EMAIL, ADDRESS_ID) VALUES('Person','Allan@hotmail.com','139');
INSERT INTO PERSON (ID, FIRSTNAME, LASTNAME) VALUES('139','Allan','Poulsen');
INSERT INTO PERSON_HOBBY (PERSONS_ID, HOBBIES_ID) VALUES('139','9');
INSERT INTO PERSON_HOBBY (PERSONS_ID, HOBBIES_ID) VALUES('139','7');
INSERT INTO PERSON_HOBBY (PERSONS_ID, HOBBIES_ID) VALUES('139','6');
INSERT INTO PHONE (DESCRIPTION, NUMBER) VALUES('Arbejde','44314273');
INSERT INTO INFOENTITY_PHONE (INFOENTITY_ID, PHONENUMBERS_ID) VALUES('139','200');
INSERT INTO PHONE (DESCRIPTION, NUMBER) VALUES('Hjem','85915875');
INSERT INTO INFOENTITY_PHONE (INFOENTITY_ID, PHONENUMBERS_ID) VALUES('139','201');

INSERT INTO ADDRESS (ADDITIONALINFO,STREET,CITYINFO_ID) VALUES('','Vinkelvej 93','908');
INSERT INTO INFOENTITY (DTYPE, EMAIL, ADDRESS_ID) VALUES('Person','Benny@gmail.com','140');
INSERT INTO PERSON (ID, FIRSTNAME, LASTNAME) VALUES('140','Benny','Svendsen');
INSERT INTO PERSON_HOBBY (PERSONS_ID, HOBBIES_ID) VALUES('140','2');
INSERT INTO PERSON_HOBBY (PERSONS_ID, HOBBIES_ID) VALUES('140','12');
INSERT INTO PHONE (DESCRIPTION, NUMBER) VALUES('Arbejde','99450881');
INSERT INTO INFOENTITY_PHONE (INFOENTITY_ID, PHONENUMBERS_ID) VALUES('140','202');
INSERT INTO PHONE (DESCRIPTION, NUMBER) VALUES('Mobil','50819680');
INSERT INTO INFOENTITY_PHONE (INFOENTITY_ID, PHONENUMBERS_ID) VALUES('140','203');

INSERT INTO ADDRESS (ADDITIONALINFO,STREET,CITYINFO_ID) VALUES('','Jernbanegade 34','99');
INSERT INTO INFOENTITY (DTYPE, EMAIL, ADDRESS_ID) VALUES('Person','Benny@data.com','141');
INSERT INTO PERSON (ID, FIRSTNAME, LASTNAME) VALUES('141','Benny','Carstensen');
INSERT INTO PERSON_HOBBY (PERSONS_ID, HOBBIES_ID) VALUES('141','18');
INSERT INTO PERSON_HOBBY (PERSONS_ID, HOBBIES_ID) VALUES('141','15');
INSERT INTO PHONE (DESCRIPTION, NUMBER) VALUES('Arbejde','54635340');
INSERT INTO INFOENTITY_PHONE (INFOENTITY_ID, PHONENUMBERS_ID) VALUES('141','204');

INSERT INTO ADDRESS (ADDITIONALINFO,STREET,CITYINFO_ID) VALUES('','Egevej 38','520');
INSERT INTO INFOENTITY (DTYPE, EMAIL, ADDRESS_ID) VALUES('Company','SeriousBound@msn.com','142');
INSERT INTO COMPANY (ID, CVR, DESCRIPTION, MARKETVALUE, NAME, NUMEMPLOYEES) VALUES('142','86313169','Cleaning','689964527','SeriousBound','73');
INSERT INTO PHONE (DESCRIPTION, NUMBER) VALUES('Reception','82338613');
INSERT INTO INFOENTITY_PHONE (INFOENTITY_ID, PHONENUMBERS_ID) VALUES('142','205');
INSERT INTO PHONE (DESCRIPTION, NUMBER) VALUES('Reception','12454409');
INSERT INTO INFOENTITY_PHONE (INFOENTITY_ID, PHONENUMBERS_ID) VALUES('142','206');

INSERT INTO ADDRESS (ADDITIONALINFO,STREET,CITYINFO_ID) VALUES('','Langgade 6','957');
INSERT INTO INFOENTITY (DTYPE, EMAIL, ADDRESS_ID) VALUES('Person','Trine@data.com','143');
INSERT INTO PERSON (ID, FIRSTNAME, LASTNAME) VALUES('143','Trine','Sørensen');
INSERT INTO PERSON_HOBBY (PERSONS_ID, HOBBIES_ID) VALUES('143','12');
INSERT INTO PERSON_HOBBY (PERSONS_ID, HOBBIES_ID) VALUES('143','6');
INSERT INTO PERSON_HOBBY (PERSONS_ID, HOBBIES_ID) VALUES('143','7');
INSERT INTO PHONE (DESCRIPTION, NUMBER) VALUES('Hjem','28945438');
INSERT INTO INFOENTITY_PHONE (INFOENTITY_ID, PHONENUMBERS_ID) VALUES('143','207');

INSERT INTO ADDRESS (ADDITIONALINFO,STREET,CITYINFO_ID) VALUES('','Møllevej 91','786');
INSERT INTO INFOENTITY (DTYPE, EMAIL, ADDRESS_ID) VALUES('Company','UniEnterprise@gmail.com','144');
INSERT INTO COMPANY (ID, CVR, DESCRIPTION, MARKETVALUE, NAME, NUMEMPLOYEES) VALUES('144','57057422','Medicine','299188280','UniEnterprise','94');
INSERT INTO PHONE (DESCRIPTION, NUMBER) VALUES('Kontor','91552916');
INSERT INTO INFOENTITY_PHONE (INFOENTITY_ID, PHONENUMBERS_ID) VALUES('144','208');

INSERT INTO ADDRESS (ADDITIONALINFO,STREET,CITYINFO_ID) VALUES('','Borgergade 64','771');
INSERT INTO INFOENTITY (DTYPE, EMAIL, ADDRESS_ID) VALUES('Company','PolyOrg@live.dk','145');
INSERT INTO COMPANY (ID, CVR, DESCRIPTION, MARKETVALUE, NAME, NUMEMPLOYEES) VALUES('145','98371039','Programming','508822581','PolyOrg','23');
INSERT INTO PHONE (DESCRIPTION, NUMBER) VALUES('Kontor','41272664');
INSERT INTO INFOENTITY_PHONE (INFOENTITY_ID, PHONENUMBERS_ID) VALUES('145','209');
INSERT INTO PHONE (DESCRIPTION, NUMBER) VALUES('Reception','45850734');
INSERT INTO INFOENTITY_PHONE (INFOENTITY_ID, PHONENUMBERS_ID) VALUES('145','210');

INSERT INTO ADDRESS (ADDITIONALINFO,STREET,CITYINFO_ID) VALUES('2. th.','Engvej 67','949');
INSERT INTO INFOENTITY (DTYPE, EMAIL, ADDRESS_ID) VALUES('Company','CityExport@office.dk','146');
INSERT INTO COMPANY (ID, CVR, DESCRIPTION, MARKETVALUE, NAME, NUMEMPLOYEES) VALUES('146','47286508','Banking','375157233','CityExport','3');
INSERT INTO PHONE (DESCRIPTION, NUMBER) VALUES('Kontor','74851524');
INSERT INTO INFOENTITY_PHONE (INFOENTITY_ID, PHONENUMBERS_ID) VALUES('146','211');

INSERT INTO ADDRESS (ADDITIONALINFO,STREET,CITYINFO_ID) VALUES('','Møllevej 41','630');
INSERT INTO INFOENTITY (DTYPE, EMAIL, ADDRESS_ID) VALUES('Company','CityBound@msn.com','147');
INSERT INTO COMPANY (ID, CVR, DESCRIPTION, MARKETVALUE, NAME, NUMEMPLOYEES) VALUES('147','34077433','Retail','840021170','CityBound','158');
INSERT INTO PHONE (DESCRIPTION, NUMBER) VALUES('Kontor','46566314');
INSERT INTO INFOENTITY_PHONE (INFOENTITY_ID, PHONENUMBERS_ID) VALUES('147','212');
INSERT INTO PHONE (DESCRIPTION, NUMBER) VALUES('Kontor','30239792');
INSERT INTO INFOENTITY_PHONE (INFOENTITY_ID, PHONENUMBERS_ID) VALUES('147','213');

INSERT INTO ADDRESS (ADDITIONALINFO,STREET,CITYINFO_ID) VALUES('','Borgergade 49','145');
INSERT INTO INFOENTITY (DTYPE, EMAIL, ADDRESS_ID) VALUES('Person','Signe@work.com','148');
INSERT INTO PERSON (ID, FIRSTNAME, LASTNAME) VALUES('148','Signe','Jensen');
INSERT INTO PHONE (DESCRIPTION, NUMBER) VALUES('Hjem','52726927');
INSERT INTO INFOENTITY_PHONE (INFOENTITY_ID, PHONENUMBERS_ID) VALUES('148','214');
INSERT INTO PHONE (DESCRIPTION, NUMBER) VALUES('Mobil','37729558');
INSERT INTO INFOENTITY_PHONE (INFOENTITY_ID, PHONENUMBERS_ID) VALUES('148','215');

INSERT INTO ADDRESS (ADDITIONALINFO,STREET,CITYINFO_ID) VALUES('','Egevej 41','1202');
INSERT INTO INFOENTITY (DTYPE, EMAIL, ADDRESS_ID) VALUES('Person','Einar@msn.com','149');
INSERT INTO PERSON (ID, FIRSTNAME, LASTNAME) VALUES('149','Einar','Madsen');
INSERT INTO PERSON_HOBBY (PERSONS_ID, HOBBIES_ID) VALUES('149','19');
INSERT INTO PHONE (DESCRIPTION, NUMBER) VALUES('Hjem','74278730');
INSERT INTO INFOENTITY_PHONE (INFOENTITY_ID, PHONENUMBERS_ID) VALUES('149','216');

INSERT INTO ADDRESS (ADDITIONALINFO,STREET,CITYINFO_ID) VALUES('2. tv.','Vestergade 49','545');
INSERT INTO INFOENTITY (DTYPE, EMAIL, ADDRESS_ID) VALUES('Company','SamPort@hotmail.dk','150');
INSERT INTO COMPANY (ID, CVR, DESCRIPTION, MARKETVALUE, NAME, NUMEMPLOYEES) VALUES('150','21564776','Investment','851669231','SamPort','199');
INSERT INTO PHONE (DESCRIPTION, NUMBER) VALUES('Kontor','39395951');
INSERT INTO INFOENTITY_PHONE (INFOENTITY_ID, PHONENUMBERS_ID) VALUES('150','217');

INSERT INTO ADDRESS (ADDITIONALINFO,STREET,CITYINFO_ID) VALUES('3. th.','Hovedgaden 63','536');
INSERT INTO INFOENTITY (DTYPE, EMAIL, ADDRESS_ID) VALUES('Company','CitySolutions@jubii.dk','151');
INSERT INTO COMPANY (ID, CVR, DESCRIPTION, MARKETVALUE, NAME, NUMEMPLOYEES) VALUES('151','25340736','Cleaning','334387160','CitySolutions','6');
INSERT INTO PHONE (DESCRIPTION, NUMBER) VALUES('Kontor','69599340');
INSERT INTO INFOENTITY_PHONE (INFOENTITY_ID, PHONENUMBERS_ID) VALUES('151','218');

INSERT INTO ADDRESS (ADDITIONALINFO,STREET,CITYINFO_ID) VALUES('','Poppel Allé 7','1014');
INSERT INTO INFOENTITY (DTYPE, EMAIL, ADDRESS_ID) VALUES('Company','NewSide@gmail.com','152');
INSERT INTO COMPANY (ID, CVR, DESCRIPTION, MARKETVALUE, NAME, NUMEMPLOYEES) VALUES('152','76613750','Education','728238362','NewSide','92');
INSERT INTO PHONE (DESCRIPTION, NUMBER) VALUES('Reception','13938371');
INSERT INTO INFOENTITY_PHONE (INFOENTITY_ID, PHONENUMBERS_ID) VALUES('152','219');
INSERT INTO PHONE (DESCRIPTION, NUMBER) VALUES('Reception','89949215');
INSERT INTO INFOENTITY_PHONE (INFOENTITY_ID, PHONENUMBERS_ID) VALUES('152','220');

INSERT INTO ADDRESS (ADDITIONALINFO,STREET,CITYINFO_ID) VALUES('2. tv.','Lærkevej 36','1060');
INSERT INTO INFOENTITY (DTYPE, EMAIL, ADDRESS_ID) VALUES('Company','SyncCell@msn.dk','153');
INSERT INTO COMPANY (ID, CVR, DESCRIPTION, MARKETVALUE, NAME, NUMEMPLOYEES) VALUES('153','17937358','Banking','994226120','SyncCell','0');
INSERT INTO PHONE (DESCRIPTION, NUMBER) VALUES('Reception','80067119');
INSERT INTO INFOENTITY_PHONE (INFOENTITY_ID, PHONENUMBERS_ID) VALUES('153','221');

INSERT INTO ADDRESS (ADDITIONALINFO,STREET,CITYINFO_ID) VALUES('','Skovbakken 16','953');
INSERT INTO INFOENTITY (DTYPE, EMAIL, ADDRESS_ID) VALUES('Company','WestSolutions@msn.com','154');
INSERT INTO COMPANY (ID, CVR, DESCRIPTION, MARKETVALUE, NAME, NUMEMPLOYEES) VALUES('154','35578635','Production','954738056','WestSolutions','4');
INSERT INTO PHONE (DESCRIPTION, NUMBER) VALUES('Reception','49216404');
INSERT INTO INFOENTITY_PHONE (INFOENTITY_ID, PHONENUMBERS_ID) VALUES('154','222');
INSERT INTO PHONE (DESCRIPTION, NUMBER) VALUES('Kontor','71963849');
INSERT INTO INFOENTITY_PHONE (INFOENTITY_ID, PHONENUMBERS_ID) VALUES('154','223');

INSERT INTO ADDRESS (ADDITIONALINFO,STREET,CITYINFO_ID) VALUES('','Kirkevej 58','1213');
INSERT INTO INFOENTITY (DTYPE, EMAIL, ADDRESS_ID) VALUES('Person','Allan@work.com','155');
INSERT INTO PERSON (ID, FIRSTNAME, LASTNAME) VALUES('155','Allan','Carstensen');
INSERT INTO PERSON_HOBBY (PERSONS_ID, HOBBIES_ID) VALUES('155','6');
INSERT INTO PERSON_HOBBY (PERSONS_ID, HOBBIES_ID) VALUES('155','20');
INSERT INTO PHONE (DESCRIPTION, NUMBER) VALUES('Mobil','34551219');
INSERT INTO INFOENTITY_PHONE (INFOENTITY_ID, PHONENUMBERS_ID) VALUES('155','224');
INSERT INTO PHONE (DESCRIPTION, NUMBER) VALUES('Arbejde','34467647');
INSERT INTO INFOENTITY_PHONE (INFOENTITY_ID, PHONENUMBERS_ID) VALUES('155','225');

INSERT INTO ADDRESS (ADDITIONALINFO,STREET,CITYINFO_ID) VALUES('','Strandvejen 55','138');
INSERT INTO INFOENTITY (DTYPE, EMAIL, ADDRESS_ID) VALUES('Company','CityWorkers@data.com','156');
INSERT INTO COMPANY (ID, CVR, DESCRIPTION, MARKETVALUE, NAME, NUMEMPLOYEES) VALUES('156','88180573','Medicine','288815912','CityWorkers','170');
INSERT INTO PHONE (DESCRIPTION, NUMBER) VALUES('Kontor','70369422');
INSERT INTO INFOENTITY_PHONE (INFOENTITY_ID, PHONENUMBERS_ID) VALUES('156','226');
INSERT INTO PHONE (DESCRIPTION, NUMBER) VALUES('Reception','85067530');
INSERT INTO INFOENTITY_PHONE (INFOENTITY_ID, PHONENUMBERS_ID) VALUES('156','227');

INSERT INTO ADDRESS (ADDITIONALINFO,STREET,CITYINFO_ID) VALUES('','Ågade 14','608');
INSERT INTO INFOENTITY (DTYPE, EMAIL, ADDRESS_ID) VALUES('Person','Svend@gmail.com','157');
INSERT INTO PERSON (ID, FIRSTNAME, LASTNAME) VALUES('157','Svend','Møller');
INSERT INTO PERSON_HOBBY (PERSONS_ID, HOBBIES_ID) VALUES('157','11');
INSERT INTO PHONE (DESCRIPTION, NUMBER) VALUES('Mobil','36166364');
INSERT INTO INFOENTITY_PHONE (INFOENTITY_ID, PHONENUMBERS_ID) VALUES('157','228');

INSERT INTO ADDRESS (ADDITIONALINFO,STREET,CITYINFO_ID) VALUES('','Birkevej 66','927');
INSERT INTO INFOENTITY (DTYPE, EMAIL, ADDRESS_ID) VALUES('Company','SeriousWorkers@hotmail.com','158');
INSERT INTO COMPANY (ID, CVR, DESCRIPTION, MARKETVALUE, NAME, NUMEMPLOYEES) VALUES('158','70757400','Investment','596834815','SeriousWorkers','77');
INSERT INTO PHONE (DESCRIPTION, NUMBER) VALUES('Reception','65633682');
INSERT INTO INFOENTITY_PHONE (INFOENTITY_ID, PHONENUMBERS_ID) VALUES('158','229');
INSERT INTO PHONE (DESCRIPTION, NUMBER) VALUES('Kontor','63365051');
INSERT INTO INFOENTITY_PHONE (INFOENTITY_ID, PHONENUMBERS_ID) VALUES('158','230');

INSERT INTO ADDRESS (ADDITIONALINFO,STREET,CITYINFO_ID) VALUES('st.','Borgergade 2','523');
INSERT INTO INFOENTITY (DTYPE, EMAIL, ADDRESS_ID) VALUES('Company','BigLine@home.com','159');
INSERT INTO COMPANY (ID, CVR, DESCRIPTION, MARKETVALUE, NAME, NUMEMPLOYEES) VALUES('159','49968421','Retail','677568796','BigLine','7');
INSERT INTO PHONE (DESCRIPTION, NUMBER) VALUES('Reception','71402170');
INSERT INTO INFOENTITY_PHONE (INFOENTITY_ID, PHONENUMBERS_ID) VALUES('159','231');
INSERT INTO PHONE (DESCRIPTION, NUMBER) VALUES('Kontor','26151938');
INSERT INTO INFOENTITY_PHONE (INFOENTITY_ID, PHONENUMBERS_ID) VALUES('159','232');

INSERT INTO ADDRESS (ADDITIONALINFO,STREET,CITYINFO_ID) VALUES('','Bredgade 23','1307');
INSERT INTO INFOENTITY (DTYPE, EMAIL, ADDRESS_ID) VALUES('Company','EastBuilder@hotmail.com','160');
INSERT INTO COMPANY (ID, CVR, DESCRIPTION, MARKETVALUE, NAME, NUMEMPLOYEES) VALUES('160','51865677','Banking','428127636','EastBuilder','113');
INSERT INTO PHONE (DESCRIPTION, NUMBER) VALUES('Reception','62377850');
INSERT INTO INFOENTITY_PHONE (INFOENTITY_ID, PHONENUMBERS_ID) VALUES('160','233');

INSERT INTO ADDRESS (ADDITIONALINFO,STREET,CITYINFO_ID) VALUES('','Nørregade 9','140');
INSERT INTO INFOENTITY (DTYPE, EMAIL, ADDRESS_ID) VALUES('Company','UpCom@data.com','161');
INSERT INTO COMPANY (ID, CVR, DESCRIPTION, MARKETVALUE, NAME, NUMEMPLOYEES) VALUES('161','36328631','Retail','407020873','UpCom','148');
INSERT INTO PHONE (DESCRIPTION, NUMBER) VALUES('Kontor','45964726');
INSERT INTO INFOENTITY_PHONE (INFOENTITY_ID, PHONENUMBERS_ID) VALUES('161','234');
INSERT INTO PHONE (DESCRIPTION, NUMBER) VALUES('Kontor','76935232');
INSERT INTO INFOENTITY_PHONE (INFOENTITY_ID, PHONENUMBERS_ID) VALUES('161','235');

INSERT INTO ADDRESS (ADDITIONALINFO,STREET,CITYINFO_ID) VALUES('st.','Stationsvej 3','1320');
INSERT INTO INFOENTITY (DTYPE, EMAIL, ADDRESS_ID) VALUES('Person','Else@work.com','162');
INSERT INTO PERSON (ID, FIRSTNAME, LASTNAME) VALUES('162','Else','Ardberg');
INSERT INTO PERSON_HOBBY (PERSONS_ID, HOBBIES_ID) VALUES('162','11');
INSERT INTO PERSON_HOBBY (PERSONS_ID, HOBBIES_ID) VALUES('162','7');
INSERT INTO PHONE (DESCRIPTION, NUMBER) VALUES('Hjem','69900025');
INSERT INTO INFOENTITY_PHONE (INFOENTITY_ID, PHONENUMBERS_ID) VALUES('162','236');
INSERT INTO PHONE (DESCRIPTION, NUMBER) VALUES('Hjem','40200081');
INSERT INTO INFOENTITY_PHONE (INFOENTITY_ID, PHONENUMBERS_ID) VALUES('162','237');

INSERT INTO ADDRESS (ADDITIONALINFO,STREET,CITYINFO_ID) VALUES('4. tv.','Møllevej 52','713');
INSERT INTO INFOENTITY (DTYPE, EMAIL, ADDRESS_ID) VALUES('Company','UpPort@msn.dk','163');
INSERT INTO COMPANY (ID, CVR, DESCRIPTION, MARKETVALUE, NAME, NUMEMPLOYEES) VALUES('163','93403461','Consulting','97516201','UpPort','4');
INSERT INTO PHONE (DESCRIPTION, NUMBER) VALUES('Kontor','63499867');
INSERT INTO INFOENTITY_PHONE (INFOENTITY_ID, PHONENUMBERS_ID) VALUES('163','238');

INSERT INTO ADDRESS (ADDITIONALINFO,STREET,CITYINFO_ID) VALUES('','Nørregade 11','181');
INSERT INTO INFOENTITY (DTYPE, EMAIL, ADDRESS_ID) VALUES('Person','Andrea@office.dk','164');
INSERT INTO PERSON (ID, FIRSTNAME, LASTNAME) VALUES('164','Andrea','Persson');
INSERT INTO PHONE (DESCRIPTION, NUMBER) VALUES('Hjem','90788143');
INSERT INTO INFOENTITY_PHONE (INFOENTITY_ID, PHONENUMBERS_ID) VALUES('164','239');
INSERT INTO PHONE (DESCRIPTION, NUMBER) VALUES('Arbejde','79080390');
INSERT INTO INFOENTITY_PHONE (INFOENTITY_ID, PHONENUMBERS_ID) VALUES('164','240');

INSERT INTO ADDRESS (ADDITIONALINFO,STREET,CITYINFO_ID) VALUES('','Kirkevej 89','894');
INSERT INTO INFOENTITY (DTYPE, EMAIL, ADDRESS_ID) VALUES('Company','CallLine@live.com','165');
INSERT INTO COMPANY (ID, CVR, DESCRIPTION, MARKETVALUE, NAME, NUMEMPLOYEES) VALUES('165','37876524','Human Ressources','869616412','CallLine','94');
INSERT INTO PHONE (DESCRIPTION, NUMBER) VALUES('Kontor','77384285');
INSERT INTO INFOENTITY_PHONE (INFOENTITY_ID, PHONENUMBERS_ID) VALUES('165','241');
INSERT INTO PHONE (DESCRIPTION, NUMBER) VALUES('Reception','72569406');
INSERT INTO INFOENTITY_PHONE (INFOENTITY_ID, PHONENUMBERS_ID) VALUES('165','242');

INSERT INTO ADDRESS (ADDITIONALINFO,STREET,CITYINFO_ID) VALUES('','Solbakken 18','183');
INSERT INTO INFOENTITY (DTYPE, EMAIL, ADDRESS_ID) VALUES('Company','SoftFirm@yahoo.com','166');
INSERT INTO COMPANY (ID, CVR, DESCRIPTION, MARKETVALUE, NAME, NUMEMPLOYEES) VALUES('166','53562779','Consulting','323320772','SoftFirm','139');
INSERT INTO PHONE (DESCRIPTION, NUMBER) VALUES('Kontor','65316564');
INSERT INTO INFOENTITY_PHONE (INFOENTITY_ID, PHONENUMBERS_ID) VALUES('166','243');
INSERT INTO PHONE (DESCRIPTION, NUMBER) VALUES('Reception','72935119');
INSERT INTO INFOENTITY_PHONE (INFOENTITY_ID, PHONENUMBERS_ID) VALUES('166','244');

INSERT INTO ADDRESS (ADDITIONALINFO,STREET,CITYINFO_ID) VALUES('','Ågade 59','197');
INSERT INTO INFOENTITY (DTYPE, EMAIL, ADDRESS_ID) VALUES('Person','Lærke@hotmail.com','167');
INSERT INTO PERSON (ID, FIRSTNAME, LASTNAME) VALUES('167','Lærke','Carstensen');
INSERT INTO PERSON_HOBBY (PERSONS_ID, HOBBIES_ID) VALUES('167','12');
INSERT INTO PERSON_HOBBY (PERSONS_ID, HOBBIES_ID) VALUES('167','5');
INSERT INTO PERSON_HOBBY (PERSONS_ID, HOBBIES_ID) VALUES('167','2');
INSERT INTO PHONE (DESCRIPTION, NUMBER) VALUES('Arbejde','88230960');
INSERT INTO INFOENTITY_PHONE (INFOENTITY_ID, PHONENUMBERS_ID) VALUES('167','245');
INSERT INTO PHONE (DESCRIPTION, NUMBER) VALUES('Hjem','51165636');
INSERT INTO INFOENTITY_PHONE (INFOENTITY_ID, PHONENUMBERS_ID) VALUES('167','246');

INSERT INTO ADDRESS (ADDITIONALINFO,STREET,CITYINFO_ID) VALUES('','Borgergade 29','178');
INSERT INTO INFOENTITY (DTYPE, EMAIL, ADDRESS_ID) VALUES('Company','CityFirm@gmail.com','168');
INSERT INTO COMPANY (ID, CVR, DESCRIPTION, MARKETVALUE, NAME, NUMEMPLOYEES) VALUES('168','86700707','Consulting','159241123','CityFirm','139');
INSERT INTO PHONE (DESCRIPTION, NUMBER) VALUES('Kontor','90063384');
INSERT INTO INFOENTITY_PHONE (INFOENTITY_ID, PHONENUMBERS_ID) VALUES('168','247');
INSERT INTO PHONE (DESCRIPTION, NUMBER) VALUES('Reception','23683507');
INSERT INTO INFOENTITY_PHONE (INFOENTITY_ID, PHONENUMBERS_ID) VALUES('168','248');

INSERT INTO ADDRESS (ADDITIONALINFO,STREET,CITYINFO_ID) VALUES('','Jernbanegade 71','919');
INSERT INTO INFOENTITY (DTYPE, EMAIL, ADDRESS_ID) VALUES('Company','WellPort@business.dk','169');
INSERT INTO COMPANY (ID, CVR, DESCRIPTION, MARKETVALUE, NAME, NUMEMPLOYEES) VALUES('169','75587243','Office equipment','147790234','WellPort','32');
INSERT INTO PHONE (DESCRIPTION, NUMBER) VALUES('Kontor','26775739');
INSERT INTO INFOENTITY_PHONE (INFOENTITY_ID, PHONENUMBERS_ID) VALUES('169','249');

INSERT INTO ADDRESS (ADDITIONALINFO,STREET,CITYINFO_ID) VALUES('4. th.','Hovedgaden 46','1321');
INSERT INTO INFOENTITY (DTYPE, EMAIL, ADDRESS_ID) VALUES('Person','Inger@live.com','170');
INSERT INTO PERSON (ID, FIRSTNAME, LASTNAME) VALUES('170','Inger','Kristensen');
INSERT INTO PHONE (DESCRIPTION, NUMBER) VALUES('Mobil','85300752');
INSERT INTO INFOENTITY_PHONE (INFOENTITY_ID, PHONENUMBERS_ID) VALUES('170','250');

INSERT INTO ADDRESS (ADDITIONALINFO,STREET,CITYINFO_ID) VALUES('','Stormgade 41','749');
INSERT INTO INFOENTITY (DTYPE, EMAIL, ADDRESS_ID) VALUES('Company','SoftKnight@live.com','171');
INSERT INTO COMPANY (ID, CVR, DESCRIPTION, MARKETVALUE, NAME, NUMEMPLOYEES) VALUES('171','53258794','Banking','671679382','SoftKnight','141');
INSERT INTO PHONE (DESCRIPTION, NUMBER) VALUES('Reception','32311369');
INSERT INTO INFOENTITY_PHONE (INFOENTITY_ID, PHONENUMBERS_ID) VALUES('171','251');

INSERT INTO ADDRESS (ADDITIONALINFO,STREET,CITYINFO_ID) VALUES('','Engvej 83','197');
INSERT INTO INFOENTITY (DTYPE, EMAIL, ADDRESS_ID) VALUES('Person','Jens@live.com','172');
INSERT INTO PERSON (ID, FIRSTNAME, LASTNAME) VALUES('172','Jens','Olsen');
INSERT INTO PHONE (DESCRIPTION, NUMBER) VALUES('Arbejde','17216185');
INSERT INTO INFOENTITY_PHONE (INFOENTITY_ID, PHONENUMBERS_ID) VALUES('172','252');

INSERT INTO ADDRESS (ADDITIONALINFO,STREET,CITYINFO_ID) VALUES('','Møllevej 60','790');
INSERT INTO INFOENTITY (DTYPE, EMAIL, ADDRESS_ID) VALUES('Company','SouthCell@home.com','173');
INSERT INTO COMPANY (ID, CVR, DESCRIPTION, MARKETVALUE, NAME, NUMEMPLOYEES) VALUES('173','90080939','Investment','455972285','SouthCell','12');
INSERT INTO PHONE (DESCRIPTION, NUMBER) VALUES('Kontor','56847379');
INSERT INTO INFOENTITY_PHONE (INFOENTITY_ID, PHONENUMBERS_ID) VALUES('173','253');

INSERT INTO ADDRESS (ADDITIONALINFO,STREET,CITYINFO_ID) VALUES('','Strandvejen 41','870');
INSERT INTO INFOENTITY (DTYPE, EMAIL, ADDRESS_ID) VALUES('Person','Einar@yahoo.com','174');
INSERT INTO PERSON (ID, FIRSTNAME, LASTNAME) VALUES('174','Einar','Skov');
INSERT INTO PERSON_HOBBY (PERSONS_ID, HOBBIES_ID) VALUES('174','5');
INSERT INTO PERSON_HOBBY (PERSONS_ID, HOBBIES_ID) VALUES('174','4');
INSERT INTO PHONE (DESCRIPTION, NUMBER) VALUES('Arbejde','64760511');
INSERT INTO INFOENTITY_PHONE (INFOENTITY_ID, PHONENUMBERS_ID) VALUES('174','254');

INSERT INTO ADDRESS (ADDITIONALINFO,STREET,CITYINFO_ID) VALUES('3. tv.','Violvej 57','277');
INSERT INTO INFOENTITY (DTYPE, EMAIL, ADDRESS_ID) VALUES('Person','Svend@jubii.dk','175');
INSERT INTO PERSON (ID, FIRSTNAME, LASTNAME) VALUES('175','Svend','Bentholm');
INSERT INTO PERSON_HOBBY (PERSONS_ID, HOBBIES_ID) VALUES('175','8');
INSERT INTO PHONE (DESCRIPTION, NUMBER) VALUES('Arbejde','21072339');
INSERT INTO INFOENTITY_PHONE (INFOENTITY_ID, PHONENUMBERS_ID) VALUES('175','255');

INSERT INTO ADDRESS (ADDITIONALINFO,STREET,CITYINFO_ID) VALUES('','Borgergade 29','1021');
INSERT INTO INFOENTITY (DTYPE, EMAIL, ADDRESS_ID) VALUES('Person','Gunnar@jubii.dk','176');
INSERT INTO PERSON (ID, FIRSTNAME, LASTNAME) VALUES('176','Gunnar','Eilersen');
INSERT INTO PERSON_HOBBY (PERSONS_ID, HOBBIES_ID) VALUES('176','13');
INSERT INTO PERSON_HOBBY (PERSONS_ID, HOBBIES_ID) VALUES('176','20');
INSERT INTO PHONE (DESCRIPTION, NUMBER) VALUES('Arbejde','64152747');
INSERT INTO INFOENTITY_PHONE (INFOENTITY_ID, PHONENUMBERS_ID) VALUES('176','256');

INSERT INTO ADDRESS (ADDITIONALINFO,STREET,CITYINFO_ID) VALUES('','Vestergade 73','796');
INSERT INTO INFOENTITY (DTYPE, EMAIL, ADDRESS_ID) VALUES('Company','CleanCell@office.dk','177');
INSERT INTO COMPANY (ID, CVR, DESCRIPTION, MARKETVALUE, NAME, NUMEMPLOYEES) VALUES('177','48860237','Investment','735354900','CleanCell','52');
INSERT INTO PHONE (DESCRIPTION, NUMBER) VALUES('Reception','29928545');
INSERT INTO INFOENTITY_PHONE (INFOENTITY_ID, PHONENUMBERS_ID) VALUES('177','257');

INSERT INTO ADDRESS (ADDITIONALINFO,STREET,CITYINFO_ID) VALUES('','Borgergade 36','1276');
INSERT INTO INFOENTITY (DTYPE, EMAIL, ADDRESS_ID) VALUES('Person','Karl@gmail.com','178');
INSERT INTO PERSON (ID, FIRSTNAME, LASTNAME) VALUES('178','Karl','Hansen');
INSERT INTO PHONE (DESCRIPTION, NUMBER) VALUES('Hjem','89679365');
INSERT INTO INFOENTITY_PHONE (INFOENTITY_ID, PHONENUMBERS_ID) VALUES('178','258');
INSERT INTO PHONE (DESCRIPTION, NUMBER) VALUES('Arbejde','11998737');
INSERT INTO INFOENTITY_PHONE (INFOENTITY_ID, PHONENUMBERS_ID) VALUES('178','259');

INSERT INTO ADDRESS (ADDITIONALINFO,STREET,CITYINFO_ID) VALUES('st.','Borgergade 37','1027');
INSERT INTO INFOENTITY (DTYPE, EMAIL, ADDRESS_ID) VALUES('Person','Gunnar@live.dk','179');
INSERT INTO PERSON (ID, FIRSTNAME, LASTNAME) VALUES('179','Gunnar','Ålbæk');
INSERT INTO PERSON_HOBBY (PERSONS_ID, HOBBIES_ID) VALUES('179','10');
INSERT INTO PERSON_HOBBY (PERSONS_ID, HOBBIES_ID) VALUES('179','12');
INSERT INTO PERSON_HOBBY (PERSONS_ID, HOBBIES_ID) VALUES('179','6');
INSERT INTO PHONE (DESCRIPTION, NUMBER) VALUES('Mobil','88993650');
INSERT INTO INFOENTITY_PHONE (INFOENTITY_ID, PHONENUMBERS_ID) VALUES('179','260');

INSERT INTO ADDRESS (ADDITIONALINFO,STREET,CITYINFO_ID) VALUES('','Bredgade 57','892');
INSERT INTO INFOENTITY (DTYPE, EMAIL, ADDRESS_ID) VALUES('Company','WestSprint@work.com','180');
INSERT INTO COMPANY (ID, CVR, DESCRIPTION, MARKETVALUE, NAME, NUMEMPLOYEES) VALUES('180','34392560','Programming','720995826','WestSprint','27');
INSERT INTO PHONE (DESCRIPTION, NUMBER) VALUES('Reception','18348134');
INSERT INTO INFOENTITY_PHONE (INFOENTITY_ID, PHONENUMBERS_ID) VALUES('180','261');
INSERT INTO PHONE (DESCRIPTION, NUMBER) VALUES('Reception','33457966');
INSERT INTO INFOENTITY_PHONE (INFOENTITY_ID, PHONENUMBERS_ID) VALUES('180','262');

INSERT INTO ADDRESS (ADDITIONALINFO,STREET,CITYINFO_ID) VALUES('','Borgergade 30','1065');
INSERT INTO INFOENTITY (DTYPE, EMAIL, ADDRESS_ID) VALUES('Person','Per@msn.dk','181');
INSERT INTO PERSON (ID, FIRSTNAME, LASTNAME) VALUES('181','Per','Jensen');
INSERT INTO PHONE (DESCRIPTION, NUMBER) VALUES('Mobil','94415626');
INSERT INTO INFOENTITY_PHONE (INFOENTITY_ID, PHONENUMBERS_ID) VALUES('181','263');

INSERT INTO ADDRESS (ADDITIONALINFO,STREET,CITYINFO_ID) VALUES('','Stationsvej 21','327');
INSERT INTO INFOENTITY (DTYPE, EMAIL, ADDRESS_ID) VALUES('Person','Mads@home.com','182');
INSERT INTO PERSON (ID, FIRSTNAME, LASTNAME) VALUES('182','Mads','Nielsen');
INSERT INTO PERSON_HOBBY (PERSONS_ID, HOBBIES_ID) VALUES('182','15');
INSERT INTO PERSON_HOBBY (PERSONS_ID, HOBBIES_ID) VALUES('182','6');
INSERT INTO PERSON_HOBBY (PERSONS_ID, HOBBIES_ID) VALUES('182','11');
INSERT INTO PHONE (DESCRIPTION, NUMBER) VALUES('Mobil','11435693');
INSERT INTO INFOENTITY_PHONE (INFOENTITY_ID, PHONENUMBERS_ID) VALUES('182','264');

INSERT INTO ADDRESS (ADDITIONALINFO,STREET,CITYINFO_ID) VALUES('','Møllevej 53','1335');
INSERT INTO INFOENTITY (DTYPE, EMAIL, ADDRESS_ID) VALUES('Person','Lise@gmail.com','183');
INSERT INTO PERSON (ID, FIRSTNAME, LASTNAME) VALUES('183','Lise','Ålbæk');
INSERT INTO PERSON_HOBBY (PERSONS_ID, HOBBIES_ID) VALUES('183','13');
INSERT INTO PERSON_HOBBY (PERSONS_ID, HOBBIES_ID) VALUES('183','9');
INSERT INTO PERSON_HOBBY (PERSONS_ID, HOBBIES_ID) VALUES('183','18');
INSERT INTO PHONE (DESCRIPTION, NUMBER) VALUES('Arbejde','79907501');
INSERT INTO INFOENTITY_PHONE (INFOENTITY_ID, PHONENUMBERS_ID) VALUES('183','265');

INSERT INTO ADDRESS (ADDITIONALINFO,STREET,CITYINFO_ID) VALUES('','Jernbanegade 55','1113');
INSERT INTO INFOENTITY (DTYPE, EMAIL, ADDRESS_ID) VALUES('Company','CitySprint@msn.dk','184');
INSERT INTO COMPANY (ID, CVR, DESCRIPTION, MARKETVALUE, NAME, NUMEMPLOYEES) VALUES('184','26264922','Cleaning','3188703','CitySprint','161');
INSERT INTO PHONE (DESCRIPTION, NUMBER) VALUES('Reception','76785051');
INSERT INTO INFOENTITY_PHONE (INFOENTITY_ID, PHONENUMBERS_ID) VALUES('184','266');

INSERT INTO ADDRESS (ADDITIONALINFO,STREET,CITYINFO_ID) VALUES('','Stormgade 29','972');
INSERT INTO INFOENTITY (DTYPE, EMAIL, ADDRESS_ID) VALUES('Person','Tove@msn.com','185');
INSERT INTO PERSON (ID, FIRSTNAME, LASTNAME) VALUES('185','Tove','Friis');
INSERT INTO PERSON_HOBBY (PERSONS_ID, HOBBIES_ID) VALUES('185','3');
INSERT INTO PERSON_HOBBY (PERSONS_ID, HOBBIES_ID) VALUES('185','18');
INSERT INTO PERSON_HOBBY (PERSONS_ID, HOBBIES_ID) VALUES('185','2');
INSERT INTO PHONE (DESCRIPTION, NUMBER) VALUES('Arbejde','47451838');
INSERT INTO INFOENTITY_PHONE (INFOENTITY_ID, PHONENUMBERS_ID) VALUES('185','267');
INSERT INTO PHONE (DESCRIPTION, NUMBER) VALUES('Mobil','95790670');
INSERT INTO INFOENTITY_PHONE (INFOENTITY_ID, PHONENUMBERS_ID) VALUES('185','268');

INSERT INTO ADDRESS (ADDITIONALINFO,STREET,CITYINFO_ID) VALUES('','Vibevej 42','1043');
INSERT INTO INFOENTITY (DTYPE, EMAIL, ADDRESS_ID) VALUES('Person','Tove@data.com','186');
INSERT INTO PERSON (ID, FIRSTNAME, LASTNAME) VALUES('186','Tove','Larsem');
INSERT INTO PERSON_HOBBY (PERSONS_ID, HOBBIES_ID) VALUES('186','4');
INSERT INTO PERSON_HOBBY (PERSONS_ID, HOBBIES_ID) VALUES('186','16');
INSERT INTO PERSON_HOBBY (PERSONS_ID, HOBBIES_ID) VALUES('186','5');
INSERT INTO PHONE (DESCRIPTION, NUMBER) VALUES('Arbejde','61822345');
INSERT INTO INFOENTITY_PHONE (INFOENTITY_ID, PHONENUMBERS_ID) VALUES('186','269');

INSERT INTO ADDRESS (ADDITIONALINFO,STREET,CITYINFO_ID) VALUES('','Kirkevej 53','1297');
INSERT INTO INFOENTITY (DTYPE, EMAIL, ADDRESS_ID) VALUES('Company','EastSolutions@yahoo.com','187');
INSERT INTO COMPANY (ID, CVR, DESCRIPTION, MARKETVALUE, NAME, NUMEMPLOYEES) VALUES('187','97503233','Construction','176626016','EastSolutions','193');
INSERT INTO PHONE (DESCRIPTION, NUMBER) VALUES('Reception','7202404');
INSERT INTO INFOENTITY_PHONE (INFOENTITY_ID, PHONENUMBERS_ID) VALUES('187','270');

INSERT INTO ADDRESS (ADDITIONALINFO,STREET,CITYINFO_ID) VALUES('','Skovbakken 82','885');
INSERT INTO INFOENTITY (DTYPE, EMAIL, ADDRESS_ID) VALUES('Company','NorthPartner@business.dk','188');
INSERT INTO COMPANY (ID, CVR, DESCRIPTION, MARKETVALUE, NAME, NUMEMPLOYEES) VALUES('188','55338022','Cleaning','836313420','NorthPartner','187');
INSERT INTO PHONE (DESCRIPTION, NUMBER) VALUES('Reception','26674034');
INSERT INTO INFOENTITY_PHONE (INFOENTITY_ID, PHONENUMBERS_ID) VALUES('188','271');
INSERT INTO PHONE (DESCRIPTION, NUMBER) VALUES('Reception','15308225');
INSERT INTO INFOENTITY_PHONE (INFOENTITY_ID, PHONENUMBERS_ID) VALUES('188','272');

INSERT INTO ADDRESS (ADDITIONALINFO,STREET,CITYINFO_ID) VALUES('','Birkevej 8','1174');
INSERT INTO INFOENTITY (DTYPE, EMAIL, ADDRESS_ID) VALUES('Company','WellSide@data.com','189');
INSERT INTO COMPANY (ID, CVR, DESCRIPTION, MARKETVALUE, NAME, NUMEMPLOYEES) VALUES('189','89317847','Investment','456717229','WellSide','182');
INSERT INTO PHONE (DESCRIPTION, NUMBER) VALUES('Reception','73421302');
INSERT INTO INFOENTITY_PHONE (INFOENTITY_ID, PHONENUMBERS_ID) VALUES('189','273');
INSERT INTO PHONE (DESCRIPTION, NUMBER) VALUES('Kontor','38559786');
INSERT INTO INFOENTITY_PHONE (INFOENTITY_ID, PHONENUMBERS_ID) VALUES('189','274');

INSERT INTO ADDRESS (ADDITIONALINFO,STREET,CITYINFO_ID) VALUES('','Hovedgaden 86','647');
INSERT INTO INFOENTITY (DTYPE, EMAIL, ADDRESS_ID) VALUES('Company','UniService@hotmail.dk','190');
INSERT INTO COMPANY (ID, CVR, DESCRIPTION, MARKETVALUE, NAME, NUMEMPLOYEES) VALUES('190','19506201','Investment','347469067','UniService','122');
INSERT INTO PHONE (DESCRIPTION, NUMBER) VALUES('Reception','86576583');
INSERT INTO INFOENTITY_PHONE (INFOENTITY_ID, PHONENUMBERS_ID) VALUES('190','275');
INSERT INTO PHONE (DESCRIPTION, NUMBER) VALUES('Kontor','90091560');
INSERT INTO INFOENTITY_PHONE (INFOENTITY_ID, PHONENUMBERS_ID) VALUES('190','276');

INSERT INTO ADDRESS (ADDITIONALINFO,STREET,CITYINFO_ID) VALUES('','Ågade 97','976');
INSERT INTO INFOENTITY (DTYPE, EMAIL, ADDRESS_ID) VALUES('Person','Einar@gmail.com','191');
INSERT INTO PERSON (ID, FIRSTNAME, LASTNAME) VALUES('191','Einar','Nielsen');
INSERT INTO PERSON_HOBBY (PERSONS_ID, HOBBIES_ID) VALUES('191','3');
INSERT INTO PERSON_HOBBY (PERSONS_ID, HOBBIES_ID) VALUES('191','14');
INSERT INTO PHONE (DESCRIPTION, NUMBER) VALUES('Arbejde','92318754');
INSERT INTO INFOENTITY_PHONE (INFOENTITY_ID, PHONENUMBERS_ID) VALUES('191','277');

INSERT INTO ADDRESS (ADDITIONALINFO,STREET,CITYINFO_ID) VALUES('2. th.','Engvej 62','1114');
INSERT INTO INFOENTITY (DTYPE, EMAIL, ADDRESS_ID) VALUES('Person','Dorte@business.dk','192');
INSERT INTO PERSON (ID, FIRSTNAME, LASTNAME) VALUES('192','Dorte','Skov');
INSERT INTO PERSON_HOBBY (PERSONS_ID, HOBBIES_ID) VALUES('192','6');
INSERT INTO PHONE (DESCRIPTION, NUMBER) VALUES('Mobil','77307968');
INSERT INTO INFOENTITY_PHONE (INFOENTITY_ID, PHONENUMBERS_ID) VALUES('192','278');

INSERT INTO ADDRESS (ADDITIONALINFO,STREET,CITYINFO_ID) VALUES('','Søndegade 99','481');
INSERT INTO INFOENTITY (DTYPE, EMAIL, ADDRESS_ID) VALUES('Person','Lærke@business.dk','193');
INSERT INTO PERSON (ID, FIRSTNAME, LASTNAME) VALUES('193','Lærke','Wiksøe');
INSERT INTO PERSON_HOBBY (PERSONS_ID, HOBBIES_ID) VALUES('193','10');
INSERT INTO PERSON_HOBBY (PERSONS_ID, HOBBIES_ID) VALUES('193','2');
INSERT INTO PERSON_HOBBY (PERSONS_ID, HOBBIES_ID) VALUES('193','20');
INSERT INTO PHONE (DESCRIPTION, NUMBER) VALUES('Hjem','67361802');
INSERT INTO INFOENTITY_PHONE (INFOENTITY_ID, PHONENUMBERS_ID) VALUES('193','279');
INSERT INTO PHONE (DESCRIPTION, NUMBER) VALUES('Hjem','15556256');
INSERT INTO INFOENTITY_PHONE (INFOENTITY_ID, PHONENUMBERS_ID) VALUES('193','280');

INSERT INTO ADDRESS (ADDITIONALINFO,STREET,CITYINFO_ID) VALUES('','Langgade 7','966');
INSERT INTO INFOENTITY (DTYPE, EMAIL, ADDRESS_ID) VALUES('Company','WestFirm@msn.dk','194');
INSERT INTO COMPANY (ID, CVR, DESCRIPTION, MARKETVALUE, NAME, NUMEMPLOYEES) VALUES('194','99015775','Investment','516483427','WestFirm','184');
INSERT INTO PHONE (DESCRIPTION, NUMBER) VALUES('Kontor','92599880');
INSERT INTO INFOENTITY_PHONE (INFOENTITY_ID, PHONENUMBERS_ID) VALUES('194','281');

INSERT INTO ADDRESS (ADDITIONALINFO,STREET,CITYINFO_ID) VALUES('','Skovbakken 70','1211');
INSERT INTO INFOENTITY (DTYPE, EMAIL, ADDRESS_ID) VALUES('Company','SoftData@home.com','195');
INSERT INTO COMPANY (ID, CVR, DESCRIPTION, MARKETVALUE, NAME, NUMEMPLOYEES) VALUES('195','68442145','Consulting','797500290','SoftData','120');
INSERT INTO PHONE (DESCRIPTION, NUMBER) VALUES('Kontor','39793667');
INSERT INTO INFOENTITY_PHONE (INFOENTITY_ID, PHONENUMBERS_ID) VALUES('195','282');

INSERT INTO ADDRESS (ADDITIONALINFO,STREET,CITYINFO_ID) VALUES('3. tv.','Bredgade 58','1074');
INSERT INTO INFOENTITY (DTYPE, EMAIL, ADDRESS_ID) VALUES('Person','Einar@home.com','196');
INSERT INTO PERSON (ID, FIRSTNAME, LASTNAME) VALUES('196','Einar','Olsen');
INSERT INTO PHONE (DESCRIPTION, NUMBER) VALUES('Mobil','55996110');
INSERT INTO INFOENTITY_PHONE (INFOENTITY_ID, PHONENUMBERS_ID) VALUES('196','283');
INSERT INTO PHONE (DESCRIPTION, NUMBER) VALUES('Mobil','78680980');
INSERT INTO INFOENTITY_PHONE (INFOENTITY_ID, PHONENUMBERS_ID) VALUES('196','284');

INSERT INTO ADDRESS (ADDITIONALINFO,STREET,CITYINFO_ID) VALUES('','Møllevej 4','216');
INSERT INTO INFOENTITY (DTYPE, EMAIL, ADDRESS_ID) VALUES('Company','SamCell@yahoo.com','197');
INSERT INTO COMPANY (ID, CVR, DESCRIPTION, MARKETVALUE, NAME, NUMEMPLOYEES) VALUES('197','86595897','Programming','630930032','SamCell','174');
INSERT INTO PHONE (DESCRIPTION, NUMBER) VALUES('Kontor','53376573');
INSERT INTO INFOENTITY_PHONE (INFOENTITY_ID, PHONENUMBERS_ID) VALUES('197','285');
INSERT INTO PHONE (DESCRIPTION, NUMBER) VALUES('Kontor','56959692');
INSERT INTO INFOENTITY_PHONE (INFOENTITY_ID, PHONENUMBERS_ID) VALUES('197','286');

INSERT INTO ADDRESS (ADDITIONALINFO,STREET,CITYINFO_ID) VALUES('1. tv.','Poppel Allé 82','98');
INSERT INTO INFOENTITY (DTYPE, EMAIL, ADDRESS_ID) VALUES('Company','NewBound@live.com','198');
INSERT INTO COMPANY (ID, CVR, DESCRIPTION, MARKETVALUE, NAME, NUMEMPLOYEES) VALUES('198','65990463','Construction','494344235','NewBound','103');
INSERT INTO PHONE (DESCRIPTION, NUMBER) VALUES('Reception','33228972');
INSERT INTO INFOENTITY_PHONE (INFOENTITY_ID, PHONENUMBERS_ID) VALUES('198','287');

INSERT INTO ADDRESS (ADDITIONALINFO,STREET,CITYINFO_ID) VALUES('','Ågade 86','309');
INSERT INTO INFOENTITY (DTYPE, EMAIL, ADDRESS_ID) VALUES('Person','Signe@business.dk','199');
INSERT INTO PERSON (ID, FIRSTNAME, LASTNAME) VALUES('199','Signe','Larsem');
INSERT INTO PERSON_HOBBY (PERSONS_ID, HOBBIES_ID) VALUES('199','7');
INSERT INTO PERSON_HOBBY (PERSONS_ID, HOBBIES_ID) VALUES('199','5');
INSERT INTO PHONE (DESCRIPTION, NUMBER) VALUES('Hjem','87453604');
INSERT INTO INFOENTITY_PHONE (INFOENTITY_ID, PHONENUMBERS_ID) VALUES('199','288');
INSERT INTO PHONE (DESCRIPTION, NUMBER) VALUES('Mobil','13223240');
INSERT INTO INFOENTITY_PHONE (INFOENTITY_ID, PHONENUMBERS_ID) VALUES('199','289');

INSERT INTO ADDRESS (ADDITIONALINFO,STREET,CITYINFO_ID) VALUES('','Stationsvej 3','1344');
INSERT INTO INFOENTITY (DTYPE, EMAIL, ADDRESS_ID) VALUES('Company','SnapBuilder@data.com','200');
INSERT INTO COMPANY (ID, CVR, DESCRIPTION, MARKETVALUE, NAME, NUMEMPLOYEES) VALUES('200','97227934','Hardware','197699301','SnapBuilder','150');
INSERT INTO PHONE (DESCRIPTION, NUMBER) VALUES('Reception','82563355');
INSERT INTO INFOENTITY_PHONE (INFOENTITY_ID, PHONENUMBERS_ID) VALUES('200','290');

