INSERT INTO HOBBY (NAME, DESCRIPTION ) VALUES ('Running', 'Running in the forest');
INSERT INTO HOBBY (NAME, DESCRIPTION ) VALUES ('Skiing', 'Skiing in the mountains');
INSERT INTO HOBBY (NAME, DESCRIPTION ) VALUES ('Diving', 'Scuba diving');
INSERT INTO HOBBY (NAME, DESCRIPTION ) VALUES ('Climbing', 'Free climbing');
INSERT INTO HOBBY (NAME, DESCRIPTION ) VALUES ('Cycling', 'Track racing on bike');
INSERT INTO HOBBY (NAME, DESCRIPTION ) VALUES ('Stamps', 'Collection stamps');
INSERT INTO HOBBY (NAME, DESCRIPTION ) VALUES ('Dart', 'Playing dart');
INSERT INTO HOBBY (NAME, DESCRIPTION ) VALUES ('Reading', 'Reading books');
INSERT INTO HOBBY (NAME, DESCRIPTION ) VALUES ('Gaming', 'Playing computer games');
INSERT INTO HOBBY (NAME, DESCRIPTION ) VALUES ('Swimming', 'Indoor swimming');
INSERT INTO HOBBY (NAME, DESCRIPTION ) VALUES ('Football', 'Playing football');
INSERT INTO HOBBY (NAME, DESCRIPTION ) VALUES ('Painting', 'Making oil paintings');
INSERT INTO HOBBY (NAME, DESCRIPTION ) VALUES ('Knitting', 'Knitting clothes');
INSERT INTO HOBBY (NAME, DESCRIPTION ) VALUES ('Gambling', 'Playing poker');
INSERT INTO HOBBY (NAME, DESCRIPTION ) VALUES ('Chess', 'Playing chess');
INSERT INTO HOBBY (NAME, DESCRIPTION ) VALUES ('Hiking', 'Hiking in the nature');
INSERT INTO HOBBY (NAME, DESCRIPTION ) VALUES ('Singing', 'Singing in a choir');
INSERT INTO HOBBY (NAME, DESCRIPTION ) VALUES ('Photographing', 'Taking pictures');
INSERT INTO HOBBY (NAME, DESCRIPTION ) VALUES ('Sailing', 'Sailing on a boat');
INSERT INTO HOBBY (NAME, DESCRIPTION ) VALUES ('Cooking', 'Making gourmet food');


INSERT INTO CITYINFO (ZIP, CITY) VALUES ('0555', 'Scanning');
INSERT INTO CITYINFO (ZIP, CITY) VALUES ('0800', 'Høje Taastrup');
INSERT INTO CITYINFO (ZIP, CITY) VALUES ('0877', 'København C');
INSERT INTO CITYINFO (ZIP, CITY) VALUES ('0892', 'Sjælland USF P');
INSERT INTO CITYINFO (ZIP, CITY) VALUES ('0893', 'Sjælland USF B');
INSERT INTO CITYINFO (ZIP, CITY) VALUES ('0894', 'Udbetaling');
INSERT INTO CITYINFO (ZIP, CITY) VALUES ('0897', 'eBrevsprækken');
INSERT INTO CITYINFO (ZIP, CITY) VALUES ('0899', 'Kommuneservice');
INSERT INTO CITYINFO (ZIP, CITY) VALUES ('0900', 'København C');
INSERT INTO CITYINFO (ZIP, CITY) VALUES ('0910', 'København C');
INSERT INTO CITYINFO (ZIP, CITY) VALUES ('0917', 'Københavns Pakkecenter');
INSERT INTO CITYINFO (ZIP, CITY) VALUES ('0918', 'Københavns Pakke BRC');
INSERT INTO CITYINFO (ZIP, CITY) VALUES ('0919', 'Returprint BRC');
INSERT INTO CITYINFO (ZIP, CITY) VALUES ('0929', 'København C');
INSERT INTO CITYINFO (ZIP, CITY) VALUES ('0960', 'Internationalt Postcenter');
INSERT INTO CITYINFO (ZIP, CITY) VALUES ('999', 'København C');
INSERT INTO CITYINFO (ZIP, CITY) VALUES ('1000', 'København K');
INSERT INTO CITYINFO (ZIP, CITY) VALUES ('1001', 'København K');
INSERT INTO CITYINFO (ZIP, CITY) VALUES ('1002', 'København K');
INSERT INTO CITYINFO (ZIP, CITY) VALUES ('1003', 'København K');
INSERT INTO CITYINFO (ZIP, CITY) VALUES ('1004', 'København K');
INSERT INTO CITYINFO (ZIP, CITY) VALUES ('1005', 'København K');
INSERT INTO CITYINFO (ZIP, CITY) VALUES ('1006', 'København K');
INSERT INTO CITYINFO (ZIP, CITY) VALUES ('1007', 'København K');
INSERT INTO CITYINFO (ZIP, CITY) VALUES ('1008', 'København K');
INSERT INTO CITYINFO (ZIP, CITY) VALUES ('1009', 'København K');
INSERT INTO CITYINFO (ZIP, CITY) VALUES ('1010', 'København K');
INSERT INTO CITYINFO (ZIP, CITY) VALUES ('1011', 'København K');
INSERT INTO CITYINFO (ZIP, CITY) VALUES ('1012', 'København K');
INSERT INTO CITYINFO (ZIP, CITY) VALUES ('1013', 'København K');
INSERT INTO CITYINFO (ZIP, CITY) VALUES ('1014', 'København K');
INSERT INTO CITYINFO (ZIP, CITY) VALUES ('1015', 'København K');
INSERT INTO CITYINFO (ZIP, CITY) VALUES ('1016', 'København K');
INSERT INTO CITYINFO (ZIP, CITY) VALUES ('1017', 'København K');
INSERT INTO CITYINFO (ZIP, CITY) VALUES ('1018', 'København K');
INSERT INTO CITYINFO (ZIP, CITY) VALUES ('1019', 'København K');
INSERT INTO CITYINFO (ZIP, CITY) VALUES ('1020', 'København K');
INSERT INTO CITYINFO (ZIP, CITY) VALUES ('1021', 'København K');
INSERT INTO CITYINFO (ZIP, CITY) VALUES ('1022', 'København K');
INSERT INTO CITYINFO (ZIP, CITY) VALUES ('1023', 'København K');
INSERT INTO CITYINFO (ZIP, CITY) VALUES ('1024', 'København K');
INSERT INTO CITYINFO (ZIP, CITY) VALUES ('1025', 'København K');
INSERT INTO CITYINFO (ZIP, CITY) VALUES ('1026', 'København K');
INSERT INTO CITYINFO (ZIP, CITY) VALUES ('1045', 'København K');
INSERT INTO CITYINFO (ZIP, CITY) VALUES ('1050', 'København K');
INSERT INTO CITYINFO (ZIP, CITY) VALUES ('1051', 'København K');
INSERT INTO CITYINFO (ZIP, CITY) VALUES ('1052', 'København K');
INSERT INTO CITYINFO (ZIP, CITY) VALUES ('1053', 'København K');
INSERT INTO CITYINFO (ZIP, CITY) VALUES ('1054', 'København K');
INSERT INTO CITYINFO (ZIP, CITY) VALUES ('1055', 'København K');
INSERT INTO CITYINFO (ZIP, CITY) VALUES ('1056', 'København K');
INSERT INTO CITYINFO (ZIP, CITY) VALUES ('1057', 'København K');
INSERT INTO CITYINFO (ZIP, CITY) VALUES ('1058', 'København K');
INSERT INTO CITYINFO (ZIP, CITY) VALUES ('1059', 'København K');
INSERT INTO CITYINFO (ZIP, CITY) VALUES ('1060', 'København K');
INSERT INTO CITYINFO (ZIP, CITY) VALUES ('1061', 'København K');
INSERT INTO CITYINFO (ZIP, CITY) VALUES ('1062', 'København K');
INSERT INTO CITYINFO (ZIP, CITY) VALUES ('1063', 'København K');
INSERT INTO CITYINFO (ZIP, CITY) VALUES ('1064', 'København K');
INSERT INTO CITYINFO (ZIP, CITY) VALUES ('1065', 'København K');
INSERT INTO CITYINFO (ZIP, CITY) VALUES ('1066', 'København K');
INSERT INTO CITYINFO (ZIP, CITY) VALUES ('1067', 'København K');
INSERT INTO CITYINFO (ZIP, CITY) VALUES ('1068', 'København K');
INSERT INTO CITYINFO (ZIP, CITY) VALUES ('1069', 'København K');
INSERT INTO CITYINFO (ZIP, CITY) VALUES ('1070', 'København K');
INSERT INTO CITYINFO (ZIP, CITY) VALUES ('1071', 'København K');
INSERT INTO CITYINFO (ZIP, CITY) VALUES ('1072', 'København K');
INSERT INTO CITYINFO (ZIP, CITY) VALUES ('1073', 'København K');
INSERT INTO CITYINFO (ZIP, CITY) VALUES ('1074', 'København K');
INSERT INTO CITYINFO (ZIP, CITY) VALUES ('1092', 'København K');
INSERT INTO CITYINFO (ZIP, CITY) VALUES ('1093', 'København K');
INSERT INTO CITYINFO (ZIP, CITY) VALUES ('1095', 'København K');
INSERT INTO CITYINFO (ZIP, CITY) VALUES ('1098', 'København K');
INSERT INTO CITYINFO (ZIP, CITY) VALUES ('1100', 'København K');
INSERT INTO CITYINFO (ZIP, CITY) VALUES ('1101', 'København K');
INSERT INTO CITYINFO (ZIP, CITY) VALUES ('1102', 'København K');
INSERT INTO CITYINFO (ZIP, CITY) VALUES ('1103', 'København K');
INSERT INTO CITYINFO (ZIP, CITY) VALUES ('1104', 'København K');
INSERT INTO CITYINFO (ZIP, CITY) VALUES ('1105', 'København K');
INSERT INTO CITYINFO (ZIP, CITY) VALUES ('1106', 'København K');
INSERT INTO CITYINFO (ZIP, CITY) VALUES ('1107', 'København K');
INSERT INTO CITYINFO (ZIP, CITY) VALUES ('1110', 'København K');
INSERT INTO CITYINFO (ZIP, CITY) VALUES ('1111', 'København K');
INSERT INTO CITYINFO (ZIP, CITY) VALUES ('1112', 'København K');
INSERT INTO CITYINFO (ZIP, CITY) VALUES ('1113', 'København K');
INSERT INTO CITYINFO (ZIP, CITY) VALUES ('1114', 'København K');
INSERT INTO CITYINFO (ZIP, CITY) VALUES ('1115', 'København K');
INSERT INTO CITYINFO (ZIP, CITY) VALUES ('1116', 'København K');
INSERT INTO CITYINFO (ZIP, CITY) VALUES ('1117', 'København K');
INSERT INTO CITYINFO (ZIP, CITY) VALUES ('1118', 'København K');
INSERT INTO CITYINFO (ZIP, CITY) VALUES ('1119', 'København K');
INSERT INTO CITYINFO (ZIP, CITY) VALUES ('1120', 'København K');
INSERT INTO CITYINFO (ZIP, CITY) VALUES ('1121', 'København K');
INSERT INTO CITYINFO (ZIP, CITY) VALUES ('1122', 'København K');
INSERT INTO CITYINFO (ZIP, CITY) VALUES ('1123', 'København K');
INSERT INTO CITYINFO (ZIP, CITY) VALUES ('1124', 'København K');
INSERT INTO CITYINFO (ZIP, CITY) VALUES ('1125', 'København K');
INSERT INTO CITYINFO (ZIP, CITY) VALUES ('1126', 'København K');
INSERT INTO CITYINFO (ZIP, CITY) VALUES ('1127', 'København K');
INSERT INTO CITYINFO (ZIP, CITY) VALUES ('1128', 'København K');
INSERT INTO CITYINFO (ZIP, CITY) VALUES ('1129', 'København K');
INSERT INTO CITYINFO (ZIP, CITY) VALUES ('1130', 'København K');
INSERT INTO CITYINFO (ZIP, CITY) VALUES ('1131', 'København K');
INSERT INTO CITYINFO (ZIP, CITY) VALUES ('1140', 'København K');
INSERT INTO CITYINFO (ZIP, CITY) VALUES ('1147', 'København K');
INSERT INTO CITYINFO (ZIP, CITY) VALUES ('1148', 'København K');
INSERT INTO CITYINFO (ZIP, CITY) VALUES ('1150', 'København K');
INSERT INTO CITYINFO (ZIP, CITY) VALUES ('1151', 'København K');
INSERT INTO CITYINFO (ZIP, CITY) VALUES ('1152', 'København K');
INSERT INTO CITYINFO (ZIP, CITY) VALUES ('1153', 'København K');
INSERT INTO CITYINFO (ZIP, CITY) VALUES ('1154', 'København K');
INSERT INTO CITYINFO (ZIP, CITY) VALUES ('1155', 'København K');
INSERT INTO CITYINFO (ZIP, CITY) VALUES ('1156', 'København K');
INSERT INTO CITYINFO (ZIP, CITY) VALUES ('1157', 'København K');
INSERT INTO CITYINFO (ZIP, CITY) VALUES ('1158', 'København K');
INSERT INTO CITYINFO (ZIP, CITY) VALUES ('1159', 'København K');
INSERT INTO CITYINFO (ZIP, CITY) VALUES ('1160', 'København K');
INSERT INTO CITYINFO (ZIP, CITY) VALUES ('1161', 'København K');
INSERT INTO CITYINFO (ZIP, CITY) VALUES ('1162', 'København K');
INSERT INTO CITYINFO (ZIP, CITY) VALUES ('1163', 'København K');
INSERT INTO CITYINFO (ZIP, CITY) VALUES ('1164', 'København K');
INSERT INTO CITYINFO (ZIP, CITY) VALUES ('1165', 'København K');
INSERT INTO CITYINFO (ZIP, CITY) VALUES ('1166', 'København K');
INSERT INTO CITYINFO (ZIP, CITY) VALUES ('1167', 'København K');
INSERT INTO CITYINFO (ZIP, CITY) VALUES ('1168', 'København K');
INSERT INTO CITYINFO (ZIP, CITY) VALUES ('1169', 'København K');
INSERT INTO CITYINFO (ZIP, CITY) VALUES ('1170', 'København K');
INSERT INTO CITYINFO (ZIP, CITY) VALUES ('1171', 'København K');
INSERT INTO CITYINFO (ZIP, CITY) VALUES ('1172', 'København K');
INSERT INTO CITYINFO (ZIP, CITY) VALUES ('1173', 'København K');
INSERT INTO CITYINFO (ZIP, CITY) VALUES ('1174', 'København K');
INSERT INTO CITYINFO (ZIP, CITY) VALUES ('1175', 'København K');
INSERT INTO CITYINFO (ZIP, CITY) VALUES ('1200', 'København K');
INSERT INTO CITYINFO (ZIP, CITY) VALUES ('1201', 'København K');
INSERT INTO CITYINFO (ZIP, CITY) VALUES ('1202', 'København K');
INSERT INTO CITYINFO (ZIP, CITY) VALUES ('1203', 'København K');
INSERT INTO CITYINFO (ZIP, CITY) VALUES ('1204', 'København K');
INSERT INTO CITYINFO (ZIP, CITY) VALUES ('1205', 'København K');
INSERT INTO CITYINFO (ZIP, CITY) VALUES ('1206', 'København K');
INSERT INTO CITYINFO (ZIP, CITY) VALUES ('1207', 'København K');
INSERT INTO CITYINFO (ZIP, CITY) VALUES ('1208', 'København K');
INSERT INTO CITYINFO (ZIP, CITY) VALUES ('1209', 'København K');
INSERT INTO CITYINFO (ZIP, CITY) VALUES ('1210', 'København K');
INSERT INTO CITYINFO (ZIP, CITY) VALUES ('1211', 'København K');
INSERT INTO CITYINFO (ZIP, CITY) VALUES ('1212', 'København K');
INSERT INTO CITYINFO (ZIP, CITY) VALUES ('1213', 'København K');
INSERT INTO CITYINFO (ZIP, CITY) VALUES ('1214', 'København K');
INSERT INTO CITYINFO (ZIP, CITY) VALUES ('1215', 'København K');
INSERT INTO CITYINFO (ZIP, CITY) VALUES ('1216', 'København K');
INSERT INTO CITYINFO (ZIP, CITY) VALUES ('1217', 'København K');
INSERT INTO CITYINFO (ZIP, CITY) VALUES ('1218', 'København K');
INSERT INTO CITYINFO (ZIP, CITY) VALUES ('1219', 'København K');
INSERT INTO CITYINFO (ZIP, CITY) VALUES ('1220', 'København K');
INSERT INTO CITYINFO (ZIP, CITY) VALUES ('1221', 'København K');
INSERT INTO CITYINFO (ZIP, CITY) VALUES ('1240', 'København K');
INSERT INTO CITYINFO (ZIP, CITY) VALUES ('1250', 'København K');
INSERT INTO CITYINFO (ZIP, CITY) VALUES ('1251', 'København K');
INSERT INTO CITYINFO (ZIP, CITY) VALUES ('1252', 'København K');
INSERT INTO CITYINFO (ZIP, CITY) VALUES ('1253', 'København K');
INSERT INTO CITYINFO (ZIP, CITY) VALUES ('1254', 'København K');
INSERT INTO CITYINFO (ZIP, CITY) VALUES ('1255', 'København K');
INSERT INTO CITYINFO (ZIP, CITY) VALUES ('1256', 'København K');
INSERT INTO CITYINFO (ZIP, CITY) VALUES ('1257', 'København K');
INSERT INTO CITYINFO (ZIP, CITY) VALUES ('1258', 'København K');
INSERT INTO CITYINFO (ZIP, CITY) VALUES ('1259', 'København K');
INSERT INTO CITYINFO (ZIP, CITY) VALUES ('1260', 'København K');
INSERT INTO CITYINFO (ZIP, CITY) VALUES ('1261', 'København K');
INSERT INTO CITYINFO (ZIP, CITY) VALUES ('1263', 'København K');
INSERT INTO CITYINFO (ZIP, CITY) VALUES ('1264', 'København K');
INSERT INTO CITYINFO (ZIP, CITY) VALUES ('1265', 'København K');
INSERT INTO CITYINFO (ZIP, CITY) VALUES ('1266', 'København K');
INSERT INTO CITYINFO (ZIP, CITY) VALUES ('1267', 'København K');
INSERT INTO CITYINFO (ZIP, CITY) VALUES ('1268', 'København K');
INSERT INTO CITYINFO (ZIP, CITY) VALUES ('1270', 'København K');
INSERT INTO CITYINFO (ZIP, CITY) VALUES ('1271', 'København K');
INSERT INTO CITYINFO (ZIP, CITY) VALUES ('1291', 'København K');
INSERT INTO CITYINFO (ZIP, CITY) VALUES ('1300', 'København K');
INSERT INTO CITYINFO (ZIP, CITY) VALUES ('1301', 'København K');
INSERT INTO CITYINFO (ZIP, CITY) VALUES ('1302', 'København K');
INSERT INTO CITYINFO (ZIP, CITY) VALUES ('1303', 'København K');
INSERT INTO CITYINFO (ZIP, CITY) VALUES ('1304', 'København K');
INSERT INTO CITYINFO (ZIP, CITY) VALUES ('1306', 'København K');
INSERT INTO CITYINFO (ZIP, CITY) VALUES ('1307', 'København K');
INSERT INTO CITYINFO (ZIP, CITY) VALUES ('1308', 'København K');
INSERT INTO CITYINFO (ZIP, CITY) VALUES ('1309', 'København K');
INSERT INTO CITYINFO (ZIP, CITY) VALUES ('1310', 'København K');
INSERT INTO CITYINFO (ZIP, CITY) VALUES ('1311', 'København K');
INSERT INTO CITYINFO (ZIP, CITY) VALUES ('1312', 'København K');
INSERT INTO CITYINFO (ZIP, CITY) VALUES ('1313', 'København K');
INSERT INTO CITYINFO (ZIP, CITY) VALUES ('1314', 'København K');
INSERT INTO CITYINFO (ZIP, CITY) VALUES ('1315', 'København K');
INSERT INTO CITYINFO (ZIP, CITY) VALUES ('1316', 'København K');
INSERT INTO CITYINFO (ZIP, CITY) VALUES ('1317', 'København K');
INSERT INTO CITYINFO (ZIP, CITY) VALUES ('1318', 'København K');
INSERT INTO CITYINFO (ZIP, CITY) VALUES ('1319', 'København K');
INSERT INTO CITYINFO (ZIP, CITY) VALUES ('1320', 'København K');
INSERT INTO CITYINFO (ZIP, CITY) VALUES ('1321', 'København K');
INSERT INTO CITYINFO (ZIP, CITY) VALUES ('1322', 'København K');
INSERT INTO CITYINFO (ZIP, CITY) VALUES ('1323', 'København K');
INSERT INTO CITYINFO (ZIP, CITY) VALUES ('1324', 'København K');
INSERT INTO CITYINFO (ZIP, CITY) VALUES ('1325', 'København K');
INSERT INTO CITYINFO (ZIP, CITY) VALUES ('1326', 'København K');
INSERT INTO CITYINFO (ZIP, CITY) VALUES ('1327', 'København K');
INSERT INTO CITYINFO (ZIP, CITY) VALUES ('1328', 'København K');
INSERT INTO CITYINFO (ZIP, CITY) VALUES ('1329', 'København K');
INSERT INTO CITYINFO (ZIP, CITY) VALUES ('1350', 'København K');
INSERT INTO CITYINFO (ZIP, CITY) VALUES ('1352', 'København K');
INSERT INTO CITYINFO (ZIP, CITY) VALUES ('1353', 'København K');
INSERT INTO CITYINFO (ZIP, CITY) VALUES ('1354', 'København K');
INSERT INTO CITYINFO (ZIP, CITY) VALUES ('1355', 'København K');
INSERT INTO CITYINFO (ZIP, CITY) VALUES ('1356', 'København K');
INSERT INTO CITYINFO (ZIP, CITY) VALUES ('1357', 'København K');
INSERT INTO CITYINFO (ZIP, CITY) VALUES ('1358', 'København K');
INSERT INTO CITYINFO (ZIP, CITY) VALUES ('1359', 'København K');
INSERT INTO CITYINFO (ZIP, CITY) VALUES ('1360', 'København K');
INSERT INTO CITYINFO (ZIP, CITY) VALUES ('1361', 'København K');
INSERT INTO CITYINFO (ZIP, CITY) VALUES ('1362', 'København K');
INSERT INTO CITYINFO (ZIP, CITY) VALUES ('1363', 'København K');
INSERT INTO CITYINFO (ZIP, CITY) VALUES ('1364', 'København K');
INSERT INTO CITYINFO (ZIP, CITY) VALUES ('1365', 'København K');
INSERT INTO CITYINFO (ZIP, CITY) VALUES ('1366', 'København K');
INSERT INTO CITYINFO (ZIP, CITY) VALUES ('1367', 'København K');
INSERT INTO CITYINFO (ZIP, CITY) VALUES ('1368', 'København K');
INSERT INTO CITYINFO (ZIP, CITY) VALUES ('1369', 'København K');
INSERT INTO CITYINFO (ZIP, CITY) VALUES ('1370', 'København K');
INSERT INTO CITYINFO (ZIP, CITY) VALUES ('1371', 'København K');
INSERT INTO CITYINFO (ZIP, CITY) VALUES ('1400', 'København K');
INSERT INTO CITYINFO (ZIP, CITY) VALUES ('1401', 'København K');
INSERT INTO CITYINFO (ZIP, CITY) VALUES ('1402', 'København K');
INSERT INTO CITYINFO (ZIP, CITY) VALUES ('1403', 'København K');
INSERT INTO CITYINFO (ZIP, CITY) VALUES ('1404', 'København K');
INSERT INTO CITYINFO (ZIP, CITY) VALUES ('1406', 'København K');
INSERT INTO CITYINFO (ZIP, CITY) VALUES ('1407', 'København K');
INSERT INTO CITYINFO (ZIP, CITY) VALUES ('1408', 'København K');
INSERT INTO CITYINFO (ZIP, CITY) VALUES ('1409', 'København K');
INSERT INTO CITYINFO (ZIP, CITY) VALUES ('1410', 'København K');
INSERT INTO CITYINFO (ZIP, CITY) VALUES ('1411', 'København K');
INSERT INTO CITYINFO (ZIP, CITY) VALUES ('1412', 'København K');
INSERT INTO CITYINFO (ZIP, CITY) VALUES ('1413', 'København K');
INSERT INTO CITYINFO (ZIP, CITY) VALUES ('1414', 'København K');
INSERT INTO CITYINFO (ZIP, CITY) VALUES ('1415', 'København K');
INSERT INTO CITYINFO (ZIP, CITY) VALUES ('1416', 'København K');
INSERT INTO CITYINFO (ZIP, CITY) VALUES ('1417', 'København K');
INSERT INTO CITYINFO (ZIP, CITY) VALUES ('1418', 'København K');
INSERT INTO CITYINFO (ZIP, CITY) VALUES ('1419', 'København K');
INSERT INTO CITYINFO (ZIP, CITY) VALUES ('1420', 'København K');
INSERT INTO CITYINFO (ZIP, CITY) VALUES ('1421', 'København K');
INSERT INTO CITYINFO (ZIP, CITY) VALUES ('1422', 'København K');
INSERT INTO CITYINFO (ZIP, CITY) VALUES ('1423', 'København K');
INSERT INTO CITYINFO (ZIP, CITY) VALUES ('1424', 'København K');
INSERT INTO CITYINFO (ZIP, CITY) VALUES ('1425', 'København K');
INSERT INTO CITYINFO (ZIP, CITY) VALUES ('1426', 'København K');
INSERT INTO CITYINFO (ZIP, CITY) VALUES ('1427', 'København K');
INSERT INTO CITYINFO (ZIP, CITY) VALUES ('1428', 'København K');
INSERT INTO CITYINFO (ZIP, CITY) VALUES ('1429', 'København K');
INSERT INTO CITYINFO (ZIP, CITY) VALUES ('1430', 'København K');
INSERT INTO CITYINFO (ZIP, CITY) VALUES ('1431', 'København K');
INSERT INTO CITYINFO (ZIP, CITY) VALUES ('1432', 'København K');
INSERT INTO CITYINFO (ZIP, CITY) VALUES ('1433', 'København K');
INSERT INTO CITYINFO (ZIP, CITY) VALUES ('1434', 'København K');
INSERT INTO CITYINFO (ZIP, CITY) VALUES ('1435', 'København K');
INSERT INTO CITYINFO (ZIP, CITY) VALUES ('1436', 'København K');
INSERT INTO CITYINFO (ZIP, CITY) VALUES ('1437', 'København K');
INSERT INTO CITYINFO (ZIP, CITY) VALUES ('1438', 'København K');
INSERT INTO CITYINFO (ZIP, CITY) VALUES ('1439', 'København K');
INSERT INTO CITYINFO (ZIP, CITY) VALUES ('1440', 'København K');
INSERT INTO CITYINFO (ZIP, CITY) VALUES ('1441', 'København K');
INSERT INTO CITYINFO (ZIP, CITY) VALUES ('1448', 'København K');
INSERT INTO CITYINFO (ZIP, CITY) VALUES ('1450', 'København K');
INSERT INTO CITYINFO (ZIP, CITY) VALUES ('1451', 'København K');
INSERT INTO CITYINFO (ZIP, CITY) VALUES ('1452', 'København K');
INSERT INTO CITYINFO (ZIP, CITY) VALUES ('1453', 'København K');
INSERT INTO CITYINFO (ZIP, CITY) VALUES ('1454', 'København K');
INSERT INTO CITYINFO (ZIP, CITY) VALUES ('1455', 'København K');
INSERT INTO CITYINFO (ZIP, CITY) VALUES ('1456', 'København K');
INSERT INTO CITYINFO (ZIP, CITY) VALUES ('1457', 'København K');
INSERT INTO CITYINFO (ZIP, CITY) VALUES ('1458', 'København K');
INSERT INTO CITYINFO (ZIP, CITY) VALUES ('1459', 'København K');
INSERT INTO CITYINFO (ZIP, CITY) VALUES ('1460', 'København K');
INSERT INTO CITYINFO (ZIP, CITY) VALUES ('1461', 'København K');
INSERT INTO CITYINFO (ZIP, CITY) VALUES ('1462', 'København K');
INSERT INTO CITYINFO (ZIP, CITY) VALUES ('1463', 'København K');
INSERT INTO CITYINFO (ZIP, CITY) VALUES ('1464', 'København K');
INSERT INTO CITYINFO (ZIP, CITY) VALUES ('1465', 'København K');
INSERT INTO CITYINFO (ZIP, CITY) VALUES ('1466', 'København K');
INSERT INTO CITYINFO (ZIP, CITY) VALUES ('1467', 'København K');
INSERT INTO CITYINFO (ZIP, CITY) VALUES ('1468', 'København K');
INSERT INTO CITYINFO (ZIP, CITY) VALUES ('1470', 'København K');
INSERT INTO CITYINFO (ZIP, CITY) VALUES ('1471', 'København K');
INSERT INTO CITYINFO (ZIP, CITY) VALUES ('1472', 'København K');
INSERT INTO CITYINFO (ZIP, CITY) VALUES ('1473', 'København K');
INSERT INTO CITYINFO (ZIP, CITY) VALUES ('1500', 'København V');
INSERT INTO CITYINFO (ZIP, CITY) VALUES ('1501', 'København V');
INSERT INTO CITYINFO (ZIP, CITY) VALUES ('1502', 'København V');
INSERT INTO CITYINFO (ZIP, CITY) VALUES ('1503', 'København V');
INSERT INTO CITYINFO (ZIP, CITY) VALUES ('1504', 'København V');
INSERT INTO CITYINFO (ZIP, CITY) VALUES ('1505', 'København V');
INSERT INTO CITYINFO (ZIP, CITY) VALUES ('1506', 'København V');
INSERT INTO CITYINFO (ZIP, CITY) VALUES ('1507', 'København V');
INSERT INTO CITYINFO (ZIP, CITY) VALUES ('1508', 'København V');
INSERT INTO CITYINFO (ZIP, CITY) VALUES ('1509', 'København V');
INSERT INTO CITYINFO (ZIP, CITY) VALUES ('1510', 'København V');
INSERT INTO CITYINFO (ZIP, CITY) VALUES ('1512', 'Returpost');
INSERT INTO CITYINFO (ZIP, CITY) VALUES ('1513', 'Centraltastning');
INSERT INTO CITYINFO (ZIP, CITY) VALUES ('1532', 'København V');
INSERT INTO CITYINFO (ZIP, CITY) VALUES ('1533', 'København V');
INSERT INTO CITYINFO (ZIP, CITY) VALUES ('1550', 'København V');
INSERT INTO CITYINFO (ZIP, CITY) VALUES ('1551', 'København V');
INSERT INTO CITYINFO (ZIP, CITY) VALUES ('1552', 'København V');
INSERT INTO CITYINFO (ZIP, CITY) VALUES ('1553', 'København V');
INSERT INTO CITYINFO (ZIP, CITY) VALUES ('1554', 'København V');
INSERT INTO CITYINFO (ZIP, CITY) VALUES ('1555', 'København V');
INSERT INTO CITYINFO (ZIP, CITY) VALUES ('1556', 'København V');
INSERT INTO CITYINFO (ZIP, CITY) VALUES ('1557', 'København V');
INSERT INTO CITYINFO (ZIP, CITY) VALUES ('1558', 'København V');
INSERT INTO CITYINFO (ZIP, CITY) VALUES ('1559', 'København V');
INSERT INTO CITYINFO (ZIP, CITY) VALUES ('1560', 'København V');
INSERT INTO CITYINFO (ZIP, CITY) VALUES ('1561', 'København V');
INSERT INTO CITYINFO (ZIP, CITY) VALUES ('1562', 'København V');
INSERT INTO CITYINFO (ZIP, CITY) VALUES ('1563', 'København V');
INSERT INTO CITYINFO (ZIP, CITY) VALUES ('1564', 'København V');
INSERT INTO CITYINFO (ZIP, CITY) VALUES ('1566', 'København V');
INSERT INTO CITYINFO (ZIP, CITY) VALUES ('1567', 'København V');
INSERT INTO CITYINFO (ZIP, CITY) VALUES ('1568', 'København V');
INSERT INTO CITYINFO (ZIP, CITY) VALUES ('1569', 'København V');
INSERT INTO CITYINFO (ZIP, CITY) VALUES ('1570', 'København V');
INSERT INTO CITYINFO (ZIP, CITY) VALUES ('1571', 'København V');
INSERT INTO CITYINFO (ZIP, CITY) VALUES ('1572', 'København V');
INSERT INTO CITYINFO (ZIP, CITY) VALUES ('1573', 'København V');
INSERT INTO CITYINFO (ZIP, CITY) VALUES ('1574', 'København V');
INSERT INTO CITYINFO (ZIP, CITY) VALUES ('1575', 'København V');
INSERT INTO CITYINFO (ZIP, CITY) VALUES ('1576', 'København V');
INSERT INTO CITYINFO (ZIP, CITY) VALUES ('1577', 'København V');
INSERT INTO CITYINFO (ZIP, CITY) VALUES ('1592', 'København V');
INSERT INTO CITYINFO (ZIP, CITY) VALUES ('1599', 'København V');
INSERT INTO CITYINFO (ZIP, CITY) VALUES ('1600', 'København V');
INSERT INTO CITYINFO (ZIP, CITY) VALUES ('1601', 'København V');
INSERT INTO CITYINFO (ZIP, CITY) VALUES ('1602', 'København V');
INSERT INTO CITYINFO (ZIP, CITY) VALUES ('1603', 'København V');
INSERT INTO CITYINFO (ZIP, CITY) VALUES ('1604', 'København V');
INSERT INTO CITYINFO (ZIP, CITY) VALUES ('1605', 'København V');
INSERT INTO CITYINFO (ZIP, CITY) VALUES ('1606', 'København V');
INSERT INTO CITYINFO (ZIP, CITY) VALUES ('1607', 'København V');
INSERT INTO CITYINFO (ZIP, CITY) VALUES ('1608', 'København V');
INSERT INTO CITYINFO (ZIP, CITY) VALUES ('1609', 'København V');
INSERT INTO CITYINFO (ZIP, CITY) VALUES ('1610', 'København V');
INSERT INTO CITYINFO (ZIP, CITY) VALUES ('1611', 'København V');
INSERT INTO CITYINFO (ZIP, CITY) VALUES ('1612', 'København V');
INSERT INTO CITYINFO (ZIP, CITY) VALUES ('1613', 'København V');
INSERT INTO CITYINFO (ZIP, CITY) VALUES ('1614', 'København V');
INSERT INTO CITYINFO (ZIP, CITY) VALUES ('1615', 'København V');
INSERT INTO CITYINFO (ZIP, CITY) VALUES ('1616', 'København V');
INSERT INTO CITYINFO (ZIP, CITY) VALUES ('1617', 'København V');
INSERT INTO CITYINFO (ZIP, CITY) VALUES ('1618', 'København V');
INSERT INTO CITYINFO (ZIP, CITY) VALUES ('1619', 'København V');
INSERT INTO CITYINFO (ZIP, CITY) VALUES ('1620', 'København V');
INSERT INTO CITYINFO (ZIP, CITY) VALUES ('1621', 'København V');
INSERT INTO CITYINFO (ZIP, CITY) VALUES ('1622', 'København V');
INSERT INTO CITYINFO (ZIP, CITY) VALUES ('1623', 'København V');
INSERT INTO CITYINFO (ZIP, CITY) VALUES ('1624', 'København V');
INSERT INTO CITYINFO (ZIP, CITY) VALUES ('1630', 'København V');
INSERT INTO CITYINFO (ZIP, CITY) VALUES ('1631', 'København V');
INSERT INTO CITYINFO (ZIP, CITY) VALUES ('1632', 'København V');
INSERT INTO CITYINFO (ZIP, CITY) VALUES ('1633', 'København V');
INSERT INTO CITYINFO (ZIP, CITY) VALUES ('1634', 'København V');
INSERT INTO CITYINFO (ZIP, CITY) VALUES ('1635', 'København V');
INSERT INTO CITYINFO (ZIP, CITY) VALUES ('1650', 'København V');
INSERT INTO CITYINFO (ZIP, CITY) VALUES ('1651', 'København V');
INSERT INTO CITYINFO (ZIP, CITY) VALUES ('1652', 'København V');
INSERT INTO CITYINFO (ZIP, CITY) VALUES ('1653', 'København V');
INSERT INTO CITYINFO (ZIP, CITY) VALUES ('1654', 'København V');
INSERT INTO CITYINFO (ZIP, CITY) VALUES ('1655', 'København V');
INSERT INTO CITYINFO (ZIP, CITY) VALUES ('1656', 'København V');
INSERT INTO CITYINFO (ZIP, CITY) VALUES ('1657', 'København V');
INSERT INTO CITYINFO (ZIP, CITY) VALUES ('1658', 'København V');
INSERT INTO CITYINFO (ZIP, CITY) VALUES ('1659', 'København V');
INSERT INTO CITYINFO (ZIP, CITY) VALUES ('1660', 'København V');
INSERT INTO CITYINFO (ZIP, CITY) VALUES ('1661', 'København V');
INSERT INTO CITYINFO (ZIP, CITY) VALUES ('1662', 'København V');
INSERT INTO CITYINFO (ZIP, CITY) VALUES ('1663', 'København V');
INSERT INTO CITYINFO (ZIP, CITY) VALUES ('1664', 'København V');
INSERT INTO CITYINFO (ZIP, CITY) VALUES ('1665', 'København V');
INSERT INTO CITYINFO (ZIP, CITY) VALUES ('1666', 'København V');
INSERT INTO CITYINFO (ZIP, CITY) VALUES ('1667', 'København V');
INSERT INTO CITYINFO (ZIP, CITY) VALUES ('1668', 'København V');
INSERT INTO CITYINFO (ZIP, CITY) VALUES ('1669', 'København V');
INSERT INTO CITYINFO (ZIP, CITY) VALUES ('1670', 'København V');
INSERT INTO CITYINFO (ZIP, CITY) VALUES ('1671', 'København V');
INSERT INTO CITYINFO (ZIP, CITY) VALUES ('1672', 'København V');
INSERT INTO CITYINFO (ZIP, CITY) VALUES ('1673', 'København V');
INSERT INTO CITYINFO (ZIP, CITY) VALUES ('1674', 'København V');
INSERT INTO CITYINFO (ZIP, CITY) VALUES ('1675', 'København V');
INSERT INTO CITYINFO (ZIP, CITY) VALUES ('1676', 'København V');
INSERT INTO CITYINFO (ZIP, CITY) VALUES ('1677', 'København V');
INSERT INTO CITYINFO (ZIP, CITY) VALUES ('1699', 'København V');
INSERT INTO CITYINFO (ZIP, CITY) VALUES ('1700', 'København V');
INSERT INTO CITYINFO (ZIP, CITY) VALUES ('1701', 'København V');
INSERT INTO CITYINFO (ZIP, CITY) VALUES ('1702', 'København V');
INSERT INTO CITYINFO (ZIP, CITY) VALUES ('1703', 'København V');
INSERT INTO CITYINFO (ZIP, CITY) VALUES ('1704', 'København V');
INSERT INTO CITYINFO (ZIP, CITY) VALUES ('1705', 'København V');
INSERT INTO CITYINFO (ZIP, CITY) VALUES ('1706', 'København V');
INSERT INTO CITYINFO (ZIP, CITY) VALUES ('1707', 'København V');
INSERT INTO CITYINFO (ZIP, CITY) VALUES ('1708', 'København V');
INSERT INTO CITYINFO (ZIP, CITY) VALUES ('1709', 'København V');
INSERT INTO CITYINFO (ZIP, CITY) VALUES ('1710', 'København V');
INSERT INTO CITYINFO (ZIP, CITY) VALUES ('1711', 'København V');
INSERT INTO CITYINFO (ZIP, CITY) VALUES ('1712', 'København V');
INSERT INTO CITYINFO (ZIP, CITY) VALUES ('1713', 'København V');
INSERT INTO CITYINFO (ZIP, CITY) VALUES ('1714', 'København V');
INSERT INTO CITYINFO (ZIP, CITY) VALUES ('1715', 'København V');
INSERT INTO CITYINFO (ZIP, CITY) VALUES ('1716', 'København V');
INSERT INTO CITYINFO (ZIP, CITY) VALUES ('1717', 'København V');
INSERT INTO CITYINFO (ZIP, CITY) VALUES ('1718', 'København V');
INSERT INTO CITYINFO (ZIP, CITY) VALUES ('1719', 'København V');
INSERT INTO CITYINFO (ZIP, CITY) VALUES ('1720', 'København V');
INSERT INTO CITYINFO (ZIP, CITY) VALUES ('1721', 'København V');
INSERT INTO CITYINFO (ZIP, CITY) VALUES ('1722', 'København V');
INSERT INTO CITYINFO (ZIP, CITY) VALUES ('1723', 'København V');
INSERT INTO CITYINFO (ZIP, CITY) VALUES ('1724', 'København V');
INSERT INTO CITYINFO (ZIP, CITY) VALUES ('1725', 'København V');
INSERT INTO CITYINFO (ZIP, CITY) VALUES ('1726', 'København V');
INSERT INTO CITYINFO (ZIP, CITY) VALUES ('1727', 'København V');
INSERT INTO CITYINFO (ZIP, CITY) VALUES ('1728', 'København V');
INSERT INTO CITYINFO (ZIP, CITY) VALUES ('1729', 'København V');
INSERT INTO CITYINFO (ZIP, CITY) VALUES ('1730', 'København V');
INSERT INTO CITYINFO (ZIP, CITY) VALUES ('1731', 'København V');
INSERT INTO CITYINFO (ZIP, CITY) VALUES ('1732', 'København V');
INSERT INTO CITYINFO (ZIP, CITY) VALUES ('1733', 'København V');
INSERT INTO CITYINFO (ZIP, CITY) VALUES ('1734', 'København V');
INSERT INTO CITYINFO (ZIP, CITY) VALUES ('1735', 'København V');
INSERT INTO CITYINFO (ZIP, CITY) VALUES ('1736', 'København V');
INSERT INTO CITYINFO (ZIP, CITY) VALUES ('1737', 'København V');
INSERT INTO CITYINFO (ZIP, CITY) VALUES ('1738', 'København V');
INSERT INTO CITYINFO (ZIP, CITY) VALUES ('1739', 'København V');
INSERT INTO CITYINFO (ZIP, CITY) VALUES ('1749', 'København V');
INSERT INTO CITYINFO (ZIP, CITY) VALUES ('1750', 'København V');
INSERT INTO CITYINFO (ZIP, CITY) VALUES ('1751', 'København V');
INSERT INTO CITYINFO (ZIP, CITY) VALUES ('1752', 'København V');
INSERT INTO CITYINFO (ZIP, CITY) VALUES ('1753', 'København V');
INSERT INTO CITYINFO (ZIP, CITY) VALUES ('1754', 'København V');
INSERT INTO CITYINFO (ZIP, CITY) VALUES ('1755', 'København V');
INSERT INTO CITYINFO (ZIP, CITY) VALUES ('1756', 'København V');
INSERT INTO CITYINFO (ZIP, CITY) VALUES ('1757', 'København V');
INSERT INTO CITYINFO (ZIP, CITY) VALUES ('1758', 'København V');
INSERT INTO CITYINFO (ZIP, CITY) VALUES ('1759', 'København V');
INSERT INTO CITYINFO (ZIP, CITY) VALUES ('1760', 'København V');
INSERT INTO CITYINFO (ZIP, CITY) VALUES ('1761', 'København V');
INSERT INTO CITYINFO (ZIP, CITY) VALUES ('1762', 'København V');
INSERT INTO CITYINFO (ZIP, CITY) VALUES ('1763', 'København V');
INSERT INTO CITYINFO (ZIP, CITY) VALUES ('1764', 'København V');
INSERT INTO CITYINFO (ZIP, CITY) VALUES ('1765', 'København V');
INSERT INTO CITYINFO (ZIP, CITY) VALUES ('1766', 'København V');
INSERT INTO CITYINFO (ZIP, CITY) VALUES ('1770', 'København V');
INSERT INTO CITYINFO (ZIP, CITY) VALUES ('1771', 'København V');
INSERT INTO CITYINFO (ZIP, CITY) VALUES ('1772', 'København V');
INSERT INTO CITYINFO (ZIP, CITY) VALUES ('1773', 'København V');
INSERT INTO CITYINFO (ZIP, CITY) VALUES ('1774', 'København V');
INSERT INTO CITYINFO (ZIP, CITY) VALUES ('1775', 'København V');
INSERT INTO CITYINFO (ZIP, CITY) VALUES ('1777', 'København V');
INSERT INTO CITYINFO (ZIP, CITY) VALUES ('1780', 'København V');
INSERT INTO CITYINFO (ZIP, CITY) VALUES ('1782', 'København V');
INSERT INTO CITYINFO (ZIP, CITY) VALUES ('1785', 'København V');
INSERT INTO CITYINFO (ZIP, CITY) VALUES ('1786', 'København V');
INSERT INTO CITYINFO (ZIP, CITY) VALUES ('1787', 'København V');
INSERT INTO CITYINFO (ZIP, CITY) VALUES ('1790', 'København V');
INSERT INTO CITYINFO (ZIP, CITY) VALUES ('1799', 'København V');
INSERT INTO CITYINFO (ZIP, CITY) VALUES ('1800', 'Frederiksberg C');
INSERT INTO CITYINFO (ZIP, CITY) VALUES ('1801', 'Frederiksberg C');
INSERT INTO CITYINFO (ZIP, CITY) VALUES ('1802', 'Frederiksberg C');
INSERT INTO CITYINFO (ZIP, CITY) VALUES ('1803', 'Frederiksberg C');
INSERT INTO CITYINFO (ZIP, CITY) VALUES ('1804', 'Frederiksberg C');
INSERT INTO CITYINFO (ZIP, CITY) VALUES ('1805', 'Frederiksberg C');
INSERT INTO CITYINFO (ZIP, CITY) VALUES ('1806', 'Frederiksberg C');
INSERT INTO CITYINFO (ZIP, CITY) VALUES ('1807', 'Frederiksberg C');
INSERT INTO CITYINFO (ZIP, CITY) VALUES ('1808', 'Frederiksberg C');
INSERT INTO CITYINFO (ZIP, CITY) VALUES ('1809', 'Frederiksberg C');
INSERT INTO CITYINFO (ZIP, CITY) VALUES ('1810', 'Frederiksberg C');
INSERT INTO CITYINFO (ZIP, CITY) VALUES ('1811', 'Frederiksberg C');
INSERT INTO CITYINFO (ZIP, CITY) VALUES ('1812', 'Frederiksberg C');
INSERT INTO CITYINFO (ZIP, CITY) VALUES ('1813', 'Frederiksberg C');
INSERT INTO CITYINFO (ZIP, CITY) VALUES ('1814', 'Frederiksberg C');
INSERT INTO CITYINFO (ZIP, CITY) VALUES ('1815', 'Frederiksberg C');
INSERT INTO CITYINFO (ZIP, CITY) VALUES ('1816', 'Frederiksberg C');
INSERT INTO CITYINFO (ZIP, CITY) VALUES ('1817', 'Frederiksberg C');
INSERT INTO CITYINFO (ZIP, CITY) VALUES ('1818', 'Frederiksberg C');
INSERT INTO CITYINFO (ZIP, CITY) VALUES ('1819', 'Frederiksberg C');
INSERT INTO CITYINFO (ZIP, CITY) VALUES ('1820', 'Frederiksberg C');
INSERT INTO CITYINFO (ZIP, CITY) VALUES ('1822', 'Frederiksberg C');
INSERT INTO CITYINFO (ZIP, CITY) VALUES ('1823', 'Frederiksberg C');
INSERT INTO CITYINFO (ZIP, CITY) VALUES ('1824', 'Frederiksberg C');
INSERT INTO CITYINFO (ZIP, CITY) VALUES ('1825', 'Frederiksberg C');
INSERT INTO CITYINFO (ZIP, CITY) VALUES ('1826', 'Frederiksberg C');
INSERT INTO CITYINFO (ZIP, CITY) VALUES ('1827', 'Frederiksberg C');
INSERT INTO CITYINFO (ZIP, CITY) VALUES ('1828', 'Frederiksberg C');
INSERT INTO CITYINFO (ZIP, CITY) VALUES ('1829', 'Frederiksberg C');
INSERT INTO CITYINFO (ZIP, CITY) VALUES ('1835', 'Frederiksberg C');
INSERT INTO CITYINFO (ZIP, CITY) VALUES ('1850', 'Frederiksberg C');
INSERT INTO CITYINFO (ZIP, CITY) VALUES ('1851', 'Frederiksberg C');
INSERT INTO CITYINFO (ZIP, CITY) VALUES ('1852', 'Frederiksberg C');
INSERT INTO CITYINFO (ZIP, CITY) VALUES ('1853', 'Frederiksberg C');
INSERT INTO CITYINFO (ZIP, CITY) VALUES ('1854', 'Frederiksberg C');
INSERT INTO CITYINFO (ZIP, CITY) VALUES ('1855', 'Frederiksberg C');
INSERT INTO CITYINFO (ZIP, CITY) VALUES ('1856', 'Frederiksberg C');
INSERT INTO CITYINFO (ZIP, CITY) VALUES ('1857', 'Frederiksberg C');
INSERT INTO CITYINFO (ZIP, CITY) VALUES ('1860', 'Frederiksberg C');
INSERT INTO CITYINFO (ZIP, CITY) VALUES ('1861', 'Frederiksberg C');
INSERT INTO CITYINFO (ZIP, CITY) VALUES ('1862', 'Frederiksberg C');
INSERT INTO CITYINFO (ZIP, CITY) VALUES ('1863', 'Frederiksberg C');
INSERT INTO CITYINFO (ZIP, CITY) VALUES ('1864', 'Frederiksberg C');
INSERT INTO CITYINFO (ZIP, CITY) VALUES ('1865', 'Frederiksberg C');
INSERT INTO CITYINFO (ZIP, CITY) VALUES ('1866', 'Frederiksberg C');
INSERT INTO CITYINFO (ZIP, CITY) VALUES ('1867', 'Frederiksberg C');
INSERT INTO CITYINFO (ZIP, CITY) VALUES ('1868', 'Frederiksberg C');
INSERT INTO CITYINFO (ZIP, CITY) VALUES ('1870', 'Frederiksberg C');
INSERT INTO CITYINFO (ZIP, CITY) VALUES ('1871', 'Frederiksberg C');
INSERT INTO CITYINFO (ZIP, CITY) VALUES ('1872', 'Frederiksberg C');
INSERT INTO CITYINFO (ZIP, CITY) VALUES ('1873', 'Frederiksberg C');
INSERT INTO CITYINFO (ZIP, CITY) VALUES ('1874', 'Frederiksberg C');
INSERT INTO CITYINFO (ZIP, CITY) VALUES ('1875', 'Frederiksberg C');
INSERT INTO CITYINFO (ZIP, CITY) VALUES ('1876', 'Frederiksberg C');
INSERT INTO CITYINFO (ZIP, CITY) VALUES ('1877', 'Frederiksberg C');
INSERT INTO CITYINFO (ZIP, CITY) VALUES ('1878', 'Frederiksberg C');
INSERT INTO CITYINFO (ZIP, CITY) VALUES ('1879', 'Frederiksberg C');
INSERT INTO CITYINFO (ZIP, CITY) VALUES ('1900', 'Frederiksberg C');
INSERT INTO CITYINFO (ZIP, CITY) VALUES ('1901', 'Frederiksberg C');
INSERT INTO CITYINFO (ZIP, CITY) VALUES ('1902', 'Frederiksberg C');
INSERT INTO CITYINFO (ZIP, CITY) VALUES ('1903', 'Frederiksberg C');
INSERT INTO CITYINFO (ZIP, CITY) VALUES ('1904', 'Frederiksberg C');
INSERT INTO CITYINFO (ZIP, CITY) VALUES ('1905', 'Frederiksberg C');
INSERT INTO CITYINFO (ZIP, CITY) VALUES ('1906', 'Frederiksberg C');
INSERT INTO CITYINFO (ZIP, CITY) VALUES ('1908', 'Frederiksberg C');
INSERT INTO CITYINFO (ZIP, CITY) VALUES ('1909', 'Frederiksberg C');
INSERT INTO CITYINFO (ZIP, CITY) VALUES ('1910', 'Frederiksberg C');
INSERT INTO CITYINFO (ZIP, CITY) VALUES ('1911', 'Frederiksberg C');
INSERT INTO CITYINFO (ZIP, CITY) VALUES ('1912', 'Frederiksberg C');
INSERT INTO CITYINFO (ZIP, CITY) VALUES ('1913', 'Frederiksberg C');
INSERT INTO CITYINFO (ZIP, CITY) VALUES ('1914', 'Frederiksberg C');
INSERT INTO CITYINFO (ZIP, CITY) VALUES ('1915', 'Frederiksberg C');
INSERT INTO CITYINFO (ZIP, CITY) VALUES ('1916', 'Frederiksberg C');
INSERT INTO CITYINFO (ZIP, CITY) VALUES ('1917', 'Frederiksberg C');
INSERT INTO CITYINFO (ZIP, CITY) VALUES ('1920', 'Frederiksberg C');
INSERT INTO CITYINFO (ZIP, CITY) VALUES ('1921', 'Frederiksberg C');
INSERT INTO CITYINFO (ZIP, CITY) VALUES ('1922', 'Frederiksberg C');
INSERT INTO CITYINFO (ZIP, CITY) VALUES ('1923', 'Frederiksberg C');
INSERT INTO CITYINFO (ZIP, CITY) VALUES ('1924', 'Frederiksberg C');
INSERT INTO CITYINFO (ZIP, CITY) VALUES ('1925', 'Frederiksberg C');
INSERT INTO CITYINFO (ZIP, CITY) VALUES ('1926', 'Frederiksberg C');
INSERT INTO CITYINFO (ZIP, CITY) VALUES ('1927', 'Frederiksberg C');
INSERT INTO CITYINFO (ZIP, CITY) VALUES ('1928', 'Frederiksberg C');
INSERT INTO CITYINFO (ZIP, CITY) VALUES ('1931', 'Frederiksberg C');
INSERT INTO CITYINFO (ZIP, CITY) VALUES ('1950', 'Frederiksberg C');
INSERT INTO CITYINFO (ZIP, CITY) VALUES ('1951', 'Frederiksberg C');
INSERT INTO CITYINFO (ZIP, CITY) VALUES ('1952', 'Frederiksberg C');
INSERT INTO CITYINFO (ZIP, CITY) VALUES ('1953', 'Frederiksberg C');
INSERT INTO CITYINFO (ZIP, CITY) VALUES ('1954', 'Frederiksberg C');
INSERT INTO CITYINFO (ZIP, CITY) VALUES ('1955', 'Frederiksberg C');
INSERT INTO CITYINFO (ZIP, CITY) VALUES ('1956', 'Frederiksberg C');
INSERT INTO CITYINFO (ZIP, CITY) VALUES ('1957', 'Frederiksberg C');
INSERT INTO CITYINFO (ZIP, CITY) VALUES ('1958', 'Frederiksberg C');
INSERT INTO CITYINFO (ZIP, CITY) VALUES ('1959', 'Frederiksberg C');
INSERT INTO CITYINFO (ZIP, CITY) VALUES ('1960', 'Frederiksberg C');
INSERT INTO CITYINFO (ZIP, CITY) VALUES ('1961', 'Frederiksberg C');
INSERT INTO CITYINFO (ZIP, CITY) VALUES ('1962', 'Frederiksberg C');
INSERT INTO CITYINFO (ZIP, CITY) VALUES ('1963', 'Frederiksberg C');
INSERT INTO CITYINFO (ZIP, CITY) VALUES ('1964', 'Frederiksberg C');
INSERT INTO CITYINFO (ZIP, CITY) VALUES ('1965', 'Frederiksberg C');
INSERT INTO CITYINFO (ZIP, CITY) VALUES ('1966', 'Frederiksberg C');
INSERT INTO CITYINFO (ZIP, CITY) VALUES ('1967', 'Frederiksberg C');
INSERT INTO CITYINFO (ZIP, CITY) VALUES ('1970', 'Frederiksberg C');
INSERT INTO CITYINFO (ZIP, CITY) VALUES ('1971', 'Frederiksberg C');
INSERT INTO CITYINFO (ZIP, CITY) VALUES ('1972', 'Frederiksberg C');
INSERT INTO CITYINFO (ZIP, CITY) VALUES ('1973', 'Frederiksberg C');
INSERT INTO CITYINFO (ZIP, CITY) VALUES ('1974', 'Frederiksberg C');
INSERT INTO CITYINFO (ZIP, CITY) VALUES ('2000', 'Frederiksberg');
INSERT INTO CITYINFO (ZIP, CITY) VALUES ('2100', 'København Ø');
INSERT INTO CITYINFO (ZIP, CITY) VALUES ('2150', 'Nordhavn');
INSERT INTO CITYINFO (ZIP, CITY) VALUES ('2200', 'København N');
INSERT INTO CITYINFO (ZIP, CITY) VALUES ('2300', 'København S');
INSERT INTO CITYINFO (ZIP, CITY) VALUES ('2400', 'København NV');
INSERT INTO CITYINFO (ZIP, CITY) VALUES ('2450', 'København SV');
INSERT INTO CITYINFO (ZIP, CITY) VALUES ('2500', 'Valby');
INSERT INTO CITYINFO (ZIP, CITY) VALUES ('2600', 'Glostrup');
INSERT INTO CITYINFO (ZIP, CITY) VALUES ('2605', 'Brøndby');
INSERT INTO CITYINFO (ZIP, CITY) VALUES ('2610', 'Rødovre');
INSERT INTO CITYINFO (ZIP, CITY) VALUES ('2620', 'Albertslund');
INSERT INTO CITYINFO (ZIP, CITY) VALUES ('2625', 'Vallensbæk');
INSERT INTO CITYINFO (ZIP, CITY) VALUES ('2630', 'Taastrup');
INSERT INTO CITYINFO (ZIP, CITY) VALUES ('2635', 'Ishøj');
INSERT INTO CITYINFO (ZIP, CITY) VALUES ('2640', 'Hedehusene');
INSERT INTO CITYINFO (ZIP, CITY) VALUES ('2650', 'Hvidovre');
INSERT INTO CITYINFO (ZIP, CITY) VALUES ('2660', 'Brøndby Strand');
INSERT INTO CITYINFO (ZIP, CITY) VALUES ('2665', 'Vallensbæk Strand');
INSERT INTO CITYINFO (ZIP, CITY) VALUES ('2670', 'Greve');
INSERT INTO CITYINFO (ZIP, CITY) VALUES ('2680', 'Solrød Strand');
INSERT INTO CITYINFO (ZIP, CITY) VALUES ('2690', 'Karlslunde');
INSERT INTO CITYINFO (ZIP, CITY) VALUES ('2700', 'Brønshøj');
INSERT INTO CITYINFO (ZIP, CITY) VALUES ('2720', 'Vanløse');
INSERT INTO CITYINFO (ZIP, CITY) VALUES ('2730', 'Herlev');
INSERT INTO CITYINFO (ZIP, CITY) VALUES ('2740', 'Skovlunde');
INSERT INTO CITYINFO (ZIP, CITY) VALUES ('2750', 'Ballerup');
INSERT INTO CITYINFO (ZIP, CITY) VALUES ('2760', 'Måløv');
INSERT INTO CITYINFO (ZIP, CITY) VALUES ('2765', 'Smørum');
INSERT INTO CITYINFO (ZIP, CITY) VALUES ('2770', 'Kastrup');
INSERT INTO CITYINFO (ZIP, CITY) VALUES ('2791', 'Dragør');
INSERT INTO CITYINFO (ZIP, CITY) VALUES ('2800', 'Kongens Lyngby');
INSERT INTO CITYINFO (ZIP, CITY) VALUES ('2820', 'Gentofte');
INSERT INTO CITYINFO (ZIP, CITY) VALUES ('2830', 'Virum');
INSERT INTO CITYINFO (ZIP, CITY) VALUES ('2840', 'Holte');
INSERT INTO CITYINFO (ZIP, CITY) VALUES ('2850', 'Nærum');
INSERT INTO CITYINFO (ZIP, CITY) VALUES ('2860', 'Søborg');
INSERT INTO CITYINFO (ZIP, CITY) VALUES ('2870', 'Dyssegård');
INSERT INTO CITYINFO (ZIP, CITY) VALUES ('2880', 'Bagsværd');
INSERT INTO CITYINFO (ZIP, CITY) VALUES ('2900', 'Hellerup');
INSERT INTO CITYINFO (ZIP, CITY) VALUES ('2920', 'Charlottenlund');
INSERT INTO CITYINFO (ZIP, CITY) VALUES ('2930', 'Klampenborg');
INSERT INTO CITYINFO (ZIP, CITY) VALUES ('2942', 'Skodsborg');
INSERT INTO CITYINFO (ZIP, CITY) VALUES ('2950', 'Vedbæk');
INSERT INTO CITYINFO (ZIP, CITY) VALUES ('2960', 'Rungsted Kyst');
INSERT INTO CITYINFO (ZIP, CITY) VALUES ('2970', 'Hørsholm');
INSERT INTO CITYINFO (ZIP, CITY) VALUES ('2980', 'Kokkedal');
INSERT INTO CITYINFO (ZIP, CITY) VALUES ('2990', 'Nivå');
INSERT INTO CITYINFO (ZIP, CITY) VALUES ('3000', 'Helsingør');
INSERT INTO CITYINFO (ZIP, CITY) VALUES ('3050', 'Humlebæk');
INSERT INTO CITYINFO (ZIP, CITY) VALUES ('3060', 'Espergærde');
INSERT INTO CITYINFO (ZIP, CITY) VALUES ('3070', 'Snekkersten');
INSERT INTO CITYINFO (ZIP, CITY) VALUES ('3080', 'Tikøb');
INSERT INTO CITYINFO (ZIP, CITY) VALUES ('3100', 'Hornbæk');
INSERT INTO CITYINFO (ZIP, CITY) VALUES ('3120', 'Dronningmølle');
INSERT INTO CITYINFO (ZIP, CITY) VALUES ('3140', 'Ålsgårde');
INSERT INTO CITYINFO (ZIP, CITY) VALUES ('3150', 'Hellebæk');
INSERT INTO CITYINFO (ZIP, CITY) VALUES ('3200', 'Helsinge');
INSERT INTO CITYINFO (ZIP, CITY) VALUES ('3210', 'Vejby');
INSERT INTO CITYINFO (ZIP, CITY) VALUES ('3220', 'Tisvildeleje');
INSERT INTO CITYINFO (ZIP, CITY) VALUES ('3230', 'Græsted');
INSERT INTO CITYINFO (ZIP, CITY) VALUES ('3250', 'Gilleleje');
INSERT INTO CITYINFO (ZIP, CITY) VALUES ('3300', 'Frederiksværk');
INSERT INTO CITYINFO (ZIP, CITY) VALUES ('3310', 'Ølsted');
INSERT INTO CITYINFO (ZIP, CITY) VALUES ('3320', 'Skævinge');
INSERT INTO CITYINFO (ZIP, CITY) VALUES ('3330', 'Gørløse');
INSERT INTO CITYINFO (ZIP, CITY) VALUES ('3360', 'Liseleje');
INSERT INTO CITYINFO (ZIP, CITY) VALUES ('3370', 'Melby');
INSERT INTO CITYINFO (ZIP, CITY) VALUES ('3390', 'Hundested');
INSERT INTO CITYINFO (ZIP, CITY) VALUES ('3400', 'Hillerød');
INSERT INTO CITYINFO (ZIP, CITY) VALUES ('3450', 'Allerød');
INSERT INTO CITYINFO (ZIP, CITY) VALUES ('3460', 'Birkerød');
INSERT INTO CITYINFO (ZIP, CITY) VALUES ('3480', 'Fredensborg');
INSERT INTO CITYINFO (ZIP, CITY) VALUES ('3490', 'Kvistgård');
INSERT INTO CITYINFO (ZIP, CITY) VALUES ('3500', 'Værløse');
INSERT INTO CITYINFO (ZIP, CITY) VALUES ('3520', 'Farum');
INSERT INTO CITYINFO (ZIP, CITY) VALUES ('3540', 'Lynge');
INSERT INTO CITYINFO (ZIP, CITY) VALUES ('3550', 'Slangerup');
INSERT INTO CITYINFO (ZIP, CITY) VALUES ('3600', 'Frederikssund');
INSERT INTO CITYINFO (ZIP, CITY) VALUES ('3630', 'Jægerspris');
INSERT INTO CITYINFO (ZIP, CITY) VALUES ('3650', 'Ølstykke');
INSERT INTO CITYINFO (ZIP, CITY) VALUES ('3660', 'Stenløse');
INSERT INTO CITYINFO (ZIP, CITY) VALUES ('3670', 'Veksø Sjælland');
INSERT INTO CITYINFO (ZIP, CITY) VALUES ('3700', 'Rønne');
INSERT INTO CITYINFO (ZIP, CITY) VALUES ('3720', 'Aakirkeby');
INSERT INTO CITYINFO (ZIP, CITY) VALUES ('3730', 'Nexø');
INSERT INTO CITYINFO (ZIP, CITY) VALUES ('3740', 'Svaneke');
INSERT INTO CITYINFO (ZIP, CITY) VALUES ('3751', 'Østermarie');
INSERT INTO CITYINFO (ZIP, CITY) VALUES ('3760', 'Gudhjem');
INSERT INTO CITYINFO (ZIP, CITY) VALUES ('3770', 'Allinge');
INSERT INTO CITYINFO (ZIP, CITY) VALUES ('3782', 'Klemensker');
INSERT INTO CITYINFO (ZIP, CITY) VALUES ('3790', 'Hasle');
INSERT INTO CITYINFO (ZIP, CITY) VALUES ('4000', 'Roskilde');
INSERT INTO CITYINFO (ZIP, CITY) VALUES ('4030', 'Tune');
INSERT INTO CITYINFO (ZIP, CITY) VALUES ('4040', 'Jyllinge');
INSERT INTO CITYINFO (ZIP, CITY) VALUES ('4050', 'Skibby');
INSERT INTO CITYINFO (ZIP, CITY) VALUES ('4060', 'Kirke Såby');
INSERT INTO CITYINFO (ZIP, CITY) VALUES ('4070', 'Kirke Hyllinge');
INSERT INTO CITYINFO (ZIP, CITY) VALUES ('4100', 'Ringsted');
INSERT INTO CITYINFO (ZIP, CITY) VALUES ('4129', 'Ringsted');
INSERT INTO CITYINFO (ZIP, CITY) VALUES ('4130', 'Viby Sjælland');
INSERT INTO CITYINFO (ZIP, CITY) VALUES ('4140', 'Borup');
INSERT INTO CITYINFO (ZIP, CITY) VALUES ('4160', 'Herlufmagle');
INSERT INTO CITYINFO (ZIP, CITY) VALUES ('4171', 'Glumsø');
INSERT INTO CITYINFO (ZIP, CITY) VALUES ('4173', 'Fjenneslev');
INSERT INTO CITYINFO (ZIP, CITY) VALUES ('4174', 'Jystrup Midtsj');
INSERT INTO CITYINFO (ZIP, CITY) VALUES ('4180', 'Sorø');
INSERT INTO CITYINFO (ZIP, CITY) VALUES ('4190', 'Munke Bjergby');
INSERT INTO CITYINFO (ZIP, CITY) VALUES ('4200', 'Slagelse');
INSERT INTO CITYINFO (ZIP, CITY) VALUES ('4220', 'Korsør');
INSERT INTO CITYINFO (ZIP, CITY) VALUES ('4230', 'Skælskør');
INSERT INTO CITYINFO (ZIP, CITY) VALUES ('4241', 'Vemmelev');
INSERT INTO CITYINFO (ZIP, CITY) VALUES ('4242', 'Boeslunde');
INSERT INTO CITYINFO (ZIP, CITY) VALUES ('4243', 'Rude');
INSERT INTO CITYINFO (ZIP, CITY) VALUES ('4250', 'Fuglebjerg');
INSERT INTO CITYINFO (ZIP, CITY) VALUES ('4261', 'Dalmose');
INSERT INTO CITYINFO (ZIP, CITY) VALUES ('4262', 'Sandved');
INSERT INTO CITYINFO (ZIP, CITY) VALUES ('4270', 'Høng');
INSERT INTO CITYINFO (ZIP, CITY) VALUES ('4281', 'Gørlev');
INSERT INTO CITYINFO (ZIP, CITY) VALUES ('4291', 'Ruds Vedby');
INSERT INTO CITYINFO (ZIP, CITY) VALUES ('4293', 'Dianalund');
INSERT INTO CITYINFO (ZIP, CITY) VALUES ('4295', 'Stenlille');
INSERT INTO CITYINFO (ZIP, CITY) VALUES ('4296', 'Nyrup');
INSERT INTO CITYINFO (ZIP, CITY) VALUES ('4300', 'Holbæk');
INSERT INTO CITYINFO (ZIP, CITY) VALUES ('4320', 'Lejre');
INSERT INTO CITYINFO (ZIP, CITY) VALUES ('4330', 'Hvalsø');
INSERT INTO CITYINFO (ZIP, CITY) VALUES ('4340', 'Tølløse');
INSERT INTO CITYINFO (ZIP, CITY) VALUES ('4350', 'Ugerløse');
INSERT INTO CITYINFO (ZIP, CITY) VALUES ('4360', 'Kirke Eskilstrup');
INSERT INTO CITYINFO (ZIP, CITY) VALUES ('4370', 'Store Merløse');
INSERT INTO CITYINFO (ZIP, CITY) VALUES ('4390', 'Vipperød');
INSERT INTO CITYINFO (ZIP, CITY) VALUES ('4400', 'Kalundborg');
INSERT INTO CITYINFO (ZIP, CITY) VALUES ('4420', 'Regstrup');
INSERT INTO CITYINFO (ZIP, CITY) VALUES ('4440', 'Mørkøv');
INSERT INTO CITYINFO (ZIP, CITY) VALUES ('4450', 'Jyderup');
INSERT INTO CITYINFO (ZIP, CITY) VALUES ('4460', 'Snertinge');
INSERT INTO CITYINFO (ZIP, CITY) VALUES ('4470', 'Svebølle');
INSERT INTO CITYINFO (ZIP, CITY) VALUES ('4480', 'Store Fuglede');
INSERT INTO CITYINFO (ZIP, CITY) VALUES ('4490', 'Jerslev Sjælland');
INSERT INTO CITYINFO (ZIP, CITY) VALUES ('4500', 'Nykøbing Sj');
INSERT INTO CITYINFO (ZIP, CITY) VALUES ('4520', 'Svinninge');
INSERT INTO CITYINFO (ZIP, CITY) VALUES ('4532', 'Gislinge');
INSERT INTO CITYINFO (ZIP, CITY) VALUES ('4534', 'Hørve');
INSERT INTO CITYINFO (ZIP, CITY) VALUES ('4540', 'Fårevejle');
INSERT INTO CITYINFO (ZIP, CITY) VALUES ('4550', 'Asnæs');
INSERT INTO CITYINFO (ZIP, CITY) VALUES ('4560', 'Vig');
INSERT INTO CITYINFO (ZIP, CITY) VALUES ('4571', 'Grevinge');
INSERT INTO CITYINFO (ZIP, CITY) VALUES ('4572', 'Nørre Asmindrup');
INSERT INTO CITYINFO (ZIP, CITY) VALUES ('4573', 'Højby');
INSERT INTO CITYINFO (ZIP, CITY) VALUES ('4581', 'Rørvig');
INSERT INTO CITYINFO (ZIP, CITY) VALUES ('4583', 'Sjællands Odde');
INSERT INTO CITYINFO (ZIP, CITY) VALUES ('4591', 'Føllenslev');
INSERT INTO CITYINFO (ZIP, CITY) VALUES ('4592', 'Sejerø');
INSERT INTO CITYINFO (ZIP, CITY) VALUES ('4593', 'Eskebjerg');
INSERT INTO CITYINFO (ZIP, CITY) VALUES ('4600', 'Køge');
INSERT INTO CITYINFO (ZIP, CITY) VALUES ('4621', 'Gadstrup');
INSERT INTO CITYINFO (ZIP, CITY) VALUES ('4622', 'Havdrup');
INSERT INTO CITYINFO (ZIP, CITY) VALUES ('4623', 'Lille Skensved');
INSERT INTO CITYINFO (ZIP, CITY) VALUES ('4632', 'Bjæverskov');
INSERT INTO CITYINFO (ZIP, CITY) VALUES ('4640', 'Faxe');
INSERT INTO CITYINFO (ZIP, CITY) VALUES ('4652', 'Hårlev');
INSERT INTO CITYINFO (ZIP, CITY) VALUES ('4653', 'Karise');
INSERT INTO CITYINFO (ZIP, CITY) VALUES ('4654', 'Faxe Ladeplads');
INSERT INTO CITYINFO (ZIP, CITY) VALUES ('4660', 'Store Heddinge');
INSERT INTO CITYINFO (ZIP, CITY) VALUES ('4671', 'Strøby');
INSERT INTO CITYINFO (ZIP, CITY) VALUES ('4672', 'Klippinge');
INSERT INTO CITYINFO (ZIP, CITY) VALUES ('4673', 'Rødvig Stevns');
INSERT INTO CITYINFO (ZIP, CITY) VALUES ('4681', 'Herfølge');
INSERT INTO CITYINFO (ZIP, CITY) VALUES ('4682', 'Tureby');
INSERT INTO CITYINFO (ZIP, CITY) VALUES ('4683', 'Rønnede');
INSERT INTO CITYINFO (ZIP, CITY) VALUES ('4684', 'Holmegaard');
INSERT INTO CITYINFO (ZIP, CITY) VALUES ('4690', 'Haslev');
INSERT INTO CITYINFO (ZIP, CITY) VALUES ('4700', 'Næstved');
INSERT INTO CITYINFO (ZIP, CITY) VALUES ('4720', 'Præstø');
INSERT INTO CITYINFO (ZIP, CITY) VALUES ('4733', 'Tappernøje');
INSERT INTO CITYINFO (ZIP, CITY) VALUES ('4735', 'Mern');
INSERT INTO CITYINFO (ZIP, CITY) VALUES ('4736', 'Karrebæksminde');
INSERT INTO CITYINFO (ZIP, CITY) VALUES ('4750', 'Lundby');
INSERT INTO CITYINFO (ZIP, CITY) VALUES ('4760', 'Vordingborg');
INSERT INTO CITYINFO (ZIP, CITY) VALUES ('4771', 'Kalvehave');
INSERT INTO CITYINFO (ZIP, CITY) VALUES ('4772', 'Langebæk');
INSERT INTO CITYINFO (ZIP, CITY) VALUES ('4773', 'Stensved');
INSERT INTO CITYINFO (ZIP, CITY) VALUES ('4780', 'Stege');
INSERT INTO CITYINFO (ZIP, CITY) VALUES ('4791', 'Borre');
INSERT INTO CITYINFO (ZIP, CITY) VALUES ('4792', 'Askeby');
INSERT INTO CITYINFO (ZIP, CITY) VALUES ('4793', 'Bogø By');
INSERT INTO CITYINFO (ZIP, CITY) VALUES ('4800', 'Nykøbing F');
INSERT INTO CITYINFO (ZIP, CITY) VALUES ('4840', 'Nørre Alslev');
INSERT INTO CITYINFO (ZIP, CITY) VALUES ('4850', 'Stubbekøbing');
INSERT INTO CITYINFO (ZIP, CITY) VALUES ('4862', 'Guldborg');
INSERT INTO CITYINFO (ZIP, CITY) VALUES ('4863', 'Eskilstrup');
INSERT INTO CITYINFO (ZIP, CITY) VALUES ('4871', 'Horbelev');
INSERT INTO CITYINFO (ZIP, CITY) VALUES ('4872', 'Idestrup');
INSERT INTO CITYINFO (ZIP, CITY) VALUES ('4873', 'Væggerløse');
INSERT INTO CITYINFO (ZIP, CITY) VALUES ('4874', 'Gedser');
INSERT INTO CITYINFO (ZIP, CITY) VALUES ('4880', 'Nysted');
INSERT INTO CITYINFO (ZIP, CITY) VALUES ('4891', 'Toreby L');
INSERT INTO CITYINFO (ZIP, CITY) VALUES ('4892', 'Kettinge');
INSERT INTO CITYINFO (ZIP, CITY) VALUES ('4894', 'Øster Ulslev');
INSERT INTO CITYINFO (ZIP, CITY) VALUES ('4895', 'Errindlev');
INSERT INTO CITYINFO (ZIP, CITY) VALUES ('4900', 'Nakskov');
INSERT INTO CITYINFO (ZIP, CITY) VALUES ('4912', 'Harpelunde');
INSERT INTO CITYINFO (ZIP, CITY) VALUES ('4913', 'Horslunde');
INSERT INTO CITYINFO (ZIP, CITY) VALUES ('4920', 'Søllested');
INSERT INTO CITYINFO (ZIP, CITY) VALUES ('4930', 'Maribo');
INSERT INTO CITYINFO (ZIP, CITY) VALUES ('4941', 'Bandholm');
INSERT INTO CITYINFO (ZIP, CITY) VALUES ('4943', 'Torrig L');
INSERT INTO CITYINFO (ZIP, CITY) VALUES ('4944', 'Fejø');
INSERT INTO CITYINFO (ZIP, CITY) VALUES ('4951', 'Nørreballe');
INSERT INTO CITYINFO (ZIP, CITY) VALUES ('4952', 'Stokkemarke');
INSERT INTO CITYINFO (ZIP, CITY) VALUES ('4953', 'Vesterborg');
INSERT INTO CITYINFO (ZIP, CITY) VALUES ('4960', 'Holeby');
INSERT INTO CITYINFO (ZIP, CITY) VALUES ('4970', 'Rødby');
INSERT INTO CITYINFO (ZIP, CITY) VALUES ('4983', 'Dannemare');
INSERT INTO CITYINFO (ZIP, CITY) VALUES ('4990', 'Sakskøbing');
INSERT INTO CITYINFO (ZIP, CITY) VALUES ('4992', 'Midtsjælland USF P');
INSERT INTO CITYINFO (ZIP, CITY) VALUES ('5000', 'Odense C');
INSERT INTO CITYINFO (ZIP, CITY) VALUES ('5029', 'Odense C');
INSERT INTO CITYINFO (ZIP, CITY) VALUES ('5100', 'Odense C');
INSERT INTO CITYINFO (ZIP, CITY) VALUES ('5200', 'Odense V');
INSERT INTO CITYINFO (ZIP, CITY) VALUES ('5210', 'Odense NV');
INSERT INTO CITYINFO (ZIP, CITY) VALUES ('5220', 'Odense SØ');
INSERT INTO CITYINFO (ZIP, CITY) VALUES ('5230', 'Odense M');
INSERT INTO CITYINFO (ZIP, CITY) VALUES ('5240', 'Odense NØ');
INSERT INTO CITYINFO (ZIP, CITY) VALUES ('5250', 'Odense SV');
INSERT INTO CITYINFO (ZIP, CITY) VALUES ('5260', 'Odense S');
INSERT INTO CITYINFO (ZIP, CITY) VALUES ('5270', 'Odense N');
INSERT INTO CITYINFO (ZIP, CITY) VALUES ('5290', 'Marslev');
INSERT INTO CITYINFO (ZIP, CITY) VALUES ('5300', 'Kerteminde');
INSERT INTO CITYINFO (ZIP, CITY) VALUES ('5320', 'Agedrup');
INSERT INTO CITYINFO (ZIP, CITY) VALUES ('5330', 'Munkebo');
INSERT INTO CITYINFO (ZIP, CITY) VALUES ('5350', 'Rynkeby');
INSERT INTO CITYINFO (ZIP, CITY) VALUES ('5370', 'Mesinge');
INSERT INTO CITYINFO (ZIP, CITY) VALUES ('5380', 'Dalby');
INSERT INTO CITYINFO (ZIP, CITY) VALUES ('5390', 'Martofte');
INSERT INTO CITYINFO (ZIP, CITY) VALUES ('5400', 'Bogense');
INSERT INTO CITYINFO (ZIP, CITY) VALUES ('5450', 'Otterup');
INSERT INTO CITYINFO (ZIP, CITY) VALUES ('5462', 'Morud');
INSERT INTO CITYINFO (ZIP, CITY) VALUES ('5463', 'Harndrup');
INSERT INTO CITYINFO (ZIP, CITY) VALUES ('5464', 'Brenderup Fyn');
INSERT INTO CITYINFO (ZIP, CITY) VALUES ('5466', 'Asperup');
INSERT INTO CITYINFO (ZIP, CITY) VALUES ('5471', 'Søndersø');
INSERT INTO CITYINFO (ZIP, CITY) VALUES ('5474', 'Veflinge');
INSERT INTO CITYINFO (ZIP, CITY) VALUES ('5485', 'Skamby');
INSERT INTO CITYINFO (ZIP, CITY) VALUES ('5491', 'Blommenslyst');
INSERT INTO CITYINFO (ZIP, CITY) VALUES ('5492', 'Vissenbjerg');
INSERT INTO CITYINFO (ZIP, CITY) VALUES ('5500', 'Middelfart');
INSERT INTO CITYINFO (ZIP, CITY) VALUES ('5540', 'Ullerslev');
INSERT INTO CITYINFO (ZIP, CITY) VALUES ('5550', 'Langeskov');
INSERT INTO CITYINFO (ZIP, CITY) VALUES ('5560', 'Aarup');
INSERT INTO CITYINFO (ZIP, CITY) VALUES ('5580', 'Nørre Aaby');
INSERT INTO CITYINFO (ZIP, CITY) VALUES ('5591', 'Gelsted');
INSERT INTO CITYINFO (ZIP, CITY) VALUES ('5592', 'Ejby');
INSERT INTO CITYINFO (ZIP, CITY) VALUES ('5600', 'Faaborg');
INSERT INTO CITYINFO (ZIP, CITY) VALUES ('5610', 'Assens');
INSERT INTO CITYINFO (ZIP, CITY) VALUES ('5620', 'Glamsbjerg');
INSERT INTO CITYINFO (ZIP, CITY) VALUES ('5631', 'Ebberup');
INSERT INTO CITYINFO (ZIP, CITY) VALUES ('5642', 'Millinge');
INSERT INTO CITYINFO (ZIP, CITY) VALUES ('5672', 'Broby');
INSERT INTO CITYINFO (ZIP, CITY) VALUES ('5683', 'Haarby');
INSERT INTO CITYINFO (ZIP, CITY) VALUES ('5690', 'Tommerup');
INSERT INTO CITYINFO (ZIP, CITY) VALUES ('5700', 'Svendborg');
INSERT INTO CITYINFO (ZIP, CITY) VALUES ('5750', 'Ringe');
INSERT INTO CITYINFO (ZIP, CITY) VALUES ('5762', 'Vester Skerninge');
INSERT INTO CITYINFO (ZIP, CITY) VALUES ('5771', 'Stenstrup');
INSERT INTO CITYINFO (ZIP, CITY) VALUES ('5772', 'Kværndrup');
INSERT INTO CITYINFO (ZIP, CITY) VALUES ('5792', 'Årslev');
INSERT INTO CITYINFO (ZIP, CITY) VALUES ('5800', 'Nyborg');
INSERT INTO CITYINFO (ZIP, CITY) VALUES ('5853', 'Ørbæk');
INSERT INTO CITYINFO (ZIP, CITY) VALUES ('5854', 'Gislev');
INSERT INTO CITYINFO (ZIP, CITY) VALUES ('5856', 'Ryslinge');
INSERT INTO CITYINFO (ZIP, CITY) VALUES ('5863', 'Ferritslev Fyn');
INSERT INTO CITYINFO (ZIP, CITY) VALUES ('5871', 'Frørup');
INSERT INTO CITYINFO (ZIP, CITY) VALUES ('5874', 'Hesselager');
INSERT INTO CITYINFO (ZIP, CITY) VALUES ('5881', 'Skårup Fyn');
INSERT INTO CITYINFO (ZIP, CITY) VALUES ('5882', 'Vejstrup');
INSERT INTO CITYINFO (ZIP, CITY) VALUES ('5883', 'Oure');
INSERT INTO CITYINFO (ZIP, CITY) VALUES ('5884', 'Gudme');
INSERT INTO CITYINFO (ZIP, CITY) VALUES ('5892', 'Gudbjerg Sydfyn');
INSERT INTO CITYINFO (ZIP, CITY) VALUES ('5900', 'Rudkøbing');
INSERT INTO CITYINFO (ZIP, CITY) VALUES ('5932', 'Humble');
INSERT INTO CITYINFO (ZIP, CITY) VALUES ('5935', 'Bagenkop');
INSERT INTO CITYINFO (ZIP, CITY) VALUES ('5953', 'Tranekær');
INSERT INTO CITYINFO (ZIP, CITY) VALUES ('5960', 'Marstal');
INSERT INTO CITYINFO (ZIP, CITY) VALUES ('5970', 'Ærøskøbing');
INSERT INTO CITYINFO (ZIP, CITY) VALUES ('5985', 'Søby Ærø');
INSERT INTO CITYINFO (ZIP, CITY) VALUES ('6000', 'Kolding');
INSERT INTO CITYINFO (ZIP, CITY) VALUES ('6040', 'Egtved');
INSERT INTO CITYINFO (ZIP, CITY) VALUES ('6051', 'Almind');
INSERT INTO CITYINFO (ZIP, CITY) VALUES ('6052', 'Viuf');
INSERT INTO CITYINFO (ZIP, CITY) VALUES ('6064', 'Jordrup');
INSERT INTO CITYINFO (ZIP, CITY) VALUES ('6070', 'Christiansfeld');
INSERT INTO CITYINFO (ZIP, CITY) VALUES ('6091', 'Bjert');
INSERT INTO CITYINFO (ZIP, CITY) VALUES ('6092', 'Sønder Stenderup');
INSERT INTO CITYINFO (ZIP, CITY) VALUES ('6093', 'Sjølund');
INSERT INTO CITYINFO (ZIP, CITY) VALUES ('6094', 'Hejls');
INSERT INTO CITYINFO (ZIP, CITY) VALUES ('6100', 'Haderslev');
INSERT INTO CITYINFO (ZIP, CITY) VALUES ('6200', 'Aabenraa');
INSERT INTO CITYINFO (ZIP, CITY) VALUES ('6230', 'Rødekro');
INSERT INTO CITYINFO (ZIP, CITY) VALUES ('6240', 'Løgumkloster');
INSERT INTO CITYINFO (ZIP, CITY) VALUES ('6261', 'Bredebro');
INSERT INTO CITYINFO (ZIP, CITY) VALUES ('6270', 'Tønder');
INSERT INTO CITYINFO (ZIP, CITY) VALUES ('6280', 'Højer');
INSERT INTO CITYINFO (ZIP, CITY) VALUES ('6300', 'Gråsten');
INSERT INTO CITYINFO (ZIP, CITY) VALUES ('6310', 'Broager');
INSERT INTO CITYINFO (ZIP, CITY) VALUES ('6320', 'Egernsund');
INSERT INTO CITYINFO (ZIP, CITY) VALUES ('6330', 'Padborg');
INSERT INTO CITYINFO (ZIP, CITY) VALUES ('6340', 'Kruså');
INSERT INTO CITYINFO (ZIP, CITY) VALUES ('6360', 'Tinglev');
INSERT INTO CITYINFO (ZIP, CITY) VALUES ('6372', 'Bylderup-Bov');
INSERT INTO CITYINFO (ZIP, CITY) VALUES ('6392', 'Bolderslev');
INSERT INTO CITYINFO (ZIP, CITY) VALUES ('6400', 'Sønderborg');
INSERT INTO CITYINFO (ZIP, CITY) VALUES ('6430', 'Nordborg');
INSERT INTO CITYINFO (ZIP, CITY) VALUES ('6440', 'Augustenborg');
INSERT INTO CITYINFO (ZIP, CITY) VALUES ('6470', 'Sydals');
INSERT INTO CITYINFO (ZIP, CITY) VALUES ('6500', 'Vojens');
INSERT INTO CITYINFO (ZIP, CITY) VALUES ('6510', 'Gram');
INSERT INTO CITYINFO (ZIP, CITY) VALUES ('6520', 'Toftlund');
INSERT INTO CITYINFO (ZIP, CITY) VALUES ('6534', 'Agerskov');
INSERT INTO CITYINFO (ZIP, CITY) VALUES ('6535', 'Branderup J');
INSERT INTO CITYINFO (ZIP, CITY) VALUES ('6541', 'Bevtoft');
INSERT INTO CITYINFO (ZIP, CITY) VALUES ('6560', 'Sommersted');
INSERT INTO CITYINFO (ZIP, CITY) VALUES ('6580', 'Vamdrup');
INSERT INTO CITYINFO (ZIP, CITY) VALUES ('6600', 'Vejen');
INSERT INTO CITYINFO (ZIP, CITY) VALUES ('6621', 'Gesten');
INSERT INTO CITYINFO (ZIP, CITY) VALUES ('6622', 'Bække');
INSERT INTO CITYINFO (ZIP, CITY) VALUES ('6623', 'Vorbasse');
INSERT INTO CITYINFO (ZIP, CITY) VALUES ('6630', 'Rødding');
INSERT INTO CITYINFO (ZIP, CITY) VALUES ('6640', 'Lunderskov');
INSERT INTO CITYINFO (ZIP, CITY) VALUES ('6650', 'Brørup');
INSERT INTO CITYINFO (ZIP, CITY) VALUES ('6660', 'Lintrup');
INSERT INTO CITYINFO (ZIP, CITY) VALUES ('6670', 'Holsted');
INSERT INTO CITYINFO (ZIP, CITY) VALUES ('6682', 'Hovborg');
INSERT INTO CITYINFO (ZIP, CITY) VALUES ('6683', 'Føvling');
INSERT INTO CITYINFO (ZIP, CITY) VALUES ('6690', 'Gørding');
INSERT INTO CITYINFO (ZIP, CITY) VALUES ('6700', 'Esbjerg');
INSERT INTO CITYINFO (ZIP, CITY) VALUES ('6701', 'Esbjerg');
INSERT INTO CITYINFO (ZIP, CITY) VALUES ('6705', 'Esbjerg Ø');
INSERT INTO CITYINFO (ZIP, CITY) VALUES ('6710', 'Esbjerg V');
INSERT INTO CITYINFO (ZIP, CITY) VALUES ('6715', 'Esbjerg N');
INSERT INTO CITYINFO (ZIP, CITY) VALUES ('6720', 'Fanø');
INSERT INTO CITYINFO (ZIP, CITY) VALUES ('6731', 'Tjæreborg');
INSERT INTO CITYINFO (ZIP, CITY) VALUES ('6740', 'Bramming');
INSERT INTO CITYINFO (ZIP, CITY) VALUES ('6752', 'Glejbjerg');
INSERT INTO CITYINFO (ZIP, CITY) VALUES ('6753', 'Agerbæk');
INSERT INTO CITYINFO (ZIP, CITY) VALUES ('6760', 'Ribe');
INSERT INTO CITYINFO (ZIP, CITY) VALUES ('6771', 'Gredstedbro');
INSERT INTO CITYINFO (ZIP, CITY) VALUES ('6780', 'Skærbæk');
INSERT INTO CITYINFO (ZIP, CITY) VALUES ('6792', 'Rømø');
INSERT INTO CITYINFO (ZIP, CITY) VALUES ('6800', 'Varde');
INSERT INTO CITYINFO (ZIP, CITY) VALUES ('6818', 'Årre');
INSERT INTO CITYINFO (ZIP, CITY) VALUES ('6823', 'Ansager');
INSERT INTO CITYINFO (ZIP, CITY) VALUES ('6830', 'Nørre Nebel');
INSERT INTO CITYINFO (ZIP, CITY) VALUES ('6840', 'Oksbøl');
INSERT INTO CITYINFO (ZIP, CITY) VALUES ('6851', 'Janderup Vestj');
INSERT INTO CITYINFO (ZIP, CITY) VALUES ('6852', 'Billum');
INSERT INTO CITYINFO (ZIP, CITY) VALUES ('6853', 'Vejers Strand');
INSERT INTO CITYINFO (ZIP, CITY) VALUES ('6854', 'Henne');
INSERT INTO CITYINFO (ZIP, CITY) VALUES ('6855', 'Outrup');
INSERT INTO CITYINFO (ZIP, CITY) VALUES ('6857', 'Blåvand');
INSERT INTO CITYINFO (ZIP, CITY) VALUES ('6862', 'Tistrup');
INSERT INTO CITYINFO (ZIP, CITY) VALUES ('6870', 'Ølgod');
INSERT INTO CITYINFO (ZIP, CITY) VALUES ('6880', 'Tarm');
INSERT INTO CITYINFO (ZIP, CITY) VALUES ('6893', 'Hemmet');
INSERT INTO CITYINFO (ZIP, CITY) VALUES ('6900', 'Skjern');
INSERT INTO CITYINFO (ZIP, CITY) VALUES ('6920', 'Videbæk');
INSERT INTO CITYINFO (ZIP, CITY) VALUES ('6933', 'Kibæk');
INSERT INTO CITYINFO (ZIP, CITY) VALUES ('6940', 'Lem St');
INSERT INTO CITYINFO (ZIP, CITY) VALUES ('6950', 'Ringkøbing');
INSERT INTO CITYINFO (ZIP, CITY) VALUES ('6960', 'Hvide Sande');
INSERT INTO CITYINFO (ZIP, CITY) VALUES ('6971', 'Spjald');
INSERT INTO CITYINFO (ZIP, CITY) VALUES ('6973', 'Ørnhøj');
INSERT INTO CITYINFO (ZIP, CITY) VALUES ('6980', 'Tim');
INSERT INTO CITYINFO (ZIP, CITY) VALUES ('6990', 'Ulfborg');
INSERT INTO CITYINFO (ZIP, CITY) VALUES ('7000', 'Fredericia');
INSERT INTO CITYINFO (ZIP, CITY) VALUES ('7007', 'Fredericia');
INSERT INTO CITYINFO (ZIP, CITY) VALUES ('7017', 'Taulov Pakkecenter');
INSERT INTO CITYINFO (ZIP, CITY) VALUES ('7018', 'Pakker TLP');
INSERT INTO CITYINFO (ZIP, CITY) VALUES ('7029', 'Fredericia');
INSERT INTO CITYINFO (ZIP, CITY) VALUES ('7080', 'Børkop');
INSERT INTO CITYINFO (ZIP, CITY) VALUES ('7100', 'Vejle');
INSERT INTO CITYINFO (ZIP, CITY) VALUES ('7120', 'Vejle Øst');
INSERT INTO CITYINFO (ZIP, CITY) VALUES ('7130', 'Juelsminde');
INSERT INTO CITYINFO (ZIP, CITY) VALUES ('7140', 'Stouby');
INSERT INTO CITYINFO (ZIP, CITY) VALUES ('7150', 'Barrit');
INSERT INTO CITYINFO (ZIP, CITY) VALUES ('7160', 'Tørring');
INSERT INTO CITYINFO (ZIP, CITY) VALUES ('7171', 'Uldum');
INSERT INTO CITYINFO (ZIP, CITY) VALUES ('7173', 'Vonge');
INSERT INTO CITYINFO (ZIP, CITY) VALUES ('7182', 'Bredsten');
INSERT INTO CITYINFO (ZIP, CITY) VALUES ('7183', 'Randbøl');
INSERT INTO CITYINFO (ZIP, CITY) VALUES ('7184', 'Vandel');
INSERT INTO CITYINFO (ZIP, CITY) VALUES ('7190', 'Billund');
INSERT INTO CITYINFO (ZIP, CITY) VALUES ('7200', 'Grindsted');
INSERT INTO CITYINFO (ZIP, CITY) VALUES ('7250', 'Hejnsvig');
INSERT INTO CITYINFO (ZIP, CITY) VALUES ('7260', 'Sønder Omme');
INSERT INTO CITYINFO (ZIP, CITY) VALUES ('7270', 'Stakroge');
INSERT INTO CITYINFO (ZIP, CITY) VALUES ('7280', 'Sønder Felding');
INSERT INTO CITYINFO (ZIP, CITY) VALUES ('7300', 'Jelling');
INSERT INTO CITYINFO (ZIP, CITY) VALUES ('7321', 'Gadbjerg');
INSERT INTO CITYINFO (ZIP, CITY) VALUES ('7323', 'Give');
INSERT INTO CITYINFO (ZIP, CITY) VALUES ('7330', 'Brande');
INSERT INTO CITYINFO (ZIP, CITY) VALUES ('7361', 'Ejstrupholm');
INSERT INTO CITYINFO (ZIP, CITY) VALUES ('7362', 'Hampen');
INSERT INTO CITYINFO (ZIP, CITY) VALUES ('7400', 'Herning');
INSERT INTO CITYINFO (ZIP, CITY) VALUES ('7429', 'Herning');
INSERT INTO CITYINFO (ZIP, CITY) VALUES ('7430', 'Ikast');
INSERT INTO CITYINFO (ZIP, CITY) VALUES ('7441', 'Bording');
INSERT INTO CITYINFO (ZIP, CITY) VALUES ('7442', 'Engesvang');
INSERT INTO CITYINFO (ZIP, CITY) VALUES ('7451', 'Sunds');
INSERT INTO CITYINFO (ZIP, CITY) VALUES ('7470', 'Karup J');
INSERT INTO CITYINFO (ZIP, CITY) VALUES ('7480', 'Vildbjerg');
INSERT INTO CITYINFO (ZIP, CITY) VALUES ('7490', 'Aulum');
INSERT INTO CITYINFO (ZIP, CITY) VALUES ('7500', 'Holstebro');
INSERT INTO CITYINFO (ZIP, CITY) VALUES ('7540', 'Haderup');
INSERT INTO CITYINFO (ZIP, CITY) VALUES ('7550', 'Sørvad');
INSERT INTO CITYINFO (ZIP, CITY) VALUES ('7560', 'Hjerm');
INSERT INTO CITYINFO (ZIP, CITY) VALUES ('7570', 'Vemb');
INSERT INTO CITYINFO (ZIP, CITY) VALUES ('7600', 'Struer');
INSERT INTO CITYINFO (ZIP, CITY) VALUES ('7620', 'Lemvig');
INSERT INTO CITYINFO (ZIP, CITY) VALUES ('7650', 'Bøvlingbjerg');
INSERT INTO CITYINFO (ZIP, CITY) VALUES ('7660', 'Bækmarksbro');
INSERT INTO CITYINFO (ZIP, CITY) VALUES ('7673', 'Harboøre');
INSERT INTO CITYINFO (ZIP, CITY) VALUES ('7680', 'Thyborøn');
INSERT INTO CITYINFO (ZIP, CITY) VALUES ('7700', 'Thisted');
INSERT INTO CITYINFO (ZIP, CITY) VALUES ('7730', 'Hanstholm');
INSERT INTO CITYINFO (ZIP, CITY) VALUES ('7741', 'Frøstrup');
INSERT INTO CITYINFO (ZIP, CITY) VALUES ('7742', 'Vesløs');
INSERT INTO CITYINFO (ZIP, CITY) VALUES ('7752', 'Snedsted');
INSERT INTO CITYINFO (ZIP, CITY) VALUES ('7755', 'Bedsted Thy');
INSERT INTO CITYINFO (ZIP, CITY) VALUES ('7760', 'Hurup Thy');
INSERT INTO CITYINFO (ZIP, CITY) VALUES ('7770', 'Vestervig');
INSERT INTO CITYINFO (ZIP, CITY) VALUES ('7790', 'Thyholm');
INSERT INTO CITYINFO (ZIP, CITY) VALUES ('7800', 'Skive');
INSERT INTO CITYINFO (ZIP, CITY) VALUES ('7830', 'Vinderup');
INSERT INTO CITYINFO (ZIP, CITY) VALUES ('7840', 'Højslev');
INSERT INTO CITYINFO (ZIP, CITY) VALUES ('7850', 'Stoholm Jyll');
INSERT INTO CITYINFO (ZIP, CITY) VALUES ('7860', 'Spøttrup');
INSERT INTO CITYINFO (ZIP, CITY) VALUES ('7870', 'Roslev');
INSERT INTO CITYINFO (ZIP, CITY) VALUES ('7884', 'Fur');
INSERT INTO CITYINFO (ZIP, CITY) VALUES ('7900', 'Nykøbing M');
INSERT INTO CITYINFO (ZIP, CITY) VALUES ('7950', 'Erslev');
INSERT INTO CITYINFO (ZIP, CITY) VALUES ('7960', 'Karby');
INSERT INTO CITYINFO (ZIP, CITY) VALUES ('7970', 'Redsted M');
INSERT INTO CITYINFO (ZIP, CITY) VALUES ('7980', 'Vils');
INSERT INTO CITYINFO (ZIP, CITY) VALUES ('7990', 'Øster Assels');
INSERT INTO CITYINFO (ZIP, CITY) VALUES ('7992', 'Sydjylland/Fyn USF P');
INSERT INTO CITYINFO (ZIP, CITY) VALUES ('7993', 'Sydjylland/Fyn USF B');
INSERT INTO CITYINFO (ZIP, CITY) VALUES ('7996', 'Fakturaservice');
INSERT INTO CITYINFO (ZIP, CITY) VALUES ('7997', 'Fakturascanning');
INSERT INTO CITYINFO (ZIP, CITY) VALUES ('7998', 'Statsservice');
INSERT INTO CITYINFO (ZIP, CITY) VALUES ('7999', 'Kommunepost');
INSERT INTO CITYINFO (ZIP, CITY) VALUES ('8000', 'Aarhus C');
INSERT INTO CITYINFO (ZIP, CITY) VALUES ('8100', 'Aarhus C');
INSERT INTO CITYINFO (ZIP, CITY) VALUES ('8200', 'Aarhus N');
INSERT INTO CITYINFO (ZIP, CITY) VALUES ('8210', 'Aarhus V');
INSERT INTO CITYINFO (ZIP, CITY) VALUES ('8220', 'Brabrand');
INSERT INTO CITYINFO (ZIP, CITY) VALUES ('8229', 'Risskov Ø');
INSERT INTO CITYINFO (ZIP, CITY) VALUES ('8230', 'Åbyhøj');
INSERT INTO CITYINFO (ZIP, CITY) VALUES ('8240', 'Risskov');
INSERT INTO CITYINFO (ZIP, CITY) VALUES ('8245', 'Risskov Ø');
INSERT INTO CITYINFO (ZIP, CITY) VALUES ('8250', 'Egå');
INSERT INTO CITYINFO (ZIP, CITY) VALUES ('8260', 'Viby J');
INSERT INTO CITYINFO (ZIP, CITY) VALUES ('8270', 'Højbjerg');
INSERT INTO CITYINFO (ZIP, CITY) VALUES ('8300', 'Odder');
INSERT INTO CITYINFO (ZIP, CITY) VALUES ('8305', 'Samsø');
INSERT INTO CITYINFO (ZIP, CITY) VALUES ('8310', 'Tranbjerg J');
INSERT INTO CITYINFO (ZIP, CITY) VALUES ('8320', 'Mårslet');
INSERT INTO CITYINFO (ZIP, CITY) VALUES ('8330', 'Beder');
INSERT INTO CITYINFO (ZIP, CITY) VALUES ('8340', 'Malling');
INSERT INTO CITYINFO (ZIP, CITY) VALUES ('8350', 'Hundslund');
INSERT INTO CITYINFO (ZIP, CITY) VALUES ('8355', 'Solbjerg');
INSERT INTO CITYINFO (ZIP, CITY) VALUES ('8361', 'Hasselager');
INSERT INTO CITYINFO (ZIP, CITY) VALUES ('8362', 'Hørning');
INSERT INTO CITYINFO (ZIP, CITY) VALUES ('8370', 'Hadsten');
INSERT INTO CITYINFO (ZIP, CITY) VALUES ('8380', 'Trige');
INSERT INTO CITYINFO (ZIP, CITY) VALUES ('8381', 'Tilst');
INSERT INTO CITYINFO (ZIP, CITY) VALUES ('8382', 'Hinnerup');
INSERT INTO CITYINFO (ZIP, CITY) VALUES ('8400', 'Ebeltoft');
INSERT INTO CITYINFO (ZIP, CITY) VALUES ('8410', 'Rønde');
INSERT INTO CITYINFO (ZIP, CITY) VALUES ('8420', 'Knebel');
INSERT INTO CITYINFO (ZIP, CITY) VALUES ('8444', 'Balle');
INSERT INTO CITYINFO (ZIP, CITY) VALUES ('8450', 'Hammel');
INSERT INTO CITYINFO (ZIP, CITY) VALUES ('8462', 'Harlev J');
INSERT INTO CITYINFO (ZIP, CITY) VALUES ('8464', 'Galten');
INSERT INTO CITYINFO (ZIP, CITY) VALUES ('8471', 'Sabro');
INSERT INTO CITYINFO (ZIP, CITY) VALUES ('8472', 'Sporup');
INSERT INTO CITYINFO (ZIP, CITY) VALUES ('8500', 'Grenaa');
INSERT INTO CITYINFO (ZIP, CITY) VALUES ('8520', 'Lystrup');
INSERT INTO CITYINFO (ZIP, CITY) VALUES ('8530', 'Hjortshøj');
INSERT INTO CITYINFO (ZIP, CITY) VALUES ('8541', 'Skødstrup');
INSERT INTO CITYINFO (ZIP, CITY) VALUES ('8543', 'Hornslet');
INSERT INTO CITYINFO (ZIP, CITY) VALUES ('8544', 'Mørke');
INSERT INTO CITYINFO (ZIP, CITY) VALUES ('8550', 'Ryomgård');
INSERT INTO CITYINFO (ZIP, CITY) VALUES ('8560', 'Kolind');
INSERT INTO CITYINFO (ZIP, CITY) VALUES ('8570', 'Trustrup');
INSERT INTO CITYINFO (ZIP, CITY) VALUES ('8581', 'Nimtofte');
INSERT INTO CITYINFO (ZIP, CITY) VALUES ('8585', 'Glesborg');
INSERT INTO CITYINFO (ZIP, CITY) VALUES ('8586', 'Ørum Djurs');
INSERT INTO CITYINFO (ZIP, CITY) VALUES ('8592', 'Anholt');
INSERT INTO CITYINFO (ZIP, CITY) VALUES ('8600', 'Silkeborg');
INSERT INTO CITYINFO (ZIP, CITY) VALUES ('8620', 'Kjellerup');
INSERT INTO CITYINFO (ZIP, CITY) VALUES ('8632', 'Lemming');
INSERT INTO CITYINFO (ZIP, CITY) VALUES ('8641', 'Sorring');
INSERT INTO CITYINFO (ZIP, CITY) VALUES ('8643', 'Ans By');
INSERT INTO CITYINFO (ZIP, CITY) VALUES ('8653', 'Them');
INSERT INTO CITYINFO (ZIP, CITY) VALUES ('8654', 'Bryrup');
INSERT INTO CITYINFO (ZIP, CITY) VALUES ('8660', 'Skanderborg');
INSERT INTO CITYINFO (ZIP, CITY) VALUES ('8670', 'Låsby');
INSERT INTO CITYINFO (ZIP, CITY) VALUES ('8680', 'Ry');
INSERT INTO CITYINFO (ZIP, CITY) VALUES ('8700', 'Horsens');
INSERT INTO CITYINFO (ZIP, CITY) VALUES ('8721', 'Daugård');
INSERT INTO CITYINFO (ZIP, CITY) VALUES ('8722', 'Hedensted');
INSERT INTO CITYINFO (ZIP, CITY) VALUES ('8723', 'Løsning');
INSERT INTO CITYINFO (ZIP, CITY) VALUES ('8732', 'Hovedgård');
INSERT INTO CITYINFO (ZIP, CITY) VALUES ('8740', 'Brædstrup');
INSERT INTO CITYINFO (ZIP, CITY) VALUES ('8751', 'Gedved');
INSERT INTO CITYINFO (ZIP, CITY) VALUES ('8752', 'Østbirk');
INSERT INTO CITYINFO (ZIP, CITY) VALUES ('8762', 'Flemming');
INSERT INTO CITYINFO (ZIP, CITY) VALUES ('8763', 'Rask Mølle');
INSERT INTO CITYINFO (ZIP, CITY) VALUES ('8765', 'Klovborg');
INSERT INTO CITYINFO (ZIP, CITY) VALUES ('8766', 'Nørre Snede');
INSERT INTO CITYINFO (ZIP, CITY) VALUES ('8781', 'Stenderup');
INSERT INTO CITYINFO (ZIP, CITY) VALUES ('8783', 'Hornsyld');
INSERT INTO CITYINFO (ZIP, CITY) VALUES ('8800', 'Viborg');
INSERT INTO CITYINFO (ZIP, CITY) VALUES ('8830', 'Tjele');
INSERT INTO CITYINFO (ZIP, CITY) VALUES ('8831', 'Løgstrup');
INSERT INTO CITYINFO (ZIP, CITY) VALUES ('8832', 'Skals');
INSERT INTO CITYINFO (ZIP, CITY) VALUES ('8840', 'Rødkærsbro');
INSERT INTO CITYINFO (ZIP, CITY) VALUES ('8850', 'Bjerringbro');
INSERT INTO CITYINFO (ZIP, CITY) VALUES ('8860', 'Ulstrup');
INSERT INTO CITYINFO (ZIP, CITY) VALUES ('8870', 'Langå');
INSERT INTO CITYINFO (ZIP, CITY) VALUES ('8881', 'Thorsø');
INSERT INTO CITYINFO (ZIP, CITY) VALUES ('8882', 'Fårvang');
INSERT INTO CITYINFO (ZIP, CITY) VALUES ('8883', 'Gjern');
INSERT INTO CITYINFO (ZIP, CITY) VALUES ('8900', 'Randers C');
INSERT INTO CITYINFO (ZIP, CITY) VALUES ('8920', 'Randers NV');
INSERT INTO CITYINFO (ZIP, CITY) VALUES ('8930', 'Randers NØ');
INSERT INTO CITYINFO (ZIP, CITY) VALUES ('8940', 'Randers SV');
INSERT INTO CITYINFO (ZIP, CITY) VALUES ('8950', 'Ørsted');
INSERT INTO CITYINFO (ZIP, CITY) VALUES ('8960', 'Randers SØ');
INSERT INTO CITYINFO (ZIP, CITY) VALUES ('8961', 'Allingåbro');
INSERT INTO CITYINFO (ZIP, CITY) VALUES ('8963', 'Auning');
INSERT INTO CITYINFO (ZIP, CITY) VALUES ('8970', 'Havndal');
INSERT INTO CITYINFO (ZIP, CITY) VALUES ('8981', 'Spentrup');
INSERT INTO CITYINFO (ZIP, CITY) VALUES ('8983', 'Gjerlev J');
INSERT INTO CITYINFO (ZIP, CITY) VALUES ('8990', 'Fårup');
INSERT INTO CITYINFO (ZIP, CITY) VALUES ('9000', 'Aalborg');
INSERT INTO CITYINFO (ZIP, CITY) VALUES ('9029', 'Aalborg');
INSERT INTO CITYINFO (ZIP, CITY) VALUES ('9100', 'Aalborg');
INSERT INTO CITYINFO (ZIP, CITY) VALUES ('9200', 'Aalborg SV');
INSERT INTO CITYINFO (ZIP, CITY) VALUES ('9210', 'Aalborg SØ');
INSERT INTO CITYINFO (ZIP, CITY) VALUES ('9220', 'Aalborg Øst');
INSERT INTO CITYINFO (ZIP, CITY) VALUES ('9230', 'Svenstrup J');
INSERT INTO CITYINFO (ZIP, CITY) VALUES ('9240', 'Nibe');
INSERT INTO CITYINFO (ZIP, CITY) VALUES ('9260', 'Gistrup');
INSERT INTO CITYINFO (ZIP, CITY) VALUES ('9270', 'Klarup');
INSERT INTO CITYINFO (ZIP, CITY) VALUES ('9280', 'Storvorde');
INSERT INTO CITYINFO (ZIP, CITY) VALUES ('9293', 'Kongerslev');
INSERT INTO CITYINFO (ZIP, CITY) VALUES ('9300', 'Sæby');
INSERT INTO CITYINFO (ZIP, CITY) VALUES ('9310', 'Vodskov');
INSERT INTO CITYINFO (ZIP, CITY) VALUES ('9320', 'Hjallerup');
INSERT INTO CITYINFO (ZIP, CITY) VALUES ('9330', 'Dronninglund');
INSERT INTO CITYINFO (ZIP, CITY) VALUES ('9340', 'Asaa');
INSERT INTO CITYINFO (ZIP, CITY) VALUES ('9352', 'Dybvad');
INSERT INTO CITYINFO (ZIP, CITY) VALUES ('9362', 'Gandrup');
INSERT INTO CITYINFO (ZIP, CITY) VALUES ('9370', 'Hals');
INSERT INTO CITYINFO (ZIP, CITY) VALUES ('9380', 'Vestbjerg');
INSERT INTO CITYINFO (ZIP, CITY) VALUES ('9381', 'Sulsted');
INSERT INTO CITYINFO (ZIP, CITY) VALUES ('9382', 'Tylstrup');
INSERT INTO CITYINFO (ZIP, CITY) VALUES ('9400', 'Nørresundby');
INSERT INTO CITYINFO (ZIP, CITY) VALUES ('9430', 'Vadum');
INSERT INTO CITYINFO (ZIP, CITY) VALUES ('9440', 'Aabybro');
INSERT INTO CITYINFO (ZIP, CITY) VALUES ('9460', 'Brovst');
INSERT INTO CITYINFO (ZIP, CITY) VALUES ('9480', 'Løkken');
INSERT INTO CITYINFO (ZIP, CITY) VALUES ('9490', 'Pandrup');
INSERT INTO CITYINFO (ZIP, CITY) VALUES ('9492', 'Blokhus');
INSERT INTO CITYINFO (ZIP, CITY) VALUES ('9493', 'Saltum');
INSERT INTO CITYINFO (ZIP, CITY) VALUES ('9500', 'Hobro');
INSERT INTO CITYINFO (ZIP, CITY) VALUES ('9510', 'Arden');
INSERT INTO CITYINFO (ZIP, CITY) VALUES ('9520', 'Skørping');
INSERT INTO CITYINFO (ZIP, CITY) VALUES ('9530', 'Støvring');
INSERT INTO CITYINFO (ZIP, CITY) VALUES ('9541', 'Suldrup');
INSERT INTO CITYINFO (ZIP, CITY) VALUES ('9550', 'Mariager');
INSERT INTO CITYINFO (ZIP, CITY) VALUES ('9560', 'Hadsund');
INSERT INTO CITYINFO (ZIP, CITY) VALUES ('9574', 'Bælum');
INSERT INTO CITYINFO (ZIP, CITY) VALUES ('9575', 'Terndrup');
INSERT INTO CITYINFO (ZIP, CITY) VALUES ('9600', 'Aars');
INSERT INTO CITYINFO (ZIP, CITY) VALUES ('9610', 'Nørager');
INSERT INTO CITYINFO (ZIP, CITY) VALUES ('9620', 'Aalestrup');
INSERT INTO CITYINFO (ZIP, CITY) VALUES ('9631', 'Gedsted');
INSERT INTO CITYINFO (ZIP, CITY) VALUES ('9632', 'Møldrup');
INSERT INTO CITYINFO (ZIP, CITY) VALUES ('9640', 'Farsø');
INSERT INTO CITYINFO (ZIP, CITY) VALUES ('9670', 'Løgstør');
INSERT INTO CITYINFO (ZIP, CITY) VALUES ('9681', 'Ranum');
INSERT INTO CITYINFO (ZIP, CITY) VALUES ('9690', 'Fjerritslev');
INSERT INTO CITYINFO (ZIP, CITY) VALUES ('9700', 'Brønderslev');
INSERT INTO CITYINFO (ZIP, CITY) VALUES ('9740', 'Jerslev J');
INSERT INTO CITYINFO (ZIP, CITY) VALUES ('9750', 'Østervrå');
INSERT INTO CITYINFO (ZIP, CITY) VALUES ('9760', 'Vrå');
INSERT INTO CITYINFO (ZIP, CITY) VALUES ('9800', 'Hjørring');
INSERT INTO CITYINFO (ZIP, CITY) VALUES ('9830', 'Tårs');
INSERT INTO CITYINFO (ZIP, CITY) VALUES ('9850', 'Hirtshals');
INSERT INTO CITYINFO (ZIP, CITY) VALUES ('9870', 'Sindal');
INSERT INTO CITYINFO (ZIP, CITY) VALUES ('9881', 'Bindslev');
INSERT INTO CITYINFO (ZIP, CITY) VALUES ('9900', 'Frederikshavn');
INSERT INTO CITYINFO (ZIP, CITY) VALUES ('9940', 'Læsø');
INSERT INTO CITYINFO (ZIP, CITY) VALUES ('9970', 'Strandby');
INSERT INTO CITYINFO (ZIP, CITY) VALUES ('9981', 'Jerup');
INSERT INTO CITYINFO (ZIP, CITY) VALUES ('9982', 'Ålbæk');
INSERT INTO CITYINFO (ZIP, CITY) VALUES ('9990', 'Skagen');
INSERT INTO CITYINFO (ZIP, CITY) VALUES ('9992', 'Jylland USF P');
INSERT INTO CITYINFO (ZIP, CITY) VALUES ('9993', 'Jylland USF B');
INSERT INTO CITYINFO (ZIP, CITY) VALUES ('9996', 'Fakturaservice');
INSERT INTO CITYINFO (ZIP, CITY) VALUES ('9997', 'Fakturascanning');
INSERT INTO CITYINFO (ZIP, CITY) VALUES ('9998', 'Borgerservice');
INSERT INTO CITYINFO (ZIP, CITY) VALUES ('2412', 'Santa Claus/Julemanden');
INSERT INTO CITYINFO (ZIP, CITY) VALUES ('3900', 'Nuuk');
INSERT INTO CITYINFO (ZIP, CITY) VALUES ('3905', 'Nuussuaq');
INSERT INTO CITYINFO (ZIP, CITY) VALUES ('3910', 'Kangerlussuaq');
INSERT INTO CITYINFO (ZIP, CITY) VALUES ('3911', 'Sisimiut');
INSERT INTO CITYINFO (ZIP, CITY) VALUES ('3912', 'Maniitsoq');
INSERT INTO CITYINFO (ZIP, CITY) VALUES ('3913', 'Tasiilaq');
INSERT INTO CITYINFO (ZIP, CITY) VALUES ('3915', 'Kulusuk');
INSERT INTO CITYINFO (ZIP, CITY) VALUES ('3919', 'Alluitsup Paa');
INSERT INTO CITYINFO (ZIP, CITY) VALUES ('3920', 'Qaqortoq');
INSERT INTO CITYINFO (ZIP, CITY) VALUES ('3921', 'Narsaq');
INSERT INTO CITYINFO (ZIP, CITY) VALUES ('3922', 'Nanortalik');
INSERT INTO CITYINFO (ZIP, CITY) VALUES ('3923', 'Narsarsuaq');
INSERT INTO CITYINFO (ZIP, CITY) VALUES ('3924', 'Ikerasassuaq');
INSERT INTO CITYINFO (ZIP, CITY) VALUES ('3930', 'Kangilinnguit');
INSERT INTO CITYINFO (ZIP, CITY) VALUES ('3932', 'Arsuk');
INSERT INTO CITYINFO (ZIP, CITY) VALUES ('3940', 'Paamiut');
INSERT INTO CITYINFO (ZIP, CITY) VALUES ('3950', 'Aasiaat');
INSERT INTO CITYINFO (ZIP, CITY) VALUES ('3951', 'Qasigiannguit');
INSERT INTO CITYINFO (ZIP, CITY) VALUES ('3952', 'Ilulissat');
INSERT INTO CITYINFO (ZIP, CITY) VALUES ('3953', 'Qeqertarsuaq');
INSERT INTO CITYINFO (ZIP, CITY) VALUES ('3955', 'Kangaatsiaq');
INSERT INTO CITYINFO (ZIP, CITY) VALUES ('3961', 'Uummannaq');
INSERT INTO CITYINFO (ZIP, CITY) VALUES ('3962', 'Upernavik');
INSERT INTO CITYINFO (ZIP, CITY) VALUES ('3964', 'Qaarsut');
INSERT INTO CITYINFO (ZIP, CITY) VALUES ('3970', 'Pituffik');
INSERT INTO CITYINFO (ZIP, CITY) VALUES ('3971', 'Qaanaaq');
INSERT INTO CITYINFO (ZIP, CITY) VALUES ('3972', 'Station Nord');
INSERT INTO CITYINFO (ZIP, CITY) VALUES ('3980', 'Ittoqqortoormiit');
INSERT INTO CITYINFO (ZIP, CITY) VALUES ('3982', 'Mestersvig');
INSERT INTO CITYINFO (ZIP, CITY) VALUES ('3984', 'Danmarkshavn');
INSERT INTO CITYINFO (ZIP, CITY) VALUES ('3985', 'Constable Pynt');
INSERT INTO CITYINFO (ZIP, CITY) VALUES ('3992', 'Slædepatrulje Sirius');
INSERT INTO CITYINFO (ZIP, CITY) VALUES ('100', 'Tórshavn');
INSERT INTO CITYINFO (ZIP, CITY) VALUES ('110', 'Tórshavn ');
INSERT INTO CITYINFO (ZIP, CITY) VALUES ('160', 'Argir');
INSERT INTO CITYINFO (ZIP, CITY) VALUES ('165', 'Argir ');
INSERT INTO CITYINFO (ZIP, CITY) VALUES ('175', 'Kirkjubøur');
INSERT INTO CITYINFO (ZIP, CITY) VALUES ('176', 'Velbastadur');
INSERT INTO CITYINFO (ZIP, CITY) VALUES ('177', 'Sydradalur, Streymoy');
INSERT INTO CITYINFO (ZIP, CITY) VALUES ('178', 'Nordradalur');
INSERT INTO CITYINFO (ZIP, CITY) VALUES ('180', 'Kaldbak');
INSERT INTO CITYINFO (ZIP, CITY) VALUES ('185', 'Kaldbaksbotnur');
INSERT INTO CITYINFO (ZIP, CITY) VALUES ('186', 'Sund');
INSERT INTO CITYINFO (ZIP, CITY) VALUES ('187', 'Hvitanes');
INSERT INTO CITYINFO (ZIP, CITY) VALUES ('188', 'Hoyvík');
INSERT INTO CITYINFO (ZIP, CITY) VALUES ('210', 'Sandur');
INSERT INTO CITYINFO (ZIP, CITY) VALUES ('215', 'Sandur');
INSERT INTO CITYINFO (ZIP, CITY) VALUES ('220', 'Skálavík');
INSERT INTO CITYINFO (ZIP, CITY) VALUES ('230', 'Húsavík');
INSERT INTO CITYINFO (ZIP, CITY) VALUES ('235', 'Dalur');
INSERT INTO CITYINFO (ZIP, CITY) VALUES ('236', 'Skarvanes');
INSERT INTO CITYINFO (ZIP, CITY) VALUES ('240', 'Skopun');
INSERT INTO CITYINFO (ZIP, CITY) VALUES ('260', 'Skúvoy');
INSERT INTO CITYINFO (ZIP, CITY) VALUES ('270', 'Nólsoy');
INSERT INTO CITYINFO (ZIP, CITY) VALUES ('280', 'Hestur');
INSERT INTO CITYINFO (ZIP, CITY) VALUES ('285', 'Koltur');
INSERT INTO CITYINFO (ZIP, CITY) VALUES ('286', 'Stóra Dimun');
INSERT INTO CITYINFO (ZIP, CITY) VALUES ('330', 'Stykkid');
INSERT INTO CITYINFO (ZIP, CITY) VALUES ('335', 'Leynar');
INSERT INTO CITYINFO (ZIP, CITY) VALUES ('336', 'Skællingur');
INSERT INTO CITYINFO (ZIP, CITY) VALUES ('340', 'Kvívík');
INSERT INTO CITYINFO (ZIP, CITY) VALUES ('350', 'Vestmanna');
INSERT INTO CITYINFO (ZIP, CITY) VALUES ('355', 'Vestmanna');
INSERT INTO CITYINFO (ZIP, CITY) VALUES ('358', 'Válur');
INSERT INTO CITYINFO (ZIP, CITY) VALUES ('360', 'Sandavágur');
INSERT INTO CITYINFO (ZIP, CITY) VALUES ('370', 'Midvágur');
INSERT INTO CITYINFO (ZIP, CITY) VALUES ('375', 'Midvágur');
INSERT INTO CITYINFO (ZIP, CITY) VALUES ('380', 'Sørvágur');
INSERT INTO CITYINFO (ZIP, CITY) VALUES ('385', 'Vatnsoyrar');
INSERT INTO CITYINFO (ZIP, CITY) VALUES ('386', 'Bøur');
INSERT INTO CITYINFO (ZIP, CITY) VALUES ('387', 'Gásadalur');
INSERT INTO CITYINFO (ZIP, CITY) VALUES ('388', 'Mykines');
INSERT INTO CITYINFO (ZIP, CITY) VALUES ('400', 'Oyrarbakki');
INSERT INTO CITYINFO (ZIP, CITY) VALUES ('405', 'Oyrarbakki');
INSERT INTO CITYINFO (ZIP, CITY) VALUES ('410', 'Kollafjørdur');
INSERT INTO CITYINFO (ZIP, CITY) VALUES ('415', 'Oyrareingir');
INSERT INTO CITYINFO (ZIP, CITY) VALUES ('416', 'Signabøur');
INSERT INTO CITYINFO (ZIP, CITY) VALUES ('420', 'Hósvík');
INSERT INTO CITYINFO (ZIP, CITY) VALUES ('430', 'Hvalvík');
INSERT INTO CITYINFO (ZIP, CITY) VALUES ('435', 'Streymnes');
INSERT INTO CITYINFO (ZIP, CITY) VALUES ('436', 'Saksun');
INSERT INTO CITYINFO (ZIP, CITY) VALUES ('437', 'Nesvík');
INSERT INTO CITYINFO (ZIP, CITY) VALUES ('438', 'Langasandur');
INSERT INTO CITYINFO (ZIP, CITY) VALUES ('440', 'Haldarsvík');
INSERT INTO CITYINFO (ZIP, CITY) VALUES ('445', 'Tjørnuvík');
INSERT INTO CITYINFO (ZIP, CITY) VALUES ('450', 'Oyri');
INSERT INTO CITYINFO (ZIP, CITY) VALUES ('460', 'Nordskáli');
INSERT INTO CITYINFO (ZIP, CITY) VALUES ('465', 'Svináir');
INSERT INTO CITYINFO (ZIP, CITY) VALUES ('466', 'Ljósá');
INSERT INTO CITYINFO (ZIP, CITY) VALUES ('470', 'Eidi');
INSERT INTO CITYINFO (ZIP, CITY) VALUES ('475', 'Funningur');
INSERT INTO CITYINFO (ZIP, CITY) VALUES ('476', 'Gjógv');
INSERT INTO CITYINFO (ZIP, CITY) VALUES ('477', 'Funningsfjørdur');
INSERT INTO CITYINFO (ZIP, CITY) VALUES ('478', 'Elduvík');
INSERT INTO CITYINFO (ZIP, CITY) VALUES ('480', 'Skáli');
INSERT INTO CITYINFO (ZIP, CITY) VALUES ('485', 'Skálafjørdur');
INSERT INTO CITYINFO (ZIP, CITY) VALUES ('490', 'Strendur');
INSERT INTO CITYINFO (ZIP, CITY) VALUES ('494', 'Innan Glyvur');
INSERT INTO CITYINFO (ZIP, CITY) VALUES ('495', 'Kolbanargjógv');
INSERT INTO CITYINFO (ZIP, CITY) VALUES ('496', 'Morskranes');
INSERT INTO CITYINFO (ZIP, CITY) VALUES ('497', 'Selatrad');
INSERT INTO CITYINFO (ZIP, CITY) VALUES ('510', 'Gøta');
INSERT INTO CITYINFO (ZIP, CITY) VALUES ('511', 'Gøtugjógv');
INSERT INTO CITYINFO (ZIP, CITY) VALUES ('512', 'Nordragøta');
INSERT INTO CITYINFO (ZIP, CITY) VALUES ('513', 'Sydrugøta');
INSERT INTO CITYINFO (ZIP, CITY) VALUES ('515', 'Gøta');
INSERT INTO CITYINFO (ZIP, CITY) VALUES ('520', 'Leirvík');
INSERT INTO CITYINFO (ZIP, CITY) VALUES ('530', 'Fuglafjørdur');
INSERT INTO CITYINFO (ZIP, CITY) VALUES ('535', 'Fuglafjørdur');
INSERT INTO CITYINFO (ZIP, CITY) VALUES ('600', 'Saltangará');
INSERT INTO CITYINFO (ZIP, CITY) VALUES ('610', 'Saltangará');
INSERT INTO CITYINFO (ZIP, CITY) VALUES ('620', 'Runavík');
INSERT INTO CITYINFO (ZIP, CITY) VALUES ('625', 'Glyvrar');
INSERT INTO CITYINFO (ZIP, CITY) VALUES ('626', 'Lambareidi');
INSERT INTO CITYINFO (ZIP, CITY) VALUES ('627', 'Lambi');
INSERT INTO CITYINFO (ZIP, CITY) VALUES ('640', 'Rituvík');
INSERT INTO CITYINFO (ZIP, CITY) VALUES ('645', 'Æduvík');
INSERT INTO CITYINFO (ZIP, CITY) VALUES ('650', 'Toftir');
INSERT INTO CITYINFO (ZIP, CITY) VALUES ('655', 'Nes, Eysturoy');
INSERT INTO CITYINFO (ZIP, CITY) VALUES ('656', 'Saltnes');
INSERT INTO CITYINFO (ZIP, CITY) VALUES ('660', 'Søldarfjørdur');
INSERT INTO CITYINFO (ZIP, CITY) VALUES ('665', 'Skipanes');
INSERT INTO CITYINFO (ZIP, CITY) VALUES ('666', 'Gøtueidi');
INSERT INTO CITYINFO (ZIP, CITY) VALUES ('690', 'Oyndarfjørdur');
INSERT INTO CITYINFO (ZIP, CITY) VALUES ('695', 'Hellur');
INSERT INTO CITYINFO (ZIP, CITY) VALUES ('700', 'Klaksvík');
INSERT INTO CITYINFO (ZIP, CITY) VALUES ('710', 'Klaksvík');
INSERT INTO CITYINFO (ZIP, CITY) VALUES ('725', 'Nordoyri');
INSERT INTO CITYINFO (ZIP, CITY) VALUES ('726', 'Ánir');
INSERT INTO CITYINFO (ZIP, CITY) VALUES ('727', 'Árnafjørdur');
INSERT INTO CITYINFO (ZIP, CITY) VALUES ('730', 'Norddepil');
INSERT INTO CITYINFO (ZIP, CITY) VALUES ('735', 'Depil');
INSERT INTO CITYINFO (ZIP, CITY) VALUES ('736', 'Nordtoftir');
INSERT INTO CITYINFO (ZIP, CITY) VALUES ('737', 'Múli');
INSERT INTO CITYINFO (ZIP, CITY) VALUES ('740', 'Hvannasund');
INSERT INTO CITYINFO (ZIP, CITY) VALUES ('750', 'Vidareidi');
INSERT INTO CITYINFO (ZIP, CITY) VALUES ('765', 'Svinoy');
INSERT INTO CITYINFO (ZIP, CITY) VALUES ('766', 'Kirkja');
INSERT INTO CITYINFO (ZIP, CITY) VALUES ('767', 'Hattarvík');
INSERT INTO CITYINFO (ZIP, CITY) VALUES ('780', 'Kunoy');
INSERT INTO CITYINFO (ZIP, CITY) VALUES ('785', 'Haraldssund');
INSERT INTO CITYINFO (ZIP, CITY) VALUES ('795', 'Sydradalur, Kalsoy');
INSERT INTO CITYINFO (ZIP, CITY) VALUES ('796', 'Húsar');
INSERT INTO CITYINFO (ZIP, CITY) VALUES ('797', 'Mikladalur');
INSERT INTO CITYINFO (ZIP, CITY) VALUES ('798', 'Trøllanes');
INSERT INTO CITYINFO (ZIP, CITY) VALUES ('800', 'Tvøroyri');
INSERT INTO CITYINFO (ZIP, CITY) VALUES ('810', 'Tvøroyri');
INSERT INTO CITYINFO (ZIP, CITY) VALUES ('825', 'Frodba');
INSERT INTO CITYINFO (ZIP, CITY) VALUES ('826', 'Trongisvágur');
INSERT INTO CITYINFO (ZIP, CITY) VALUES ('827', 'Øravík');
INSERT INTO CITYINFO (ZIP, CITY) VALUES ('850', 'Hvalba');
INSERT INTO CITYINFO (ZIP, CITY) VALUES ('860', 'Sandvík');
INSERT INTO CITYINFO (ZIP, CITY) VALUES ('870', 'Fámjin');
INSERT INTO CITYINFO (ZIP, CITY) VALUES ('900', 'Vágur');
INSERT INTO CITYINFO (ZIP, CITY) VALUES ('910', 'Vágur');
INSERT INTO CITYINFO (ZIP, CITY) VALUES ('925', 'Nes, Vágur');
INSERT INTO CITYINFO (ZIP, CITY) VALUES ('926', 'Lopra');
INSERT INTO CITYINFO (ZIP, CITY) VALUES ('927', 'Akrar');
INSERT INTO CITYINFO (ZIP, CITY) VALUES ('928', 'Vikarbyrgi');
INSERT INTO CITYINFO (ZIP, CITY) VALUES ('950', 'Porkeri');
INSERT INTO CITYINFO (ZIP, CITY) VALUES ('960', 'Hov');

INSERT INTO ADDRESS (ADDITIONALINFO,STREET,CITYINFO_ID) VALUES('','Kirkevej 11','934');
INSERT INTO INFOENTITY (DTYPE, EMAIL, ADDRESS_ID) VALUES('Company','NorthFirm@home.com','1');
INSERT INTO COMPANY (ID, CVR, DESCRIPTION, MARKETVALUE, NAME, NUMEMPLOYEES) VALUES('1','67219875','Development','949200751','NorthFirm','111');
INSERT INTO PHONE (DESCRIPTION, NUMBER) VALUES('Kontor','11972060');
INSERT INTO INFOENTITY_PHONE (INFOENTITY_ID, PHONENUMBERS_ID) VALUES('1','1');

INSERT INTO ADDRESS (ADDITIONALINFO,STREET,CITYINFO_ID) VALUES('','Kirkevej 33','844');
INSERT INTO INFOENTITY (DTYPE, EMAIL, ADDRESS_ID) VALUES('Person','Lise@msn.dk','2');
INSERT INTO PERSON (ID, FIRSTNAME, LASTNAME) VALUES('2','Lise','Andersen');
INSERT INTO PERSON_HOBBY (PERSONS_ID, HOBBIES_ID) VALUES('2','13');
INSERT INTO PERSON_HOBBY (PERSONS_ID, HOBBIES_ID) VALUES('2','15');
INSERT INTO PHONE (DESCRIPTION, NUMBER) VALUES('Hjem','97553432');
INSERT INTO INFOENTITY_PHONE (INFOENTITY_ID, PHONENUMBERS_ID) VALUES('2','2');
INSERT INTO PHONE (DESCRIPTION, NUMBER) VALUES('Hjem','21361878');
INSERT INTO INFOENTITY_PHONE (INFOENTITY_ID, PHONENUMBERS_ID) VALUES('2','3');

INSERT INTO ADDRESS (ADDITIONALINFO,STREET,CITYINFO_ID) VALUES('4. tv.','Engvej 72','634');
INSERT INTO INFOENTITY (DTYPE, EMAIL, ADDRESS_ID) VALUES('Company','BigOrg@jubii.dk','3');
INSERT INTO COMPANY (ID, CVR, DESCRIPTION, MARKETVALUE, NAME, NUMEMPLOYEES) VALUES('3','40885597','Hardware','628947633','BigOrg','7');
INSERT INTO PHONE (DESCRIPTION, NUMBER) VALUES('Kontor','31531305');
INSERT INTO INFOENTITY_PHONE (INFOENTITY_ID, PHONENUMBERS_ID) VALUES('3','4');
INSERT INTO PHONE (DESCRIPTION, NUMBER) VALUES('Kontor','74901425');
INSERT INTO INFOENTITY_PHONE (INFOENTITY_ID, PHONENUMBERS_ID) VALUES('3','5');

INSERT INTO ADDRESS (ADDITIONALINFO,STREET,CITYINFO_ID) VALUES('st.','Skovvej 62','778');
INSERT INTO INFOENTITY (DTYPE, EMAIL, ADDRESS_ID) VALUES('Company','AllCenter@jubii.dk','4');
INSERT INTO COMPANY (ID, CVR, DESCRIPTION, MARKETVALUE, NAME, NUMEMPLOYEES) VALUES('4','94807621','Software','683876459','AllCenter','112');
INSERT INTO PHONE (DESCRIPTION, NUMBER) VALUES('Reception','92331867');
INSERT INTO INFOENTITY_PHONE (INFOENTITY_ID, PHONENUMBERS_ID) VALUES('4','6');
INSERT INTO PHONE (DESCRIPTION, NUMBER) VALUES('Reception','76485337');
INSERT INTO INFOENTITY_PHONE (INFOENTITY_ID, PHONENUMBERS_ID) VALUES('4','7');

INSERT INTO ADDRESS (ADDITIONALINFO,STREET,CITYINFO_ID) VALUES('4. th.','Vestergade 35','1142');
INSERT INTO INFOENTITY (DTYPE, EMAIL, ADDRESS_ID) VALUES('Company','SeriousBound@live.com','5');
INSERT INTO COMPANY (ID, CVR, DESCRIPTION, MARKETVALUE, NAME, NUMEMPLOYEES) VALUES('5','20801442','Construction','377793026','SeriousBound','161');
INSERT INTO PHONE (DESCRIPTION, NUMBER) VALUES('Kontor','26742172');
INSERT INTO INFOENTITY_PHONE (INFOENTITY_ID, PHONENUMBERS_ID) VALUES('5','8');

INSERT INTO ADDRESS (ADDITIONALINFO,STREET,CITYINFO_ID) VALUES('','Ågade 31','585');
INSERT INTO INFOENTITY (DTYPE, EMAIL, ADDRESS_ID) VALUES('Company','SiriusOrg@yahoo.com','6');
INSERT INTO COMPANY (ID, CVR, DESCRIPTION, MARKETVALUE, NAME, NUMEMPLOYEES) VALUES('6','21077470','Consulting','112887978','SiriusOrg','80');
INSERT INTO PHONE (DESCRIPTION, NUMBER) VALUES('Reception','22484365');
INSERT INTO INFOENTITY_PHONE (INFOENTITY_ID, PHONENUMBERS_ID) VALUES('6','9');

INSERT INTO ADDRESS (ADDITIONALINFO,STREET,CITYINFO_ID) VALUES('4. tv.','Egevej 9','867');
INSERT INTO INFOENTITY (DTYPE, EMAIL, ADDRESS_ID) VALUES('Company','SoftCell@home.com','7');
INSERT INTO COMPANY (ID, CVR, DESCRIPTION, MARKETVALUE, NAME, NUMEMPLOYEES) VALUES('7','37948626','Shopping','217495191','SoftCell','126');
INSERT INTO PHONE (DESCRIPTION, NUMBER) VALUES('Reception','37733020');
INSERT INTO INFOENTITY_PHONE (INFOENTITY_ID, PHONENUMBERS_ID) VALUES('7','10');

INSERT INTO ADDRESS (ADDITIONALINFO,STREET,CITYINFO_ID) VALUES('','Ågade 30','1078');
INSERT INTO INFOENTITY (DTYPE, EMAIL, ADDRESS_ID) VALUES('Company','WellExport@live.com','8');
INSERT INTO COMPANY (ID, CVR, DESCRIPTION, MARKETVALUE, NAME, NUMEMPLOYEES) VALUES('8','13837937','Banking','573319668','WellExport','52');
INSERT INTO PHONE (DESCRIPTION, NUMBER) VALUES('Reception','57891685');
INSERT INTO INFOENTITY_PHONE (INFOENTITY_ID, PHONENUMBERS_ID) VALUES('8','11');
INSERT INTO PHONE (DESCRIPTION, NUMBER) VALUES('Kontor','57683345');
INSERT INTO INFOENTITY_PHONE (INFOENTITY_ID, PHONENUMBERS_ID) VALUES('8','12');

INSERT INTO ADDRESS (ADDITIONALINFO,STREET,CITYINFO_ID) VALUES('','Nørregade 64','656');
INSERT INTO INFOENTITY (DTYPE, EMAIL, ADDRESS_ID) VALUES('Person','Benny@msn.dk','9');
INSERT INTO PERSON (ID, FIRSTNAME, LASTNAME) VALUES('9','Benny','Torp');
INSERT INTO PHONE (DESCRIPTION, NUMBER) VALUES('Mobil','65782331');
INSERT INTO INFOENTITY_PHONE (INFOENTITY_ID, PHONENUMBERS_ID) VALUES('9','13');
INSERT INTO PHONE (DESCRIPTION, NUMBER) VALUES('Hjem','45893451');
INSERT INTO INFOENTITY_PHONE (INFOENTITY_ID, PHONENUMBERS_ID) VALUES('9','14');

INSERT INTO ADDRESS (ADDITIONALINFO,STREET,CITYINFO_ID) VALUES('','Nørregade 29','619');
INSERT INTO INFOENTITY (DTYPE, EMAIL, ADDRESS_ID) VALUES('Company','UpKnight@work.com','10');
INSERT INTO COMPANY (ID, CVR, DESCRIPTION, MARKETVALUE, NAME, NUMEMPLOYEES) VALUES('10','31471166','Sales','204446873','UpKnight','134');
INSERT INTO PHONE (DESCRIPTION, NUMBER) VALUES('Reception','85336327');
INSERT INTO INFOENTITY_PHONE (INFOENTITY_ID, PHONENUMBERS_ID) VALUES('10','15');
INSERT INTO PHONE (DESCRIPTION, NUMBER) VALUES('Kontor','28625157');
INSERT INTO INFOENTITY_PHONE (INFOENTITY_ID, PHONENUMBERS_ID) VALUES('10','16');

INSERT INTO ADDRESS (ADDITIONALINFO,STREET,CITYINFO_ID) VALUES('','Stationsvej 99','1014');
INSERT INTO INFOENTITY (DTYPE, EMAIL, ADDRESS_ID) VALUES('Person','Anders@business.dk','11');
INSERT INTO PERSON (ID, FIRSTNAME, LASTNAME) VALUES('11','Anders','Friis');
INSERT INTO PERSON_HOBBY (PERSONS_ID, HOBBIES_ID) VALUES('11','19');
INSERT INTO PERSON_HOBBY (PERSONS_ID, HOBBIES_ID) VALUES('11','16');
INSERT INTO PERSON_HOBBY (PERSONS_ID, HOBBIES_ID) VALUES('11','18');
INSERT INTO PHONE (DESCRIPTION, NUMBER) VALUES('Hjem','10110535');
INSERT INTO INFOENTITY_PHONE (INFOENTITY_ID, PHONENUMBERS_ID) VALUES('11','17');
INSERT INTO PHONE (DESCRIPTION, NUMBER) VALUES('Hjem','88863399');
INSERT INTO INFOENTITY_PHONE (INFOENTITY_ID, PHONENUMBERS_ID) VALUES('11','18');

INSERT INTO ADDRESS (ADDITIONALINFO,STREET,CITYINFO_ID) VALUES('','Østergade 51','757');
INSERT INTO INFOENTITY (DTYPE, EMAIL, ADDRESS_ID) VALUES('Person','Signe@business.dk','12');
INSERT INTO PERSON (ID, FIRSTNAME, LASTNAME) VALUES('12','Signe','Bentholm');
INSERT INTO PHONE (DESCRIPTION, NUMBER) VALUES('Arbejde','51425820');
INSERT INTO INFOENTITY_PHONE (INFOENTITY_ID, PHONENUMBERS_ID) VALUES('12','19');
INSERT INTO PHONE (DESCRIPTION, NUMBER) VALUES('Arbejde','39270187');
INSERT INTO INFOENTITY_PHONE (INFOENTITY_ID, PHONENUMBERS_ID) VALUES('12','20');

INSERT INTO ADDRESS (ADDITIONALINFO,STREET,CITYINFO_ID) VALUES('','Poppel Allé 76','1317');
INSERT INTO INFOENTITY (DTYPE, EMAIL, ADDRESS_ID) VALUES('Person','Iben@office.dk','13');
INSERT INTO PERSON (ID, FIRSTNAME, LASTNAME) VALUES('13','Iben','Persson');
INSERT INTO PERSON_HOBBY (PERSONS_ID, HOBBIES_ID) VALUES('13','1');
INSERT INTO PERSON_HOBBY (PERSONS_ID, HOBBIES_ID) VALUES('13','16');
INSERT INTO PHONE (DESCRIPTION, NUMBER) VALUES('Mobil','49180229');
INSERT INTO INFOENTITY_PHONE (INFOENTITY_ID, PHONENUMBERS_ID) VALUES('13','21');

INSERT INTO ADDRESS (ADDITIONALINFO,STREET,CITYINFO_ID) VALUES('','Egevej 86','287');
INSERT INTO INFOENTITY (DTYPE, EMAIL, ADDRESS_ID) VALUES('Person','Benny@live.com','14');
INSERT INTO PERSON (ID, FIRSTNAME, LASTNAME) VALUES('14','Benny','Torp');
INSERT INTO PERSON_HOBBY (PERSONS_ID, HOBBIES_ID) VALUES('14','18');
INSERT INTO PHONE (DESCRIPTION, NUMBER) VALUES('Mobil','55570515');
INSERT INTO INFOENTITY_PHONE (INFOENTITY_ID, PHONENUMBERS_ID) VALUES('14','22');

INSERT INTO ADDRESS (ADDITIONALINFO,STREET,CITYINFO_ID) VALUES('','Vibevej 63','673');
INSERT INTO INFOENTITY (DTYPE, EMAIL, ADDRESS_ID) VALUES('Company','SnapService@msn.dk','15');
INSERT INTO COMPANY (ID, CVR, DESCRIPTION, MARKETVALUE, NAME, NUMEMPLOYEES) VALUES('15','98566095','Sales','881376200','SnapService','186');
INSERT INTO PHONE (DESCRIPTION, NUMBER) VALUES('Kontor','94739754');
INSERT INTO INFOENTITY_PHONE (INFOENTITY_ID, PHONENUMBERS_ID) VALUES('15','23');

INSERT INTO ADDRESS (ADDITIONALINFO,STREET,CITYINFO_ID) VALUES('','Borgergade 78','1088');
INSERT INTO INFOENTITY (DTYPE, EMAIL, ADDRESS_ID) VALUES('Company','WellSide@msn.dk','16');
INSERT INTO COMPANY (ID, CVR, DESCRIPTION, MARKETVALUE, NAME, NUMEMPLOYEES) VALUES('16','37870651','Production','989028713','WellSide','81');
INSERT INTO PHONE (DESCRIPTION, NUMBER) VALUES('Kontor','50033623');
INSERT INTO INFOENTITY_PHONE (INFOENTITY_ID, PHONENUMBERS_ID) VALUES('16','24');
INSERT INTO PHONE (DESCRIPTION, NUMBER) VALUES('Reception','85752591');
INSERT INTO INFOENTITY_PHONE (INFOENTITY_ID, PHONENUMBERS_ID) VALUES('16','25');

INSERT INTO ADDRESS (ADDITIONALINFO,STREET,CITYINFO_ID) VALUES('','Vinkelvej 0','542');
INSERT INTO INFOENTITY (DTYPE, EMAIL, ADDRESS_ID) VALUES('Person','Arne@work.com','17');
INSERT INTO PERSON (ID, FIRSTNAME, LASTNAME) VALUES('17','Arne','Persson');
INSERT INTO PERSON_HOBBY (PERSONS_ID, HOBBIES_ID) VALUES('17','20');
INSERT INTO PHONE (DESCRIPTION, NUMBER) VALUES('Arbejde','73124431');
INSERT INTO INFOENTITY_PHONE (INFOENTITY_ID, PHONENUMBERS_ID) VALUES('17','26');
INSERT INTO PHONE (DESCRIPTION, NUMBER) VALUES('Arbejde','14895316');
INSERT INTO INFOENTITY_PHONE (INFOENTITY_ID, PHONENUMBERS_ID) VALUES('17','27');

INSERT INTO ADDRESS (ADDITIONALINFO,STREET,CITYINFO_ID) VALUES('1. tv.','Kirkevej 56','1093');
INSERT INTO INFOENTITY (DTYPE, EMAIL, ADDRESS_ID) VALUES('Person','Lærke@hotmail.dk','18');
INSERT INTO PERSON (ID, FIRSTNAME, LASTNAME) VALUES('18','Lærke','Ardberg');
INSERT INTO PHONE (DESCRIPTION, NUMBER) VALUES('Hjem','88693461');
INSERT INTO INFOENTITY_PHONE (INFOENTITY_ID, PHONENUMBERS_ID) VALUES('18','28');

INSERT INTO ADDRESS (ADDITIONALINFO,STREET,CITYINFO_ID) VALUES('','Stationsvej 23','600');
INSERT INTO INFOENTITY (DTYPE, EMAIL, ADDRESS_ID) VALUES('Person','Benny@work.com','19');
INSERT INTO PERSON (ID, FIRSTNAME, LASTNAME) VALUES('19','Benny','Berg');
INSERT INTO PHONE (DESCRIPTION, NUMBER) VALUES('Hjem','31719146');
INSERT INTO INFOENTITY_PHONE (INFOENTITY_ID, PHONENUMBERS_ID) VALUES('19','29');
INSERT INTO PHONE (DESCRIPTION, NUMBER) VALUES('Arbejde','16092924');
INSERT INTO INFOENTITY_PHONE (INFOENTITY_ID, PHONENUMBERS_ID) VALUES('19','30');

INSERT INTO ADDRESS (ADDITIONALINFO,STREET,CITYINFO_ID) VALUES('','Jernbanegade 69','367');
INSERT INTO INFOENTITY (DTYPE, EMAIL, ADDRESS_ID) VALUES('Person','Beate@live.dk','20');
INSERT INTO PERSON (ID, FIRSTNAME, LASTNAME) VALUES('20','Beate','Underberg');
INSERT INTO PERSON_HOBBY (PERSONS_ID, HOBBIES_ID) VALUES('20','17');
INSERT INTO PERSON_HOBBY (PERSONS_ID, HOBBIES_ID) VALUES('20','7');
INSERT INTO PHONE (DESCRIPTION, NUMBER) VALUES('Arbejde','96871311');
INSERT INTO INFOENTITY_PHONE (INFOENTITY_ID, PHONENUMBERS_ID) VALUES('20','31');

INSERT INTO ADDRESS (ADDITIONALINFO,STREET,CITYINFO_ID) VALUES('','Birkevej 37','996');
INSERT INTO INFOENTITY (DTYPE, EMAIL, ADDRESS_ID) VALUES('Company','SouthExport@msn.com','21');
INSERT INTO COMPANY (ID, CVR, DESCRIPTION, MARKETVALUE, NAME, NUMEMPLOYEES) VALUES('21','74657963','Banking','566279684','SouthExport','46');
INSERT INTO PHONE (DESCRIPTION, NUMBER) VALUES('Reception','78437779');
INSERT INTO INFOENTITY_PHONE (INFOENTITY_ID, PHONENUMBERS_ID) VALUES('21','32');
INSERT INTO PHONE (DESCRIPTION, NUMBER) VALUES('Reception','11014020');
INSERT INTO INFOENTITY_PHONE (INFOENTITY_ID, PHONENUMBERS_ID) VALUES('21','33');

INSERT INTO ADDRESS (ADDITIONALINFO,STREET,CITYINFO_ID) VALUES('','Lærkevej 25','703');
INSERT INTO INFOENTITY (DTYPE, EMAIL, ADDRESS_ID) VALUES('Company','PolyPower@gmail.com','22');
INSERT INTO COMPANY (ID, CVR, DESCRIPTION, MARKETVALUE, NAME, NUMEMPLOYEES) VALUES('22','81156935','Investment','491452057','PolyPower','27');
INSERT INTO PHONE (DESCRIPTION, NUMBER) VALUES('Reception','84534198');
INSERT INTO INFOENTITY_PHONE (INFOENTITY_ID, PHONENUMBERS_ID) VALUES('22','34');
INSERT INTO PHONE (DESCRIPTION, NUMBER) VALUES('Reception','99979246');
INSERT INTO INFOENTITY_PHONE (INFOENTITY_ID, PHONENUMBERS_ID) VALUES('22','35');

INSERT INTO ADDRESS (ADDITIONALINFO,STREET,CITYINFO_ID) VALUES('st.','Langgade 10','1031');
INSERT INTO INFOENTITY (DTYPE, EMAIL, ADDRESS_ID) VALUES('Person','Inger@msn.dk','23');
INSERT INTO PERSON (ID, FIRSTNAME, LASTNAME) VALUES('23','Inger','Underberg');
INSERT INTO PERSON_HOBBY (PERSONS_ID, HOBBIES_ID) VALUES('23','9');
INSERT INTO PERSON_HOBBY (PERSONS_ID, HOBBIES_ID) VALUES('23','10');
INSERT INTO PHONE (DESCRIPTION, NUMBER) VALUES('Mobil','35584616');
INSERT INTO INFOENTITY_PHONE (INFOENTITY_ID, PHONENUMBERS_ID) VALUES('23','36');

INSERT INTO ADDRESS (ADDITIONALINFO,STREET,CITYINFO_ID) VALUES('','Skovbakken 39','723');
INSERT INTO INFOENTITY (DTYPE, EMAIL, ADDRESS_ID) VALUES('Company','SouthBound@work.com','24');
INSERT INTO COMPANY (ID, CVR, DESCRIPTION, MARKETVALUE, NAME, NUMEMPLOYEES) VALUES('24','46780353','Investment','145731882','SouthBound','95');
INSERT INTO PHONE (DESCRIPTION, NUMBER) VALUES('Reception','30293343');
INSERT INTO INFOENTITY_PHONE (INFOENTITY_ID, PHONENUMBERS_ID) VALUES('24','37');
INSERT INTO PHONE (DESCRIPTION, NUMBER) VALUES('Reception','77081739');
INSERT INTO INFOENTITY_PHONE (INFOENTITY_ID, PHONENUMBERS_ID) VALUES('24','38');

INSERT INTO ADDRESS (ADDITIONALINFO,STREET,CITYINFO_ID) VALUES('','Birkevej 49','827');
INSERT INTO INFOENTITY (DTYPE, EMAIL, ADDRESS_ID) VALUES('Person','Karl@hotmail.com','25');
INSERT INTO PERSON (ID, FIRSTNAME, LASTNAME) VALUES('25','Karl','Eilersen');
INSERT INTO PHONE (DESCRIPTION, NUMBER) VALUES('Arbejde','35150858');
INSERT INTO INFOENTITY_PHONE (INFOENTITY_ID, PHONENUMBERS_ID) VALUES('25','39');

INSERT INTO ADDRESS (ADDITIONALINFO,STREET,CITYINFO_ID) VALUES('','Bredgade 39','681');
INSERT INTO INFOENTITY (DTYPE, EMAIL, ADDRESS_ID) VALUES('Company','InfoCom@hotmail.dk','26');
INSERT INTO COMPANY (ID, CVR, DESCRIPTION, MARKETVALUE, NAME, NUMEMPLOYEES) VALUES('26','47840543','Office equipment','663322684','InfoCom','132');
INSERT INTO PHONE (DESCRIPTION, NUMBER) VALUES('Reception','61225250');
INSERT INTO INFOENTITY_PHONE (INFOENTITY_ID, PHONENUMBERS_ID) VALUES('26','40');

INSERT INTO ADDRESS (ADDITIONALINFO,STREET,CITYINFO_ID) VALUES('','Søndegade 13','912');
INSERT INTO INFOENTITY (DTYPE, EMAIL, ADDRESS_ID) VALUES('Company','SwiftSprint@home.com','27');
INSERT INTO COMPANY (ID, CVR, DESCRIPTION, MARKETVALUE, NAME, NUMEMPLOYEES) VALUES('27','57789472','Cleaning','251312954','SwiftSprint','57');
INSERT INTO PHONE (DESCRIPTION, NUMBER) VALUES('Reception','32178468');
INSERT INTO INFOENTITY_PHONE (INFOENTITY_ID, PHONENUMBERS_ID) VALUES('27','41');

INSERT INTO ADDRESS (ADDITIONALINFO,STREET,CITYINFO_ID) VALUES('','Kirkevej 71','1167');
INSERT INTO INFOENTITY (DTYPE, EMAIL, ADDRESS_ID) VALUES('Company','SouthKnight@hotmail.dk','28');
INSERT INTO COMPANY (ID, CVR, DESCRIPTION, MARKETVALUE, NAME, NUMEMPLOYEES) VALUES('28','67733788','Sales','878758842','SouthKnight','141');
INSERT INTO PHONE (DESCRIPTION, NUMBER) VALUES('Kontor','52942289');
INSERT INTO INFOENTITY_PHONE (INFOENTITY_ID, PHONENUMBERS_ID) VALUES('28','42');

INSERT INTO ADDRESS (ADDITIONALINFO,STREET,CITYINFO_ID) VALUES('','Vestergade 68','451');
INSERT INTO INFOENTITY (DTYPE, EMAIL, ADDRESS_ID) VALUES('Company','CallBuilder@hotmail.com','29');
INSERT INTO COMPANY (ID, CVR, DESCRIPTION, MARKETVALUE, NAME, NUMEMPLOYEES) VALUES('29','55427098','Shopping','336342247','CallBuilder','29');
INSERT INTO PHONE (DESCRIPTION, NUMBER) VALUES('Kontor','50606771');
INSERT INTO INFOENTITY_PHONE (INFOENTITY_ID, PHONENUMBERS_ID) VALUES('29','43');
INSERT INTO PHONE (DESCRIPTION, NUMBER) VALUES('Reception','51784538');
INSERT INTO INFOENTITY_PHONE (INFOENTITY_ID, PHONENUMBERS_ID) VALUES('29','44');

INSERT INTO ADDRESS (ADDITIONALINFO,STREET,CITYINFO_ID) VALUES('','Vibevej 10','339');
INSERT INTO INFOENTITY (DTYPE, EMAIL, ADDRESS_ID) VALUES('Company','BigCell@live.dk','30');
INSERT INTO COMPANY (ID, CVR, DESCRIPTION, MARKETVALUE, NAME, NUMEMPLOYEES) VALUES('30','79313623','Cleaning','521675739','BigCell','151');
INSERT INTO PHONE (DESCRIPTION, NUMBER) VALUES('Kontor','81075742');
INSERT INTO INFOENTITY_PHONE (INFOENTITY_ID, PHONENUMBERS_ID) VALUES('30','45');
INSERT INTO PHONE (DESCRIPTION, NUMBER) VALUES('Kontor','33984307');
INSERT INTO INFOENTITY_PHONE (INFOENTITY_ID, PHONENUMBERS_ID) VALUES('30','46');

INSERT INTO ADDRESS (ADDITIONALINFO,STREET,CITYINFO_ID) VALUES('','Møllevej 84','648');
INSERT INTO INFOENTITY (DTYPE, EMAIL, ADDRESS_ID) VALUES('Person','Anna@work.com','31');
INSERT INTO PERSON (ID, FIRSTNAME, LASTNAME) VALUES('31','Anna','Hansen');
INSERT INTO PERSON_HOBBY (PERSONS_ID, HOBBIES_ID) VALUES('31','16');
INSERT INTO PHONE (DESCRIPTION, NUMBER) VALUES('Arbejde','28311284');
INSERT INTO INFOENTITY_PHONE (INFOENTITY_ID, PHONENUMBERS_ID) VALUES('31','47');

INSERT INTO ADDRESS (ADDITIONALINFO,STREET,CITYINFO_ID) VALUES('3. tv.','Egevej 50','539');
INSERT INTO INFOENTITY (DTYPE, EMAIL, ADDRESS_ID) VALUES('Company','SyncCenter@jubii.dk','32');
INSERT INTO COMPANY (ID, CVR, DESCRIPTION, MARKETVALUE, NAME, NUMEMPLOYEES) VALUES('32','66895343','Cleaning','407854564','SyncCenter','138');
INSERT INTO PHONE (DESCRIPTION, NUMBER) VALUES('Reception','35079953');
INSERT INTO INFOENTITY_PHONE (INFOENTITY_ID, PHONENUMBERS_ID) VALUES('32','48');
INSERT INTO PHONE (DESCRIPTION, NUMBER) VALUES('Kontor','73224858');
INSERT INTO INFOENTITY_PHONE (INFOENTITY_ID, PHONENUMBERS_ID) VALUES('32','49');

INSERT INTO ADDRESS (ADDITIONALINFO,STREET,CITYINFO_ID) VALUES('','Borgergade 43','437');
INSERT INTO INFOENTITY (DTYPE, EMAIL, ADDRESS_ID) VALUES('Person','Karl@msn.dk','33');
INSERT INTO PERSON (ID, FIRSTNAME, LASTNAME) VALUES('33','Karl','Carstensen');
INSERT INTO PERSON_HOBBY (PERSONS_ID, HOBBIES_ID) VALUES('33','10');
INSERT INTO PERSON_HOBBY (PERSONS_ID, HOBBIES_ID) VALUES('33','18');
INSERT INTO PHONE (DESCRIPTION, NUMBER) VALUES('Arbejde','90709960');
INSERT INTO INFOENTITY_PHONE (INFOENTITY_ID, PHONENUMBERS_ID) VALUES('33','50');
INSERT INTO PHONE (DESCRIPTION, NUMBER) VALUES('Arbejde','21940386');
INSERT INTO INFOENTITY_PHONE (INFOENTITY_ID, PHONENUMBERS_ID) VALUES('33','51');

INSERT INTO ADDRESS (ADDITIONALINFO,STREET,CITYINFO_ID) VALUES('','Lærkevej 32','871');
INSERT INTO INFOENTITY (DTYPE, EMAIL, ADDRESS_ID) VALUES('Company','SeriousCell@business.dk','34');
INSERT INTO COMPANY (ID, CVR, DESCRIPTION, MARKETVALUE, NAME, NUMEMPLOYEES) VALUES('34','49880917','Programming','163178081','SeriousCell','194');
INSERT INTO PHONE (DESCRIPTION, NUMBER) VALUES('Kontor','81132896');
INSERT INTO INFOENTITY_PHONE (INFOENTITY_ID, PHONENUMBERS_ID) VALUES('34','52');

INSERT INTO ADDRESS (ADDITIONALINFO,STREET,CITYINFO_ID) VALUES('','Jernbanegade 35','656');
INSERT INTO INFOENTITY (DTYPE, EMAIL, ADDRESS_ID) VALUES('Person','Benny@home.com','35');
INSERT INTO PERSON (ID, FIRSTNAME, LASTNAME) VALUES('35','Benny','Wiksøe');
INSERT INTO PERSON_HOBBY (PERSONS_ID, HOBBIES_ID) VALUES('35','19');
INSERT INTO PERSON_HOBBY (PERSONS_ID, HOBBIES_ID) VALUES('35','3');
INSERT INTO PHONE (DESCRIPTION, NUMBER) VALUES('Mobil','96619051');
INSERT INTO INFOENTITY_PHONE (INFOENTITY_ID, PHONENUMBERS_ID) VALUES('35','53');

INSERT INTO ADDRESS (ADDITIONALINFO,STREET,CITYINFO_ID) VALUES('st.','Hovedgaden 40','149');
INSERT INTO INFOENTITY (DTYPE, EMAIL, ADDRESS_ID) VALUES('Company','UniPort@live.dk','36');
INSERT INTO COMPANY (ID, CVR, DESCRIPTION, MARKETVALUE, NAME, NUMEMPLOYEES) VALUES('36','92483261','Retail','142329161','UniPort','93');
INSERT INTO PHONE (DESCRIPTION, NUMBER) VALUES('Kontor','39043673');
INSERT INTO INFOENTITY_PHONE (INFOENTITY_ID, PHONENUMBERS_ID) VALUES('36','54');

INSERT INTO ADDRESS (ADDITIONALINFO,STREET,CITYINFO_ID) VALUES('st.','Storegade 33','433');
INSERT INTO INFOENTITY (DTYPE, EMAIL, ADDRESS_ID) VALUES('Person','Inger@yahoo.com','37');
INSERT INTO PERSON (ID, FIRSTNAME, LASTNAME) VALUES('37','Inger','Svendsen');
INSERT INTO PERSON_HOBBY (PERSONS_ID, HOBBIES_ID) VALUES('37','13');
INSERT INTO PHONE (DESCRIPTION, NUMBER) VALUES('Hjem','87269624');
INSERT INTO INFOENTITY_PHONE (INFOENTITY_ID, PHONENUMBERS_ID) VALUES('37','55');

INSERT INTO ADDRESS (ADDITIONALINFO,STREET,CITYINFO_ID) VALUES('','Skovvej 75','984');
INSERT INTO INFOENTITY (DTYPE, EMAIL, ADDRESS_ID) VALUES('Company','BigSprint@live.com','38');
INSERT INTO COMPANY (ID, CVR, DESCRIPTION, MARKETVALUE, NAME, NUMEMPLOYEES) VALUES('38','40064344','Retail','309938688','BigSprint','22');
INSERT INTO PHONE (DESCRIPTION, NUMBER) VALUES('Reception','37144455');
INSERT INTO INFOENTITY_PHONE (INFOENTITY_ID, PHONENUMBERS_ID) VALUES('38','56');

INSERT INTO ADDRESS (ADDITIONALINFO,STREET,CITYINFO_ID) VALUES('4. th.','Møllevej 26','710');
INSERT INTO INFOENTITY (DTYPE, EMAIL, ADDRESS_ID) VALUES('Person','Einar@live.dk','39');
INSERT INTO PERSON (ID, FIRSTNAME, LASTNAME) VALUES('39','Einar','Wiksøe');
INSERT INTO PERSON_HOBBY (PERSONS_ID, HOBBIES_ID) VALUES('39','6');
INSERT INTO PERSON_HOBBY (PERSONS_ID, HOBBIES_ID) VALUES('39','12');
INSERT INTO PERSON_HOBBY (PERSONS_ID, HOBBIES_ID) VALUES('39','7');
INSERT INTO PHONE (DESCRIPTION, NUMBER) VALUES('Arbejde','78584402');
INSERT INTO INFOENTITY_PHONE (INFOENTITY_ID, PHONENUMBERS_ID) VALUES('39','57');

INSERT INTO ADDRESS (ADDITIONALINFO,STREET,CITYINFO_ID) VALUES('','Skovbakken 73','201');
INSERT INTO INFOENTITY (DTYPE, EMAIL, ADDRESS_ID) VALUES('Person','Kenny@hotmail.dk','40');
INSERT INTO PERSON (ID, FIRSTNAME, LASTNAME) VALUES('40','Kenny','Bentholm');
INSERT INTO PERSON_HOBBY (PERSONS_ID, HOBBIES_ID) VALUES('40','2');
INSERT INTO PERSON_HOBBY (PERSONS_ID, HOBBIES_ID) VALUES('40','10');
INSERT INTO PERSON_HOBBY (PERSONS_ID, HOBBIES_ID) VALUES('40','3');
INSERT INTO PHONE (DESCRIPTION, NUMBER) VALUES('Arbejde','77578519');
INSERT INTO INFOENTITY_PHONE (INFOENTITY_ID, PHONENUMBERS_ID) VALUES('40','58');

INSERT INTO ADDRESS (ADDITIONALINFO,STREET,CITYINFO_ID) VALUES('','Stationsvej 25','463');
INSERT INTO INFOENTITY (DTYPE, EMAIL, ADDRESS_ID) VALUES('Company','SwiftBuilder@work.com','41');
INSERT INTO COMPANY (ID, CVR, DESCRIPTION, MARKETVALUE, NAME, NUMEMPLOYEES) VALUES('41','11425088','Education','142932516','SwiftBuilder','171');
INSERT INTO PHONE (DESCRIPTION, NUMBER) VALUES('Reception','85938641');
INSERT INTO INFOENTITY_PHONE (INFOENTITY_ID, PHONENUMBERS_ID) VALUES('41','59');
INSERT INTO PHONE (DESCRIPTION, NUMBER) VALUES('Reception','60931904');
INSERT INTO INFOENTITY_PHONE (INFOENTITY_ID, PHONENUMBERS_ID) VALUES('41','60');

INSERT INTO ADDRESS (ADDITIONALINFO,STREET,CITYINFO_ID) VALUES('','Borgergade 74','65');
INSERT INTO INFOENTITY (DTYPE, EMAIL, ADDRESS_ID) VALUES('Person','Jens@yahoo.com','42');
INSERT INTO PERSON (ID, FIRSTNAME, LASTNAME) VALUES('42','Jens','Ardberg');
INSERT INTO PERSON_HOBBY (PERSONS_ID, HOBBIES_ID) VALUES('42','9');
INSERT INTO PHONE (DESCRIPTION, NUMBER) VALUES('Mobil','30504518');
INSERT INTO INFOENTITY_PHONE (INFOENTITY_ID, PHONENUMBERS_ID) VALUES('42','61');
INSERT INTO PHONE (DESCRIPTION, NUMBER) VALUES('Mobil','82445703');
INSERT INTO INFOENTITY_PHONE (INFOENTITY_ID, PHONENUMBERS_ID) VALUES('42','62');

INSERT INTO ADDRESS (ADDITIONALINFO,STREET,CITYINFO_ID) VALUES('','Vibevej 24','1232');
INSERT INTO INFOENTITY (DTYPE, EMAIL, ADDRESS_ID) VALUES('Person','Lea@yahoo.com','43');
INSERT INTO PERSON (ID, FIRSTNAME, LASTNAME) VALUES('43','Lea','Eilersen');
INSERT INTO PERSON_HOBBY (PERSONS_ID, HOBBIES_ID) VALUES('43','6');
INSERT INTO PERSON_HOBBY (PERSONS_ID, HOBBIES_ID) VALUES('43','19');
INSERT INTO PERSON_HOBBY (PERSONS_ID, HOBBIES_ID) VALUES('43','14');
INSERT INTO PHONE (DESCRIPTION, NUMBER) VALUES('Hjem','63779387');
INSERT INTO INFOENTITY_PHONE (INFOENTITY_ID, PHONENUMBERS_ID) VALUES('43','63');

INSERT INTO ADDRESS (ADDITIONALINFO,STREET,CITYINFO_ID) VALUES('4. th.','Stormgade 37','1201');
INSERT INTO INFOENTITY (DTYPE, EMAIL, ADDRESS_ID) VALUES('Company','InfoCenter@jubii.dk','44');
INSERT INTO COMPANY (ID, CVR, DESCRIPTION, MARKETVALUE, NAME, NUMEMPLOYEES) VALUES('44','50999148','Sales','326642262','InfoCenter','116');
INSERT INTO PHONE (DESCRIPTION, NUMBER) VALUES('Kontor','78478807');
INSERT INTO INFOENTITY_PHONE (INFOENTITY_ID, PHONENUMBERS_ID) VALUES('44','64');

INSERT INTO ADDRESS (ADDITIONALINFO,STREET,CITYINFO_ID) VALUES('','Borgergade 15','1306');
INSERT INTO INFOENTITY (DTYPE, EMAIL, ADDRESS_ID) VALUES('Person','Ole@gmail.com','45');
INSERT INTO PERSON (ID, FIRSTNAME, LASTNAME) VALUES('45','Ole','Larsem');
INSERT INTO PERSON_HOBBY (PERSONS_ID, HOBBIES_ID) VALUES('45','11');
INSERT INTO PERSON_HOBBY (PERSONS_ID, HOBBIES_ID) VALUES('45','2');
INSERT INTO PHONE (DESCRIPTION, NUMBER) VALUES('Mobil','21596556');
INSERT INTO INFOENTITY_PHONE (INFOENTITY_ID, PHONENUMBERS_ID) VALUES('45','65');

INSERT INTO ADDRESS (ADDITIONALINFO,STREET,CITYINFO_ID) VALUES('','Vibevej 85','1216');
INSERT INTO INFOENTITY (DTYPE, EMAIL, ADDRESS_ID) VALUES('Person','Andrea@home.com','46');
INSERT INTO PERSON (ID, FIRSTNAME, LASTNAME) VALUES('46','Andrea','Underberg');
INSERT INTO PERSON_HOBBY (PERSONS_ID, HOBBIES_ID) VALUES('46','20');
INSERT INTO PHONE (DESCRIPTION, NUMBER) VALUES('Hjem','88811096');
INSERT INTO INFOENTITY_PHONE (INFOENTITY_ID, PHONENUMBERS_ID) VALUES('46','66');

INSERT INTO ADDRESS (ADDITIONALINFO,STREET,CITYINFO_ID) VALUES('','Ågade 41','772');
INSERT INTO INFOENTITY (DTYPE, EMAIL, ADDRESS_ID) VALUES('Company','SwiftSolutions@data.com','47');
INSERT INTO COMPANY (ID, CVR, DESCRIPTION, MARKETVALUE, NAME, NUMEMPLOYEES) VALUES('47','79753217','Medicine','769161510','SwiftSolutions','193');
INSERT INTO PHONE (DESCRIPTION, NUMBER) VALUES('Reception','22287302');
INSERT INTO INFOENTITY_PHONE (INFOENTITY_ID, PHONENUMBERS_ID) VALUES('47','67');
INSERT INTO PHONE (DESCRIPTION, NUMBER) VALUES('Kontor','48499444');
INSERT INTO INFOENTITY_PHONE (INFOENTITY_ID, PHONENUMBERS_ID) VALUES('47','68');

INSERT INTO ADDRESS (ADDITIONALINFO,STREET,CITYINFO_ID) VALUES('','Engvej 9','460');
INSERT INTO INFOENTITY (DTYPE, EMAIL, ADDRESS_ID) VALUES('Company','SamCenter@yahoo.com','48');
INSERT INTO COMPANY (ID, CVR, DESCRIPTION, MARKETVALUE, NAME, NUMEMPLOYEES) VALUES('48','68893253','Human Ressources','428851858','SamCenter','19');
INSERT INTO PHONE (DESCRIPTION, NUMBER) VALUES('Reception','32346231');
INSERT INTO INFOENTITY_PHONE (INFOENTITY_ID, PHONENUMBERS_ID) VALUES('48','69');

INSERT INTO ADDRESS (ADDITIONALINFO,STREET,CITYINFO_ID) VALUES('','Skovvej 14','1129');
INSERT INTO INFOENTITY (DTYPE, EMAIL, ADDRESS_ID) VALUES('Company','SyncData@home.com','49');
INSERT INTO COMPANY (ID, CVR, DESCRIPTION, MARKETVALUE, NAME, NUMEMPLOYEES) VALUES('49','67560047','Programming','331988353','SyncData','88');
INSERT INTO PHONE (DESCRIPTION, NUMBER) VALUES('Kontor','70602171');
INSERT INTO INFOENTITY_PHONE (INFOENTITY_ID, PHONENUMBERS_ID) VALUES('49','70');

INSERT INTO ADDRESS (ADDITIONALINFO,STREET,CITYINFO_ID) VALUES('','Violvej 86','1339');
INSERT INTO INFOENTITY (DTYPE, EMAIL, ADDRESS_ID) VALUES('Company','EastCom@live.dk','50');
INSERT INTO COMPANY (ID, CVR, DESCRIPTION, MARKETVALUE, NAME, NUMEMPLOYEES) VALUES('50','78422064','Shopping','214410185','EastCom','135');
INSERT INTO PHONE (DESCRIPTION, NUMBER) VALUES('Kontor','35395060');
INSERT INTO INFOENTITY_PHONE (INFOENTITY_ID, PHONENUMBERS_ID) VALUES('50','71');

INSERT INTO ADDRESS (ADDITIONALINFO,STREET,CITYINFO_ID) VALUES('','Borgergade 91','801');
INSERT INTO INFOENTITY (DTYPE, EMAIL, ADDRESS_ID) VALUES('Company','InfoEnterprise@gmail.com','51');
INSERT INTO COMPANY (ID, CVR, DESCRIPTION, MARKETVALUE, NAME, NUMEMPLOYEES) VALUES('51','59882972','Production','751678453','InfoEnterprise','179');
INSERT INTO PHONE (DESCRIPTION, NUMBER) VALUES('Reception','61258222');
INSERT INTO INFOENTITY_PHONE (INFOENTITY_ID, PHONENUMBERS_ID) VALUES('51','72');

INSERT INTO ADDRESS (ADDITIONALINFO,STREET,CITYINFO_ID) VALUES('4. th.','Egevej 51','629');
INSERT INTO INFOENTITY (DTYPE, EMAIL, ADDRESS_ID) VALUES('Company','SoftPartner@data.com','52');
INSERT INTO COMPANY (ID, CVR, DESCRIPTION, MARKETVALUE, NAME, NUMEMPLOYEES) VALUES('52','54355841','Medicine','964143040','SoftPartner','173');
INSERT INTO PHONE (DESCRIPTION, NUMBER) VALUES('Reception','89407430');
INSERT INTO INFOENTITY_PHONE (INFOENTITY_ID, PHONENUMBERS_ID) VALUES('52','73');
INSERT INTO PHONE (DESCRIPTION, NUMBER) VALUES('Reception','60862186');
INSERT INTO INFOENTITY_PHONE (INFOENTITY_ID, PHONENUMBERS_ID) VALUES('52','74');

INSERT INTO ADDRESS (ADDITIONALINFO,STREET,CITYINFO_ID) VALUES('','Skolegade 52','318');
INSERT INTO INFOENTITY (DTYPE, EMAIL, ADDRESS_ID) VALUES('Person','Ida@jubii.dk','53');
INSERT INTO PERSON (ID, FIRSTNAME, LASTNAME) VALUES('53','Ida','Madsen');
INSERT INTO PHONE (DESCRIPTION, NUMBER) VALUES('Hjem','72226662');
INSERT INTO INFOENTITY_PHONE (INFOENTITY_ID, PHONENUMBERS_ID) VALUES('53','75');
INSERT INTO PHONE (DESCRIPTION, NUMBER) VALUES('Mobil','37870840');
INSERT INTO INFOENTITY_PHONE (INFOENTITY_ID, PHONENUMBERS_ID) VALUES('53','76');

INSERT INTO ADDRESS (ADDITIONALINFO,STREET,CITYINFO_ID) VALUES('1. th.','Langgade 50','87');
INSERT INTO INFOENTITY (DTYPE, EMAIL, ADDRESS_ID) VALUES('Company','OmniCenter@msn.dk','54');
INSERT INTO COMPANY (ID, CVR, DESCRIPTION, MARKETVALUE, NAME, NUMEMPLOYEES) VALUES('54','64480597','Hardware','372442562','OmniCenter','50');
INSERT INTO PHONE (DESCRIPTION, NUMBER) VALUES('Reception','19580227');
INSERT INTO INFOENTITY_PHONE (INFOENTITY_ID, PHONENUMBERS_ID) VALUES('54','77');
INSERT INTO PHONE (DESCRIPTION, NUMBER) VALUES('Reception','78282359');
INSERT INTO INFOENTITY_PHONE (INFOENTITY_ID, PHONENUMBERS_ID) VALUES('54','78');

INSERT INTO ADDRESS (ADDITIONALINFO,STREET,CITYINFO_ID) VALUES('4. tv.','Søndegade 18','805');
INSERT INTO INFOENTITY (DTYPE, EMAIL, ADDRESS_ID) VALUES('Company','SouthCom@msn.dk','55');
INSERT INTO COMPANY (ID, CVR, DESCRIPTION, MARKETVALUE, NAME, NUMEMPLOYEES) VALUES('55','99705387','Sales','627719114','SouthCom','111');
INSERT INTO PHONE (DESCRIPTION, NUMBER) VALUES('Reception','80263952');
INSERT INTO INFOENTITY_PHONE (INFOENTITY_ID, PHONENUMBERS_ID) VALUES('55','79');

INSERT INTO ADDRESS (ADDITIONALINFO,STREET,CITYINFO_ID) VALUES('','Vibevej 89','1181');
INSERT INTO INFOENTITY (DTYPE, EMAIL, ADDRESS_ID) VALUES('Company','UniFirm@gmail.com','56');
INSERT INTO COMPANY (ID, CVR, DESCRIPTION, MARKETVALUE, NAME, NUMEMPLOYEES) VALUES('56','64724311','Shopping','50850800','UniFirm','151');
INSERT INTO PHONE (DESCRIPTION, NUMBER) VALUES('Kontor','24872868');
INSERT INTO INFOENTITY_PHONE (INFOENTITY_ID, PHONENUMBERS_ID) VALUES('56','80');
INSERT INTO PHONE (DESCRIPTION, NUMBER) VALUES('Reception','20333384');
INSERT INTO INFOENTITY_PHONE (INFOENTITY_ID, PHONENUMBERS_ID) VALUES('56','81');

INSERT INTO ADDRESS (ADDITIONALINFO,STREET,CITYINFO_ID) VALUES('','Skovbakken 29','564');
INSERT INTO INFOENTITY (DTYPE, EMAIL, ADDRESS_ID) VALUES('Company','OmniEnterprise@office.dk','57');
INSERT INTO COMPANY (ID, CVR, DESCRIPTION, MARKETVALUE, NAME, NUMEMPLOYEES) VALUES('57','65283371','Sales','70296515','OmniEnterprise','162');
INSERT INTO PHONE (DESCRIPTION, NUMBER) VALUES('Kontor','10382889');
INSERT INTO INFOENTITY_PHONE (INFOENTITY_ID, PHONENUMBERS_ID) VALUES('57','82');

INSERT INTO ADDRESS (ADDITIONALINFO,STREET,CITYINFO_ID) VALUES('','Skovvej 70','898');
INSERT INTO INFOENTITY (DTYPE, EMAIL, ADDRESS_ID) VALUES('Company','NorthImport@hotmail.com','58');
INSERT INTO COMPANY (ID, CVR, DESCRIPTION, MARKETVALUE, NAME, NUMEMPLOYEES) VALUES('58','95597886','Education','729287680','NorthImport','103');
INSERT INTO PHONE (DESCRIPTION, NUMBER) VALUES('Reception','20646357');
INSERT INTO INFOENTITY_PHONE (INFOENTITY_ID, PHONENUMBERS_ID) VALUES('58','83');

INSERT INTO ADDRESS (ADDITIONALINFO,STREET,CITYINFO_ID) VALUES('','Skolegade 23','126');
INSERT INTO INFOENTITY (DTYPE, EMAIL, ADDRESS_ID) VALUES('Company','NewFirm@msn.com','59');
INSERT INTO COMPANY (ID, CVR, DESCRIPTION, MARKETVALUE, NAME, NUMEMPLOYEES) VALUES('59','66945460','Software','315382078','NewFirm','92');
INSERT INTO PHONE (DESCRIPTION, NUMBER) VALUES('Kontor','94713324');
INSERT INTO INFOENTITY_PHONE (INFOENTITY_ID, PHONENUMBERS_ID) VALUES('59','84');
INSERT INTO PHONE (DESCRIPTION, NUMBER) VALUES('Reception','31554284');
INSERT INTO INFOENTITY_PHONE (INFOENTITY_ID, PHONENUMBERS_ID) VALUES('59','85');

INSERT INTO ADDRESS (ADDITIONALINFO,STREET,CITYINFO_ID) VALUES('3. tv.','Birkevej 30','768');
INSERT INTO INFOENTITY (DTYPE, EMAIL, ADDRESS_ID) VALUES('Company','SiriusCom@hotmail.dk','60');
INSERT INTO COMPANY (ID, CVR, DESCRIPTION, MARKETVALUE, NAME, NUMEMPLOYEES) VALUES('60','92378150','Hardware','974382037','SiriusCom','94');
INSERT INTO PHONE (DESCRIPTION, NUMBER) VALUES('Reception','52363025');
INSERT INTO INFOENTITY_PHONE (INFOENTITY_ID, PHONENUMBERS_ID) VALUES('60','86');

INSERT INTO ADDRESS (ADDITIONALINFO,STREET,CITYINFO_ID) VALUES('4. tv.','Møllevej 61','693');
INSERT INTO INFOENTITY (DTYPE, EMAIL, ADDRESS_ID) VALUES('Person','Lea@live.dk','61');
INSERT INTO PERSON (ID, FIRSTNAME, LASTNAME) VALUES('61','Lea','Andersen');
INSERT INTO PERSON_HOBBY (PERSONS_ID, HOBBIES_ID) VALUES('61','4');
INSERT INTO PHONE (DESCRIPTION, NUMBER) VALUES('Arbejde','22794460');
INSERT INTO INFOENTITY_PHONE (INFOENTITY_ID, PHONENUMBERS_ID) VALUES('61','87');

INSERT INTO ADDRESS (ADDITIONALINFO,STREET,CITYINFO_ID) VALUES('','Nygade 57','373');
INSERT INTO INFOENTITY (DTYPE, EMAIL, ADDRESS_ID) VALUES('Person','Signe@business.dk','62');
INSERT INTO PERSON (ID, FIRSTNAME, LASTNAME) VALUES('62','Signe','Klausen');
INSERT INTO PERSON_HOBBY (PERSONS_ID, HOBBIES_ID) VALUES('62','15');
INSERT INTO PHONE (DESCRIPTION, NUMBER) VALUES('Hjem','28486322');
INSERT INTO INFOENTITY_PHONE (INFOENTITY_ID, PHONENUMBERS_ID) VALUES('62','88');

INSERT INTO ADDRESS (ADDITIONALINFO,STREET,CITYINFO_ID) VALUES('','Nørregade 68','1160');
INSERT INTO INFOENTITY (DTYPE, EMAIL, ADDRESS_ID) VALUES('Company','CityOrg@hotmail.com','63');
INSERT INTO COMPANY (ID, CVR, DESCRIPTION, MARKETVALUE, NAME, NUMEMPLOYEES) VALUES('63','20233494','Medicine','690670564','CityOrg','132');
INSERT INTO PHONE (DESCRIPTION, NUMBER) VALUES('Reception','49898543');
INSERT INTO INFOENTITY_PHONE (INFOENTITY_ID, PHONENUMBERS_ID) VALUES('63','89');

INSERT INTO ADDRESS (ADDITIONALINFO,STREET,CITYINFO_ID) VALUES('st.','Violvej 0','509');
INSERT INTO INFOENTITY (DTYPE, EMAIL, ADDRESS_ID) VALUES('Person','Ida@hotmail.dk','64');
INSERT INTO PERSON (ID, FIRSTNAME, LASTNAME) VALUES('64','Ida','Larsem');
INSERT INTO PERSON_HOBBY (PERSONS_ID, HOBBIES_ID) VALUES('64','15');
INSERT INTO PERSON_HOBBY (PERSONS_ID, HOBBIES_ID) VALUES('64','14');
INSERT INTO PHONE (DESCRIPTION, NUMBER) VALUES('Arbejde','38088012');
INSERT INTO INFOENTITY_PHONE (INFOENTITY_ID, PHONENUMBERS_ID) VALUES('64','90');
INSERT INTO PHONE (DESCRIPTION, NUMBER) VALUES('Arbejde','18558578');
INSERT INTO INFOENTITY_PHONE (INFOENTITY_ID, PHONENUMBERS_ID) VALUES('64','91');

INSERT INTO ADDRESS (ADDITIONALINFO,STREET,CITYINFO_ID) VALUES('','Møllevej 5','511');
INSERT INTO INFOENTITY (DTYPE, EMAIL, ADDRESS_ID) VALUES('Person','Dorte@msn.com','65');
INSERT INTO PERSON (ID, FIRSTNAME, LASTNAME) VALUES('65','Dorte','Larsem');
INSERT INTO PERSON_HOBBY (PERSONS_ID, HOBBIES_ID) VALUES('65','8');
INSERT INTO PERSON_HOBBY (PERSONS_ID, HOBBIES_ID) VALUES('65','18');
INSERT INTO PERSON_HOBBY (PERSONS_ID, HOBBIES_ID) VALUES('65','10');
INSERT INTO PHONE (DESCRIPTION, NUMBER) VALUES('Mobil','95878072');
INSERT INTO INFOENTITY_PHONE (INFOENTITY_ID, PHONENUMBERS_ID) VALUES('65','92');
INSERT INTO PHONE (DESCRIPTION, NUMBER) VALUES('Mobil','60348097');
INSERT INTO INFOENTITY_PHONE (INFOENTITY_ID, PHONENUMBERS_ID) VALUES('65','93');

INSERT INTO ADDRESS (ADDITIONALINFO,STREET,CITYINFO_ID) VALUES('','Violvej 2','236');
INSERT INTO INFOENTITY (DTYPE, EMAIL, ADDRESS_ID) VALUES('Person','Holger@yahoo.com','66');
INSERT INTO PERSON (ID, FIRSTNAME, LASTNAME) VALUES('66','Holger','Skov');
INSERT INTO PERSON_HOBBY (PERSONS_ID, HOBBIES_ID) VALUES('66','15');
INSERT INTO PERSON_HOBBY (PERSONS_ID, HOBBIES_ID) VALUES('66','14');
INSERT INTO PERSON_HOBBY (PERSONS_ID, HOBBIES_ID) VALUES('66','3');
INSERT INTO PHONE (DESCRIPTION, NUMBER) VALUES('Mobil','89260646');
INSERT INTO INFOENTITY_PHONE (INFOENTITY_ID, PHONENUMBERS_ID) VALUES('66','94');

INSERT INTO ADDRESS (ADDITIONALINFO,STREET,CITYINFO_ID) VALUES('','Jernbanegade 32','12');
INSERT INTO INFOENTITY (DTYPE, EMAIL, ADDRESS_ID) VALUES('Company','NewImport@hotmail.com','67');
INSERT INTO COMPANY (ID, CVR, DESCRIPTION, MARKETVALUE, NAME, NUMEMPLOYEES) VALUES('67','24204979','Hardware','957536285','NewImport','125');
INSERT INTO PHONE (DESCRIPTION, NUMBER) VALUES('Reception','90587679');
INSERT INTO INFOENTITY_PHONE (INFOENTITY_ID, PHONENUMBERS_ID) VALUES('67','95');

INSERT INTO ADDRESS (ADDITIONALINFO,STREET,CITYINFO_ID) VALUES('','Søndegade 78','997');
INSERT INTO INFOENTITY (DTYPE, EMAIL, ADDRESS_ID) VALUES('Person','Rene@home.com','68');
INSERT INTO PERSON (ID, FIRSTNAME, LASTNAME) VALUES('68','Rene','Torp');
INSERT INTO PERSON_HOBBY (PERSONS_ID, HOBBIES_ID) VALUES('68','12');
INSERT INTO PERSON_HOBBY (PERSONS_ID, HOBBIES_ID) VALUES('68','9');
INSERT INTO PHONE (DESCRIPTION, NUMBER) VALUES('Arbejde','94890991');
INSERT INTO INFOENTITY_PHONE (INFOENTITY_ID, PHONENUMBERS_ID) VALUES('68','96');

INSERT INTO ADDRESS (ADDITIONALINFO,STREET,CITYINFO_ID) VALUES('','Borgergade 28','477');
INSERT INTO INFOENTITY (DTYPE, EMAIL, ADDRESS_ID) VALUES('Company','PolySolutions@business.dk','69');
INSERT INTO COMPANY (ID, CVR, DESCRIPTION, MARKETVALUE, NAME, NUMEMPLOYEES) VALUES('69','76766355','Sales','882125899','PolySolutions','12');
INSERT INTO PHONE (DESCRIPTION, NUMBER) VALUES('Kontor','79329972');
INSERT INTO INFOENTITY_PHONE (INFOENTITY_ID, PHONENUMBERS_ID) VALUES('69','97');

INSERT INTO ADDRESS (ADDITIONALINFO,STREET,CITYINFO_ID) VALUES('st.','Ågade 23','100');
INSERT INTO INFOENTITY (DTYPE, EMAIL, ADDRESS_ID) VALUES('Person','Per@hotmail.com','70');
INSERT INTO PERSON (ID, FIRSTNAME, LASTNAME) VALUES('70','Per','Meinholt');
INSERT INTO PERSON_HOBBY (PERSONS_ID, HOBBIES_ID) VALUES('70','11');
INSERT INTO PERSON_HOBBY (PERSONS_ID, HOBBIES_ID) VALUES('70','10');
INSERT INTO PHONE (DESCRIPTION, NUMBER) VALUES('Hjem','91394352');
INSERT INTO INFOENTITY_PHONE (INFOENTITY_ID, PHONENUMBERS_ID) VALUES('70','98');
INSERT INTO PHONE (DESCRIPTION, NUMBER) VALUES('Mobil','93161223');
INSERT INTO INFOENTITY_PHONE (INFOENTITY_ID, PHONENUMBERS_ID) VALUES('70','99');

INSERT INTO ADDRESS (ADDITIONALINFO,STREET,CITYINFO_ID) VALUES('','Egevej 78','629');
INSERT INTO INFOENTITY (DTYPE, EMAIL, ADDRESS_ID) VALUES('Company','CallSide@data.com','71');
INSERT INTO COMPANY (ID, CVR, DESCRIPTION, MARKETVALUE, NAME, NUMEMPLOYEES) VALUES('71','19496227','Shopping','876546696','CallSide','158');
INSERT INTO PHONE (DESCRIPTION, NUMBER) VALUES('Kontor','52851038');
INSERT INTO INFOENTITY_PHONE (INFOENTITY_ID, PHONENUMBERS_ID) VALUES('71','100');
INSERT INTO PHONE (DESCRIPTION, NUMBER) VALUES('Kontor','82188851');
INSERT INTO INFOENTITY_PHONE (INFOENTITY_ID, PHONENUMBERS_ID) VALUES('71','101');

INSERT INTO ADDRESS (ADDITIONALINFO,STREET,CITYINFO_ID) VALUES('1. tv.','Ågade 8','361');
INSERT INTO INFOENTITY (DTYPE, EMAIL, ADDRESS_ID) VALUES('Company','SiriusPartner@gmail.com','72');
INSERT INTO COMPANY (ID, CVR, DESCRIPTION, MARKETVALUE, NAME, NUMEMPLOYEES) VALUES('72','80419318','Production','110363834','SiriusPartner','174');
INSERT INTO PHONE (DESCRIPTION, NUMBER) VALUES('Reception','32442679');
INSERT INTO INFOENTITY_PHONE (INFOENTITY_ID, PHONENUMBERS_ID) VALUES('72','102');

INSERT INTO ADDRESS (ADDITIONALINFO,STREET,CITYINFO_ID) VALUES('','Solbakken 69','621');
INSERT INTO INFOENTITY (DTYPE, EMAIL, ADDRESS_ID) VALUES('Company','EastExport@live.dk','73');
INSERT INTO COMPANY (ID, CVR, DESCRIPTION, MARKETVALUE, NAME, NUMEMPLOYEES) VALUES('73','46715334','Shopping','980309343','EastExport','103');
INSERT INTO PHONE (DESCRIPTION, NUMBER) VALUES('Kontor','85487332');
INSERT INTO INFOENTITY_PHONE (INFOENTITY_ID, PHONENUMBERS_ID) VALUES('73','103');
INSERT INTO PHONE (DESCRIPTION, NUMBER) VALUES('Reception','31259341');
INSERT INTO INFOENTITY_PHONE (INFOENTITY_ID, PHONENUMBERS_ID) VALUES('73','104');

INSERT INTO ADDRESS (ADDITIONALINFO,STREET,CITYINFO_ID) VALUES('','Vibevej 98','241');
INSERT INTO INFOENTITY (DTYPE, EMAIL, ADDRESS_ID) VALUES('Company','SyncCenter@hotmail.com','74');
INSERT INTO COMPANY (ID, CVR, DESCRIPTION, MARKETVALUE, NAME, NUMEMPLOYEES) VALUES('74','20041282','Investment','517712369','SyncCenter','7');
INSERT INTO PHONE (DESCRIPTION, NUMBER) VALUES('Reception','10940498');
INSERT INTO INFOENTITY_PHONE (INFOENTITY_ID, PHONENUMBERS_ID) VALUES('74','105');

INSERT INTO ADDRESS (ADDITIONALINFO,STREET,CITYINFO_ID) VALUES('','Violvej 34','495');
INSERT INTO INFOENTITY (DTYPE, EMAIL, ADDRESS_ID) VALUES('Person','Lone@live.com','75');
INSERT INTO PERSON (ID, FIRSTNAME, LASTNAME) VALUES('75','Lone','Svendsen');
INSERT INTO PERSON_HOBBY (PERSONS_ID, HOBBIES_ID) VALUES('75','15');
INSERT INTO PERSON_HOBBY (PERSONS_ID, HOBBIES_ID) VALUES('75','14');
INSERT INTO PHONE (DESCRIPTION, NUMBER) VALUES('Mobil','64082368');
INSERT INTO INFOENTITY_PHONE (INFOENTITY_ID, PHONENUMBERS_ID) VALUES('75','106');
INSERT INTO PHONE (DESCRIPTION, NUMBER) VALUES('Mobil','62743208');
INSERT INTO INFOENTITY_PHONE (INFOENTITY_ID, PHONENUMBERS_ID) VALUES('75','107');

INSERT INTO ADDRESS (ADDITIONALINFO,STREET,CITYINFO_ID) VALUES('','Vestergade 97','60');
INSERT INTO INFOENTITY (DTYPE, EMAIL, ADDRESS_ID) VALUES('Person','Beate@jubii.dk','76');
INSERT INTO PERSON (ID, FIRSTNAME, LASTNAME) VALUES('76','Beate','Hansen');
INSERT INTO PERSON_HOBBY (PERSONS_ID, HOBBIES_ID) VALUES('76','3');
INSERT INTO PERSON_HOBBY (PERSONS_ID, HOBBIES_ID) VALUES('76','8');
INSERT INTO PHONE (DESCRIPTION, NUMBER) VALUES('Hjem','72157629');
INSERT INTO INFOENTITY_PHONE (INFOENTITY_ID, PHONENUMBERS_ID) VALUES('76','108');
INSERT INTO PHONE (DESCRIPTION, NUMBER) VALUES('Hjem','33871266');
INSERT INTO INFOENTITY_PHONE (INFOENTITY_ID, PHONENUMBERS_ID) VALUES('76','109');

INSERT INTO ADDRESS (ADDITIONALINFO,STREET,CITYINFO_ID) VALUES('','Nygade 17','41');
INSERT INTO INFOENTITY (DTYPE, EMAIL, ADDRESS_ID) VALUES('Person','Louise@live.com','77');
INSERT INTO PERSON (ID, FIRSTNAME, LASTNAME) VALUES('77','Louise','Klausen');
INSERT INTO PERSON_HOBBY (PERSONS_ID, HOBBIES_ID) VALUES('77','3');
INSERT INTO PERSON_HOBBY (PERSONS_ID, HOBBIES_ID) VALUES('77','13');
INSERT INTO PERSON_HOBBY (PERSONS_ID, HOBBIES_ID) VALUES('77','7');
INSERT INTO PHONE (DESCRIPTION, NUMBER) VALUES('Mobil','28677544');
INSERT INTO INFOENTITY_PHONE (INFOENTITY_ID, PHONENUMBERS_ID) VALUES('77','110');

INSERT INTO ADDRESS (ADDITIONALINFO,STREET,CITYINFO_ID) VALUES('','Ågade 49','1187');
INSERT INTO INFOENTITY (DTYPE, EMAIL, ADDRESS_ID) VALUES('Person','Tove@data.com','78');
INSERT INTO PERSON (ID, FIRSTNAME, LASTNAME) VALUES('78','Tove','Ålbæk');
INSERT INTO PERSON_HOBBY (PERSONS_ID, HOBBIES_ID) VALUES('78','20');
INSERT INTO PHONE (DESCRIPTION, NUMBER) VALUES('Mobil','75090298');
INSERT INTO INFOENTITY_PHONE (INFOENTITY_ID, PHONENUMBERS_ID) VALUES('78','111');
INSERT INTO PHONE (DESCRIPTION, NUMBER) VALUES('Hjem','27728118');
INSERT INTO INFOENTITY_PHONE (INFOENTITY_ID, PHONENUMBERS_ID) VALUES('78','112');

INSERT INTO ADDRESS (ADDITIONALINFO,STREET,CITYINFO_ID) VALUES('','Borgergade 69','626');
INSERT INTO INFOENTITY (DTYPE, EMAIL, ADDRESS_ID) VALUES('Person','Lise@office.dk','79');
INSERT INTO PERSON (ID, FIRSTNAME, LASTNAME) VALUES('79','Lise','Meinholt');
INSERT INTO PERSON_HOBBY (PERSONS_ID, HOBBIES_ID) VALUES('79','11');
INSERT INTO PERSON_HOBBY (PERSONS_ID, HOBBIES_ID) VALUES('79','12');
INSERT INTO PHONE (DESCRIPTION, NUMBER) VALUES('Arbejde','19364575');
INSERT INTO INFOENTITY_PHONE (INFOENTITY_ID, PHONENUMBERS_ID) VALUES('79','113');
INSERT INTO PHONE (DESCRIPTION, NUMBER) VALUES('Arbejde','83930933');
INSERT INTO INFOENTITY_PHONE (INFOENTITY_ID, PHONENUMBERS_ID) VALUES('79','114');

INSERT INTO ADDRESS (ADDITIONALINFO,STREET,CITYINFO_ID) VALUES('3. th.','Solbakken 95','301');
INSERT INTO INFOENTITY (DTYPE, EMAIL, ADDRESS_ID) VALUES('Person','Beate@hotmail.com','80');
INSERT INTO PERSON (ID, FIRSTNAME, LASTNAME) VALUES('80','Beate','Ålbæk');
INSERT INTO PHONE (DESCRIPTION, NUMBER) VALUES('Mobil','16207750');
INSERT INTO INFOENTITY_PHONE (INFOENTITY_ID, PHONENUMBERS_ID) VALUES('80','115');

INSERT INTO ADDRESS (ADDITIONALINFO,STREET,CITYINFO_ID) VALUES('','Nygade 59','783');
INSERT INTO INFOENTITY (DTYPE, EMAIL, ADDRESS_ID) VALUES('Person','Niels@yahoo.com','81');
INSERT INTO PERSON (ID, FIRSTNAME, LASTNAME) VALUES('81','Niels','Torp');
INSERT INTO PERSON_HOBBY (PERSONS_ID, HOBBIES_ID) VALUES('81','10');
INSERT INTO PERSON_HOBBY (PERSONS_ID, HOBBIES_ID) VALUES('81','2');
INSERT INTO PERSON_HOBBY (PERSONS_ID, HOBBIES_ID) VALUES('81','3');
INSERT INTO PHONE (DESCRIPTION, NUMBER) VALUES('Mobil','66168438');
INSERT INTO INFOENTITY_PHONE (INFOENTITY_ID, PHONENUMBERS_ID) VALUES('81','116');

INSERT INTO ADDRESS (ADDITIONALINFO,STREET,CITYINFO_ID) VALUES('','Østergade 48','1215');
INSERT INTO INFOENTITY (DTYPE, EMAIL, ADDRESS_ID) VALUES('Company','UpCenter@hotmail.com','82');
INSERT INTO COMPANY (ID, CVR, DESCRIPTION, MARKETVALUE, NAME, NUMEMPLOYEES) VALUES('82','35301813','Cleaning','890271638','UpCenter','64');
INSERT INTO PHONE (DESCRIPTION, NUMBER) VALUES('Reception','12975842');
INSERT INTO INFOENTITY_PHONE (INFOENTITY_ID, PHONENUMBERS_ID) VALUES('82','117');
INSERT INTO PHONE (DESCRIPTION, NUMBER) VALUES('Kontor','12894263');
INSERT INTO INFOENTITY_PHONE (INFOENTITY_ID, PHONENUMBERS_ID) VALUES('82','118');

INSERT INTO ADDRESS (ADDITIONALINFO,STREET,CITYINFO_ID) VALUES('','Storegade 61','634');
INSERT INTO INFOENTITY (DTYPE, EMAIL, ADDRESS_ID) VALUES('Person','Mads@jubii.dk','83');
INSERT INTO PERSON (ID, FIRSTNAME, LASTNAME) VALUES('83','Mads','Larsem');
INSERT INTO PERSON_HOBBY (PERSONS_ID, HOBBIES_ID) VALUES('83','16');
INSERT INTO PERSON_HOBBY (PERSONS_ID, HOBBIES_ID) VALUES('83','2');
INSERT INTO PERSON_HOBBY (PERSONS_ID, HOBBIES_ID) VALUES('83','13');
INSERT INTO PHONE (DESCRIPTION, NUMBER) VALUES('Mobil','54504918');
INSERT INTO INFOENTITY_PHONE (INFOENTITY_ID, PHONENUMBERS_ID) VALUES('83','119');

INSERT INTO ADDRESS (ADDITIONALINFO,STREET,CITYINFO_ID) VALUES('','Violvej 62','1302');
INSERT INTO INFOENTITY (DTYPE, EMAIL, ADDRESS_ID) VALUES('Company','NorthExport@home.com','84');
INSERT INTO COMPANY (ID, CVR, DESCRIPTION, MARKETVALUE, NAME, NUMEMPLOYEES) VALUES('84','14627475','Shopping','472018966','NorthExport','26');
INSERT INTO PHONE (DESCRIPTION, NUMBER) VALUES('Reception','58191348');
INSERT INTO INFOENTITY_PHONE (INFOENTITY_ID, PHONENUMBERS_ID) VALUES('84','120');

INSERT INTO ADDRESS (ADDITIONALINFO,STREET,CITYINFO_ID) VALUES('','Birkevej 25','774');
INSERT INTO INFOENTITY (DTYPE, EMAIL, ADDRESS_ID) VALUES('Company','AllBuilder@yahoo.com','85');
INSERT INTO COMPANY (ID, CVR, DESCRIPTION, MARKETVALUE, NAME, NUMEMPLOYEES) VALUES('85','54940952','Development','305880649','AllBuilder','173');
INSERT INTO PHONE (DESCRIPTION, NUMBER) VALUES('Reception','36377116');
INSERT INTO INFOENTITY_PHONE (INFOENTITY_ID, PHONENUMBERS_ID) VALUES('85','121');
INSERT INTO PHONE (DESCRIPTION, NUMBER) VALUES('Reception','71576150');
INSERT INTO INFOENTITY_PHONE (INFOENTITY_ID, PHONENUMBERS_ID) VALUES('85','122');

INSERT INTO ADDRESS (ADDITIONALINFO,STREET,CITYINFO_ID) VALUES('','Ågade 52','1068');
INSERT INTO INFOENTITY (DTYPE, EMAIL, ADDRESS_ID) VALUES('Company','SwiftOrg@msn.dk','86');
INSERT INTO COMPANY (ID, CVR, DESCRIPTION, MARKETVALUE, NAME, NUMEMPLOYEES) VALUES('86','6209585','Consulting','345288186','SwiftOrg','51');
INSERT INTO PHONE (DESCRIPTION, NUMBER) VALUES('Reception','27076960');
INSERT INTO INFOENTITY_PHONE (INFOENTITY_ID, PHONENUMBERS_ID) VALUES('86','123');
INSERT INTO PHONE (DESCRIPTION, NUMBER) VALUES('Kontor','90664944');
INSERT INTO INFOENTITY_PHONE (INFOENTITY_ID, PHONENUMBERS_ID) VALUES('86','124');

INSERT INTO ADDRESS (ADDITIONALINFO,STREET,CITYINFO_ID) VALUES('','Bredgade 43','1275');
INSERT INTO INFOENTITY (DTYPE, EMAIL, ADDRESS_ID) VALUES('Company','SwiftKnight@gmail.com','87');
INSERT INTO COMPANY (ID, CVR, DESCRIPTION, MARKETVALUE, NAME, NUMEMPLOYEES) VALUES('87','43541471','Programming','96757358','SwiftKnight','142');
INSERT INTO PHONE (DESCRIPTION, NUMBER) VALUES('Reception','53468062');
INSERT INTO INFOENTITY_PHONE (INFOENTITY_ID, PHONENUMBERS_ID) VALUES('87','125');
INSERT INTO PHONE (DESCRIPTION, NUMBER) VALUES('Reception','58233816');
INSERT INTO INFOENTITY_PHONE (INFOENTITY_ID, PHONENUMBERS_ID) VALUES('87','126');

INSERT INTO ADDRESS (ADDITIONALINFO,STREET,CITYINFO_ID) VALUES('','Birkevej 88','1125');
INSERT INTO INFOENTITY (DTYPE, EMAIL, ADDRESS_ID) VALUES('Person','Lærke@work.com','88');
INSERT INTO PERSON (ID, FIRSTNAME, LASTNAME) VALUES('88','Lærke','Wiksøe');
INSERT INTO PERSON_HOBBY (PERSONS_ID, HOBBIES_ID) VALUES('88','2');
INSERT INTO PHONE (DESCRIPTION, NUMBER) VALUES('Mobil','65778540');
INSERT INTO INFOENTITY_PHONE (INFOENTITY_ID, PHONENUMBERS_ID) VALUES('88','127');

INSERT INTO ADDRESS (ADDITIONALINFO,STREET,CITYINFO_ID) VALUES('','Søndegade 33','1220');
INSERT INTO INFOENTITY (DTYPE, EMAIL, ADDRESS_ID) VALUES('Person','Else@jubii.dk','89');
INSERT INTO PERSON (ID, FIRSTNAME, LASTNAME) VALUES('89','Else','Frandsen');
INSERT INTO PERSON_HOBBY (PERSONS_ID, HOBBIES_ID) VALUES('89','3');
INSERT INTO PERSON_HOBBY (PERSONS_ID, HOBBIES_ID) VALUES('89','1');
INSERT INTO PHONE (DESCRIPTION, NUMBER) VALUES('Hjem','73614331');
INSERT INTO INFOENTITY_PHONE (INFOENTITY_ID, PHONENUMBERS_ID) VALUES('89','128');
INSERT INTO PHONE (DESCRIPTION, NUMBER) VALUES('Hjem','18157267');
INSERT INTO INFOENTITY_PHONE (INFOENTITY_ID, PHONENUMBERS_ID) VALUES('89','129');

INSERT INTO ADDRESS (ADDITIONALINFO,STREET,CITYINFO_ID) VALUES('','Lærkevej 27','1300');
INSERT INTO INFOENTITY (DTYPE, EMAIL, ADDRESS_ID) VALUES('Company','AllLine@work.com','90');
INSERT INTO COMPANY (ID, CVR, DESCRIPTION, MARKETVALUE, NAME, NUMEMPLOYEES) VALUES('90','74371482','Medicine','881546264','AllLine','2');
INSERT INTO PHONE (DESCRIPTION, NUMBER) VALUES('Kontor','35628149');
INSERT INTO INFOENTITY_PHONE (INFOENTITY_ID, PHONENUMBERS_ID) VALUES('90','130');

INSERT INTO ADDRESS (ADDITIONALINFO,STREET,CITYINFO_ID) VALUES('2. tv.','Nørregade 90','249');
INSERT INTO INFOENTITY (DTYPE, EMAIL, ADDRESS_ID) VALUES('Company','WestOrg@msn.dk','91');
INSERT INTO COMPANY (ID, CVR, DESCRIPTION, MARKETVALUE, NAME, NUMEMPLOYEES) VALUES('91','77492918','Programming','971248584','WestOrg','160');
INSERT INTO PHONE (DESCRIPTION, NUMBER) VALUES('Reception','70637894');
INSERT INTO INFOENTITY_PHONE (INFOENTITY_ID, PHONENUMBERS_ID) VALUES('91','131');

INSERT INTO ADDRESS (ADDITIONALINFO,STREET,CITYINFO_ID) VALUES('','Storegade 11','432');
INSERT INTO INFOENTITY (DTYPE, EMAIL, ADDRESS_ID) VALUES('Company','SeriousKnight@hotmail.com','92');
INSERT INTO COMPANY (ID, CVR, DESCRIPTION, MARKETVALUE, NAME, NUMEMPLOYEES) VALUES('92','60296526','Banking','405272408','SeriousKnight','183');
INSERT INTO PHONE (DESCRIPTION, NUMBER) VALUES('Reception','75882104');
INSERT INTO INFOENTITY_PHONE (INFOENTITY_ID, PHONENUMBERS_ID) VALUES('92','132');
INSERT INTO PHONE (DESCRIPTION, NUMBER) VALUES('Reception','87070099');
INSERT INTO INFOENTITY_PHONE (INFOENTITY_ID, PHONENUMBERS_ID) VALUES('92','133');

INSERT INTO ADDRESS (ADDITIONALINFO,STREET,CITYINFO_ID) VALUES('2. tv.','Skovvej 27','402');
INSERT INTO INFOENTITY (DTYPE, EMAIL, ADDRESS_ID) VALUES('Person','Niels@home.com','93');
INSERT INTO PERSON (ID, FIRSTNAME, LASTNAME) VALUES('93','Niels','Madsen');
INSERT INTO PERSON_HOBBY (PERSONS_ID, HOBBIES_ID) VALUES('93','5');
INSERT INTO PERSON_HOBBY (PERSONS_ID, HOBBIES_ID) VALUES('93','8');
INSERT INTO PHONE (DESCRIPTION, NUMBER) VALUES('Hjem','43434208');
INSERT INTO INFOENTITY_PHONE (INFOENTITY_ID, PHONENUMBERS_ID) VALUES('93','134');
INSERT INTO PHONE (DESCRIPTION, NUMBER) VALUES('Arbejde','70282907');
INSERT INTO INFOENTITY_PHONE (INFOENTITY_ID, PHONENUMBERS_ID) VALUES('93','135');

INSERT INTO ADDRESS (ADDITIONALINFO,STREET,CITYINFO_ID) VALUES('','Engvej 94','507');
INSERT INTO INFOENTITY (DTYPE, EMAIL, ADDRESS_ID) VALUES('Company','CleanImport@hotmail.com','94');
INSERT INTO COMPANY (ID, CVR, DESCRIPTION, MARKETVALUE, NAME, NUMEMPLOYEES) VALUES('94','54910241','Programming','45523492','CleanImport','56');
INSERT INTO PHONE (DESCRIPTION, NUMBER) VALUES('Reception','89770917');
INSERT INTO INFOENTITY_PHONE (INFOENTITY_ID, PHONENUMBERS_ID) VALUES('94','136');

INSERT INTO ADDRESS (ADDITIONALINFO,STREET,CITYINFO_ID) VALUES('','Skovbakken 9','1346');
INSERT INTO INFOENTITY (DTYPE, EMAIL, ADDRESS_ID) VALUES('Company','SiriusCell@business.dk','95');
INSERT INTO COMPANY (ID, CVR, DESCRIPTION, MARKETVALUE, NAME, NUMEMPLOYEES) VALUES('95','46126285','Education','4191392','SiriusCell','140');
INSERT INTO PHONE (DESCRIPTION, NUMBER) VALUES('Kontor','84606460');
INSERT INTO INFOENTITY_PHONE (INFOENTITY_ID, PHONENUMBERS_ID) VALUES('95','137');
INSERT INTO PHONE (DESCRIPTION, NUMBER) VALUES('Kontor','44651642');
INSERT INTO INFOENTITY_PHONE (INFOENTITY_ID, PHONENUMBERS_ID) VALUES('95','138');

INSERT INTO ADDRESS (ADDITIONALINFO,STREET,CITYINFO_ID) VALUES('st.','Jernbanegade 14','873');
INSERT INTO INFOENTITY (DTYPE, EMAIL, ADDRESS_ID) VALUES('Company','SouthPartner@yahoo.com','96');
INSERT INTO COMPANY (ID, CVR, DESCRIPTION, MARKETVALUE, NAME, NUMEMPLOYEES) VALUES('96','44011739','Consulting','593572146','SouthPartner','128');
INSERT INTO PHONE (DESCRIPTION, NUMBER) VALUES('Reception','52693567');
INSERT INTO INFOENTITY_PHONE (INFOENTITY_ID, PHONENUMBERS_ID) VALUES('96','139');
INSERT INTO PHONE (DESCRIPTION, NUMBER) VALUES('Reception','86100356');
INSERT INTO INFOENTITY_PHONE (INFOENTITY_ID, PHONENUMBERS_ID) VALUES('96','140');

INSERT INTO ADDRESS (ADDITIONALINFO,STREET,CITYINFO_ID) VALUES('3. th.','Skovbakken 33','330');
INSERT INTO INFOENTITY (DTYPE, EMAIL, ADDRESS_ID) VALUES('Person','Else@work.com','97');
INSERT INTO PERSON (ID, FIRSTNAME, LASTNAME) VALUES('97','Else','Persson');
INSERT INTO PERSON_HOBBY (PERSONS_ID, HOBBIES_ID) VALUES('97','9');
INSERT INTO PHONE (DESCRIPTION, NUMBER) VALUES('Mobil','42012751');
INSERT INTO INFOENTITY_PHONE (INFOENTITY_ID, PHONENUMBERS_ID) VALUES('97','141');

INSERT INTO ADDRESS (ADDITIONALINFO,STREET,CITYINFO_ID) VALUES('','Hovedgaden 30','1191');
INSERT INTO INFOENTITY (DTYPE, EMAIL, ADDRESS_ID) VALUES('Company','NewImport@live.com','98');
INSERT INTO COMPANY (ID, CVR, DESCRIPTION, MARKETVALUE, NAME, NUMEMPLOYEES) VALUES('98','79151885','Consulting','518539158','NewImport','4');
INSERT INTO PHONE (DESCRIPTION, NUMBER) VALUES('Kontor','25388657');
INSERT INTO INFOENTITY_PHONE (INFOENTITY_ID, PHONENUMBERS_ID) VALUES('98','142');
INSERT INTO PHONE (DESCRIPTION, NUMBER) VALUES('Reception','84539290');
INSERT INTO INFOENTITY_PHONE (INFOENTITY_ID, PHONENUMBERS_ID) VALUES('98','143');

INSERT INTO ADDRESS (ADDITIONALINFO,STREET,CITYINFO_ID) VALUES('','Vinkelvej 90','1233');
INSERT INTO INFOENTITY (DTYPE, EMAIL, ADDRESS_ID) VALUES('Company','SeniorImport@data.com','99');
INSERT INTO COMPANY (ID, CVR, DESCRIPTION, MARKETVALUE, NAME, NUMEMPLOYEES) VALUES('99','94918103','Banking','243899437','SeniorImport','61');
INSERT INTO PHONE (DESCRIPTION, NUMBER) VALUES('Reception','44116633');
INSERT INTO INFOENTITY_PHONE (INFOENTITY_ID, PHONENUMBERS_ID) VALUES('99','144');
INSERT INTO PHONE (DESCRIPTION, NUMBER) VALUES('Kontor','32051745');
INSERT INTO INFOENTITY_PHONE (INFOENTITY_ID, PHONENUMBERS_ID) VALUES('99','145');

INSERT INTO ADDRESS (ADDITIONALINFO,STREET,CITYINFO_ID) VALUES('','Borgergade 15','1160');
INSERT INTO INFOENTITY (DTYPE, EMAIL, ADDRESS_ID) VALUES('Company','CleanPartner@msn.dk','100');
INSERT INTO COMPANY (ID, CVR, DESCRIPTION, MARKETVALUE, NAME, NUMEMPLOYEES) VALUES('100','59683228','Retail','330814813','CleanPartner','108');
INSERT INTO PHONE (DESCRIPTION, NUMBER) VALUES('Kontor','14913187');
INSERT INTO INFOENTITY_PHONE (INFOENTITY_ID, PHONENUMBERS_ID) VALUES('100','146');

INSERT INTO ADDRESS (ADDITIONALINFO,STREET,CITYINFO_ID) VALUES('','Jernbanegade 15','601');
INSERT INTO INFOENTITY (DTYPE, EMAIL, ADDRESS_ID) VALUES('Person','Anders@jubii.dk','101');
INSERT INTO PERSON (ID, FIRSTNAME, LASTNAME) VALUES('101','Anders','Flintholm');
INSERT INTO PERSON_HOBBY (PERSONS_ID, HOBBIES_ID) VALUES('101','14');
INSERT INTO PERSON_HOBBY (PERSONS_ID, HOBBIES_ID) VALUES('101','4');
INSERT INTO PHONE (DESCRIPTION, NUMBER) VALUES('Mobil','77368298');
INSERT INTO INFOENTITY_PHONE (INFOENTITY_ID, PHONENUMBERS_ID) VALUES('101','147');

INSERT INTO ADDRESS (ADDITIONALINFO,STREET,CITYINFO_ID) VALUES('','Skovbakken 84','470');
INSERT INTO INFOENTITY (DTYPE, EMAIL, ADDRESS_ID) VALUES('Company','CallPartner@msn.dk','102');
INSERT INTO COMPANY (ID, CVR, DESCRIPTION, MARKETVALUE, NAME, NUMEMPLOYEES) VALUES('102','12586137','Programming','884827964','CallPartner','122');
INSERT INTO PHONE (DESCRIPTION, NUMBER) VALUES('Reception','32792538');
INSERT INTO INFOENTITY_PHONE (INFOENTITY_ID, PHONENUMBERS_ID) VALUES('102','148');

INSERT INTO ADDRESS (ADDITIONALINFO,STREET,CITYINFO_ID) VALUES('','Skovbrynet 72','192');
INSERT INTO INFOENTITY (DTYPE, EMAIL, ADDRESS_ID) VALUES('Person','Einar@msn.com','103');
INSERT INTO PERSON (ID, FIRSTNAME, LASTNAME) VALUES('103','Einar','Meinholt');
INSERT INTO PERSON_HOBBY (PERSONS_ID, HOBBIES_ID) VALUES('103','19');
INSERT INTO PERSON_HOBBY (PERSONS_ID, HOBBIES_ID) VALUES('103','3');
INSERT INTO PHONE (DESCRIPTION, NUMBER) VALUES('Arbejde','76362357');
INSERT INTO INFOENTITY_PHONE (INFOENTITY_ID, PHONENUMBERS_ID) VALUES('103','149');
INSERT INTO PHONE (DESCRIPTION, NUMBER) VALUES('Hjem','84278807');
INSERT INTO INFOENTITY_PHONE (INFOENTITY_ID, PHONENUMBERS_ID) VALUES('103','150');

INSERT INTO ADDRESS (ADDITIONALINFO,STREET,CITYINFO_ID) VALUES('','Solbakken 96','64');
INSERT INTO INFOENTITY (DTYPE, EMAIL, ADDRESS_ID) VALUES('Person','Tove@gmail.com','104');
INSERT INTO PERSON (ID, FIRSTNAME, LASTNAME) VALUES('104','Tove','Jensen');
INSERT INTO PERSON_HOBBY (PERSONS_ID, HOBBIES_ID) VALUES('104','3');
INSERT INTO PERSON_HOBBY (PERSONS_ID, HOBBIES_ID) VALUES('104','13');
INSERT INTO PHONE (DESCRIPTION, NUMBER) VALUES('Arbejde','56612251');
INSERT INTO INFOENTITY_PHONE (INFOENTITY_ID, PHONENUMBERS_ID) VALUES('104','151');
INSERT INTO PHONE (DESCRIPTION, NUMBER) VALUES('Mobil','78985688');
INSERT INTO INFOENTITY_PHONE (INFOENTITY_ID, PHONENUMBERS_ID) VALUES('104','152');

INSERT INTO ADDRESS (ADDITIONALINFO,STREET,CITYINFO_ID) VALUES('2. tv.','Ågade 74','977');
INSERT INTO INFOENTITY (DTYPE, EMAIL, ADDRESS_ID) VALUES('Company','AllKnight@hotmail.dk','105');
INSERT INTO COMPANY (ID, CVR, DESCRIPTION, MARKETVALUE, NAME, NUMEMPLOYEES) VALUES('105','47754783','Construction','840651121','AllKnight','184');
INSERT INTO PHONE (DESCRIPTION, NUMBER) VALUES('Reception','36789721');
INSERT INTO INFOENTITY_PHONE (INFOENTITY_ID, PHONENUMBERS_ID) VALUES('105','153');
INSERT INTO PHONE (DESCRIPTION, NUMBER) VALUES('Kontor','17680973');
INSERT INTO INFOENTITY_PHONE (INFOENTITY_ID, PHONENUMBERS_ID) VALUES('105','154');

INSERT INTO ADDRESS (ADDITIONALINFO,STREET,CITYINFO_ID) VALUES('','Møllevej 56','441');
INSERT INTO INFOENTITY (DTYPE, EMAIL, ADDRESS_ID) VALUES('Person','Else@gmail.com','106');
INSERT INTO PERSON (ID, FIRSTNAME, LASTNAME) VALUES('106','Else','Nielsen');
INSERT INTO PERSON_HOBBY (PERSONS_ID, HOBBIES_ID) VALUES('106','17');
INSERT INTO PHONE (DESCRIPTION, NUMBER) VALUES('Mobil','42081669');
INSERT INTO INFOENTITY_PHONE (INFOENTITY_ID, PHONENUMBERS_ID) VALUES('106','155');
INSERT INTO PHONE (DESCRIPTION, NUMBER) VALUES('Hjem','68245954');
INSERT INTO INFOENTITY_PHONE (INFOENTITY_ID, PHONENUMBERS_ID) VALUES('106','156');

INSERT INTO ADDRESS (ADDITIONALINFO,STREET,CITYINFO_ID) VALUES('','Nygade 84','1123');
INSERT INTO INFOENTITY (DTYPE, EMAIL, ADDRESS_ID) VALUES('Person','Allan@hotmail.dk','107');
INSERT INTO PERSON (ID, FIRSTNAME, LASTNAME) VALUES('107','Allan','Møller');
INSERT INTO PERSON_HOBBY (PERSONS_ID, HOBBIES_ID) VALUES('107','10');
INSERT INTO PERSON_HOBBY (PERSONS_ID, HOBBIES_ID) VALUES('107','17');
INSERT INTO PERSON_HOBBY (PERSONS_ID, HOBBIES_ID) VALUES('107','5');
INSERT INTO PHONE (DESCRIPTION, NUMBER) VALUES('Arbejde','41167874');
INSERT INTO INFOENTITY_PHONE (INFOENTITY_ID, PHONENUMBERS_ID) VALUES('107','157');

INSERT INTO ADDRESS (ADDITIONALINFO,STREET,CITYINFO_ID) VALUES('','Jernbanegade 74','821');
INSERT INTO INFOENTITY (DTYPE, EMAIL, ADDRESS_ID) VALUES('Company','WestCell@live.com','108');
INSERT INTO COMPANY (ID, CVR, DESCRIPTION, MARKETVALUE, NAME, NUMEMPLOYEES) VALUES('108','19725927','Software','227801057','WestCell','86');
INSERT INTO PHONE (DESCRIPTION, NUMBER) VALUES('Kontor','87670428');
INSERT INTO INFOENTITY_PHONE (INFOENTITY_ID, PHONENUMBERS_ID) VALUES('108','158');

INSERT INTO ADDRESS (ADDITIONALINFO,STREET,CITYINFO_ID) VALUES('1. th.','Stormgade 21','522');
INSERT INTO INFOENTITY (DTYPE, EMAIL, ADDRESS_ID) VALUES('Company','SoftImport@hotmail.dk','109');
INSERT INTO COMPANY (ID, CVR, DESCRIPTION, MARKETVALUE, NAME, NUMEMPLOYEES) VALUES('109','96230962','Construction','122029277','SoftImport','93');
INSERT INTO PHONE (DESCRIPTION, NUMBER) VALUES('Reception','29538112');
INSERT INTO INFOENTITY_PHONE (INFOENTITY_ID, PHONENUMBERS_ID) VALUES('109','159');
INSERT INTO PHONE (DESCRIPTION, NUMBER) VALUES('Kontor','40777746');
INSERT INTO INFOENTITY_PHONE (INFOENTITY_ID, PHONENUMBERS_ID) VALUES('109','160');

INSERT INTO ADDRESS (ADDITIONALINFO,STREET,CITYINFO_ID) VALUES('','Strandvejen 75','556');
INSERT INTO INFOENTITY (DTYPE, EMAIL, ADDRESS_ID) VALUES('Company','SwiftSolutions@gmail.com','110');
INSERT INTO COMPANY (ID, CVR, DESCRIPTION, MARKETVALUE, NAME, NUMEMPLOYEES) VALUES('110','71123733','Hardware','969719134','SwiftSolutions','199');
INSERT INTO PHONE (DESCRIPTION, NUMBER) VALUES('Reception','35272800');
INSERT INTO INFOENTITY_PHONE (INFOENTITY_ID, PHONENUMBERS_ID) VALUES('110','161');
INSERT INTO PHONE (DESCRIPTION, NUMBER) VALUES('Kontor','71393626');
INSERT INTO INFOENTITY_PHONE (INFOENTITY_ID, PHONENUMBERS_ID) VALUES('110','162');

INSERT INTO ADDRESS (ADDITIONALINFO,STREET,CITYINFO_ID) VALUES('','Skovbrynet 93','1285');
INSERT INTO INFOENTITY (DTYPE, EMAIL, ADDRESS_ID) VALUES('Company','SamCenter@msn.dk','111');
INSERT INTO COMPANY (ID, CVR, DESCRIPTION, MARKETVALUE, NAME, NUMEMPLOYEES) VALUES('111','20387476','Retail','592340511','SamCenter','95');
INSERT INTO PHONE (DESCRIPTION, NUMBER) VALUES('Reception','30314414');
INSERT INTO INFOENTITY_PHONE (INFOENTITY_ID, PHONENUMBERS_ID) VALUES('111','163');

INSERT INTO ADDRESS (ADDITIONALINFO,STREET,CITYINFO_ID) VALUES('','Egevej 8','601');
INSERT INTO INFOENTITY (DTYPE, EMAIL, ADDRESS_ID) VALUES('Company','CleanWorkers@gmail.com','112');
INSERT INTO COMPANY (ID, CVR, DESCRIPTION, MARKETVALUE, NAME, NUMEMPLOYEES) VALUES('112','15923189','Education','664762531','CleanWorkers','80');
INSERT INTO PHONE (DESCRIPTION, NUMBER) VALUES('Reception','17210498');
INSERT INTO INFOENTITY_PHONE (INFOENTITY_ID, PHONENUMBERS_ID) VALUES('112','164');

INSERT INTO ADDRESS (ADDITIONALINFO,STREET,CITYINFO_ID) VALUES('','Kirkevej 33','558');
INSERT INTO INFOENTITY (DTYPE, EMAIL, ADDRESS_ID) VALUES('Person','Lars@live.dk','113');
INSERT INTO PERSON (ID, FIRSTNAME, LASTNAME) VALUES('113','Lars','Torp');
INSERT INTO PERSON_HOBBY (PERSONS_ID, HOBBIES_ID) VALUES('113','3');
INSERT INTO PERSON_HOBBY (PERSONS_ID, HOBBIES_ID) VALUES('113','2');
INSERT INTO PHONE (DESCRIPTION, NUMBER) VALUES('Arbejde','22826769');
INSERT INTO INFOENTITY_PHONE (INFOENTITY_ID, PHONENUMBERS_ID) VALUES('113','165');
INSERT INTO PHONE (DESCRIPTION, NUMBER) VALUES('Mobil','68171339');
INSERT INTO INFOENTITY_PHONE (INFOENTITY_ID, PHONENUMBERS_ID) VALUES('113','166');

INSERT INTO ADDRESS (ADDITIONALINFO,STREET,CITYINFO_ID) VALUES('','Nygade 43','657');
INSERT INTO INFOENTITY (DTYPE, EMAIL, ADDRESS_ID) VALUES('Company','CityExport@work.com','114');
INSERT INTO COMPANY (ID, CVR, DESCRIPTION, MARKETVALUE, NAME, NUMEMPLOYEES) VALUES('114','70598756','Software','779686940','CityExport','109');
INSERT INTO PHONE (DESCRIPTION, NUMBER) VALUES('Reception','21637819');
INSERT INTO INFOENTITY_PHONE (INFOENTITY_ID, PHONENUMBERS_ID) VALUES('114','167');

INSERT INTO ADDRESS (ADDITIONALINFO,STREET,CITYINFO_ID) VALUES('','Nygade 84','823');
INSERT INTO INFOENTITY (DTYPE, EMAIL, ADDRESS_ID) VALUES('Person','Lone@jubii.dk','115');
INSERT INTO PERSON (ID, FIRSTNAME, LASTNAME) VALUES('115','Lone','Kristensen');
INSERT INTO PHONE (DESCRIPTION, NUMBER) VALUES('Arbejde','48610285');
INSERT INTO INFOENTITY_PHONE (INFOENTITY_ID, PHONENUMBERS_ID) VALUES('115','168');

INSERT INTO ADDRESS (ADDITIONALINFO,STREET,CITYINFO_ID) VALUES('3. tv.','Vinkelvej 0','973');
INSERT INTO INFOENTITY (DTYPE, EMAIL, ADDRESS_ID) VALUES('Company','SiriusPort@live.dk','116');
INSERT INTO COMPANY (ID, CVR, DESCRIPTION, MARKETVALUE, NAME, NUMEMPLOYEES) VALUES('116','41450742','Development','405058211','SiriusPort','11');
INSERT INTO PHONE (DESCRIPTION, NUMBER) VALUES('Kontor','55045734');
INSERT INTO INFOENTITY_PHONE (INFOENTITY_ID, PHONENUMBERS_ID) VALUES('116','169');

INSERT INTO ADDRESS (ADDITIONALINFO,STREET,CITYINFO_ID) VALUES('','Nørregade 45','1257');
INSERT INTO INFOENTITY (DTYPE, EMAIL, ADDRESS_ID) VALUES('Person','Iben@gmail.com','117');
INSERT INTO PERSON (ID, FIRSTNAME, LASTNAME) VALUES('117','Iben','Ålbæk');
INSERT INTO PERSON_HOBBY (PERSONS_ID, HOBBIES_ID) VALUES('117','2');
INSERT INTO PHONE (DESCRIPTION, NUMBER) VALUES('Arbejde','77582261');
INSERT INTO INFOENTITY_PHONE (INFOENTITY_ID, PHONENUMBERS_ID) VALUES('117','170');

INSERT INTO ADDRESS (ADDITIONALINFO,STREET,CITYINFO_ID) VALUES('','Storegade 53','835');
INSERT INTO INFOENTITY (DTYPE, EMAIL, ADDRESS_ID) VALUES('Company','NorthWorkers@live.com','118');
INSERT INTO COMPANY (ID, CVR, DESCRIPTION, MARKETVALUE, NAME, NUMEMPLOYEES) VALUES('118','79518376','Banking','526766650','NorthWorkers','58');
INSERT INTO PHONE (DESCRIPTION, NUMBER) VALUES('Reception','23742413');
INSERT INTO INFOENTITY_PHONE (INFOENTITY_ID, PHONENUMBERS_ID) VALUES('118','171');

INSERT INTO ADDRESS (ADDITIONALINFO,STREET,CITYINFO_ID) VALUES('','Hovedgaden 66','1013');
INSERT INTO INFOENTITY (DTYPE, EMAIL, ADDRESS_ID) VALUES('Company','PolyService@jubii.dk','119');
INSERT INTO COMPANY (ID, CVR, DESCRIPTION, MARKETVALUE, NAME, NUMEMPLOYEES) VALUES('119','27456186','Retail','139482417','PolyService','66');
INSERT INTO PHONE (DESCRIPTION, NUMBER) VALUES('Kontor','15693479');
INSERT INTO INFOENTITY_PHONE (INFOENTITY_ID, PHONENUMBERS_ID) VALUES('119','172');

INSERT INTO ADDRESS (ADDITIONALINFO,STREET,CITYINFO_ID) VALUES('3. th.','Møllevej 34','79');
INSERT INTO INFOENTITY (DTYPE, EMAIL, ADDRESS_ID) VALUES('Person','Dorte@business.dk','120');
INSERT INTO PERSON (ID, FIRSTNAME, LASTNAME) VALUES('120','Dorte','Carstensen');
INSERT INTO PERSON_HOBBY (PERSONS_ID, HOBBIES_ID) VALUES('120','13');
INSERT INTO PHONE (DESCRIPTION, NUMBER) VALUES('Arbejde','56480887');
INSERT INTO INFOENTITY_PHONE (INFOENTITY_ID, PHONENUMBERS_ID) VALUES('120','173');
INSERT INTO PHONE (DESCRIPTION, NUMBER) VALUES('Mobil','3708683');
INSERT INTO INFOENTITY_PHONE (INFOENTITY_ID, PHONENUMBERS_ID) VALUES('120','174');

INSERT INTO ADDRESS (ADDITIONALINFO,STREET,CITYINFO_ID) VALUES('','Strandvejen 43','385');
INSERT INTO INFOENTITY (DTYPE, EMAIL, ADDRESS_ID) VALUES('Person','Andrea@hotmail.dk','121');
INSERT INTO PERSON (ID, FIRSTNAME, LASTNAME) VALUES('121','Andrea','Skov');
INSERT INTO PHONE (DESCRIPTION, NUMBER) VALUES('Hjem','60519754');
INSERT INTO INFOENTITY_PHONE (INFOENTITY_ID, PHONENUMBERS_ID) VALUES('121','175');
INSERT INTO PHONE (DESCRIPTION, NUMBER) VALUES('Mobil','51399590');
INSERT INTO INFOENTITY_PHONE (INFOENTITY_ID, PHONENUMBERS_ID) VALUES('121','176');

INSERT INTO ADDRESS (ADDITIONALINFO,STREET,CITYINFO_ID) VALUES('','Vinkelvej 27','1299');
INSERT INTO INFOENTITY (DTYPE, EMAIL, ADDRESS_ID) VALUES('Person','Tove@hotmail.com','122');
INSERT INTO PERSON (ID, FIRSTNAME, LASTNAME) VALUES('122','Tove','Madsen');
INSERT INTO PERSON_HOBBY (PERSONS_ID, HOBBIES_ID) VALUES('122','11');
INSERT INTO PHONE (DESCRIPTION, NUMBER) VALUES('Mobil','18616988');
INSERT INTO INFOENTITY_PHONE (INFOENTITY_ID, PHONENUMBERS_ID) VALUES('122','177');
INSERT INTO PHONE (DESCRIPTION, NUMBER) VALUES('Hjem','69972119');
INSERT INTO INFOENTITY_PHONE (INFOENTITY_ID, PHONENUMBERS_ID) VALUES('122','178');

INSERT INTO ADDRESS (ADDITIONALINFO,STREET,CITYINFO_ID) VALUES('3. th.','Strandvejen 74','692');
INSERT INTO INFOENTITY (DTYPE, EMAIL, ADDRESS_ID) VALUES('Company','UpSolutions@home.com','123');
INSERT INTO COMPANY (ID, CVR, DESCRIPTION, MARKETVALUE, NAME, NUMEMPLOYEES) VALUES('123','84567989','Investment','853578940','UpSolutions','134');
INSERT INTO PHONE (DESCRIPTION, NUMBER) VALUES('Kontor','55647717');
INSERT INTO INFOENTITY_PHONE (INFOENTITY_ID, PHONENUMBERS_ID) VALUES('123','179');

INSERT INTO ADDRESS (ADDITIONALINFO,STREET,CITYINFO_ID) VALUES('','Østergade 67','720');
INSERT INTO INFOENTITY (DTYPE, EMAIL, ADDRESS_ID) VALUES('Person','Inger@msn.com','124');
INSERT INTO PERSON (ID, FIRSTNAME, LASTNAME) VALUES('124','Inger','Andersen');
INSERT INTO PERSON_HOBBY (PERSONS_ID, HOBBIES_ID) VALUES('124','12');
INSERT INTO PERSON_HOBBY (PERSONS_ID, HOBBIES_ID) VALUES('124','20');
INSERT INTO PHONE (DESCRIPTION, NUMBER) VALUES('Hjem','91868310');
INSERT INTO INFOENTITY_PHONE (INFOENTITY_ID, PHONENUMBERS_ID) VALUES('124','180');

INSERT INTO ADDRESS (ADDITIONALINFO,STREET,CITYINFO_ID) VALUES('','Nørregade 23','1248');
INSERT INTO INFOENTITY (DTYPE, EMAIL, ADDRESS_ID) VALUES('Company','SouthCorp@business.dk','125');
INSERT INTO COMPANY (ID, CVR, DESCRIPTION, MARKETVALUE, NAME, NUMEMPLOYEES) VALUES('125','32142492','Consulting','364072243','SouthCorp','90');
INSERT INTO PHONE (DESCRIPTION, NUMBER) VALUES('Kontor','16532760');
INSERT INTO INFOENTITY_PHONE (INFOENTITY_ID, PHONENUMBERS_ID) VALUES('125','181');

INSERT INTO ADDRESS (ADDITIONALINFO,STREET,CITYINFO_ID) VALUES('1. th.','Østergade 86','1069');
INSERT INTO INFOENTITY (DTYPE, EMAIL, ADDRESS_ID) VALUES('Person','Signe@business.dk','126');
INSERT INTO PERSON (ID, FIRSTNAME, LASTNAME) VALUES('126','Signe','Ardberg');
INSERT INTO PERSON_HOBBY (PERSONS_ID, HOBBIES_ID) VALUES('126','14');
INSERT INTO PERSON_HOBBY (PERSONS_ID, HOBBIES_ID) VALUES('126','2');
INSERT INTO PERSON_HOBBY (PERSONS_ID, HOBBIES_ID) VALUES('126','9');
INSERT INTO PHONE (DESCRIPTION, NUMBER) VALUES('Arbejde','61290414');
INSERT INTO INFOENTITY_PHONE (INFOENTITY_ID, PHONENUMBERS_ID) VALUES('126','182');

INSERT INTO ADDRESS (ADDITIONALINFO,STREET,CITYINFO_ID) VALUES('','Jernbanegade 45','242');
INSERT INTO INFOENTITY (DTYPE, EMAIL, ADDRESS_ID) VALUES('Company','SnapEnterprise@hotmail.com','127');
INSERT INTO COMPANY (ID, CVR, DESCRIPTION, MARKETVALUE, NAME, NUMEMPLOYEES) VALUES('127','55801392','Retail','664576869','SnapEnterprise','128');
INSERT INTO PHONE (DESCRIPTION, NUMBER) VALUES('Kontor','60144823');
INSERT INTO INFOENTITY_PHONE (INFOENTITY_ID, PHONENUMBERS_ID) VALUES('127','183');

INSERT INTO ADDRESS (ADDITIONALINFO,STREET,CITYINFO_ID) VALUES('2. th.','Søndegade 88','1241');
INSERT INTO INFOENTITY (DTYPE, EMAIL, ADDRESS_ID) VALUES('Company','SeriousService@yahoo.com','128');
INSERT INTO COMPANY (ID, CVR, DESCRIPTION, MARKETVALUE, NAME, NUMEMPLOYEES) VALUES('128','47972139','Construction','244813460','SeriousService','0');
INSERT INTO PHONE (DESCRIPTION, NUMBER) VALUES('Reception','27333899');
INSERT INTO INFOENTITY_PHONE (INFOENTITY_ID, PHONENUMBERS_ID) VALUES('128','184');
INSERT INTO PHONE (DESCRIPTION, NUMBER) VALUES('Reception','35799011');
INSERT INTO INFOENTITY_PHONE (INFOENTITY_ID, PHONENUMBERS_ID) VALUES('128','185');

INSERT INTO ADDRESS (ADDITIONALINFO,STREET,CITYINFO_ID) VALUES('','Birkevej 49','164');
INSERT INTO INFOENTITY (DTYPE, EMAIL, ADDRESS_ID) VALUES('Person','Louise@office.dk','129');
INSERT INTO PERSON (ID, FIRSTNAME, LASTNAME) VALUES('129','Louise','Graversen');
INSERT INTO PHONE (DESCRIPTION, NUMBER) VALUES('Arbejde','89307103');
INSERT INTO INFOENTITY_PHONE (INFOENTITY_ID, PHONENUMBERS_ID) VALUES('129','186');

INSERT INTO ADDRESS (ADDITIONALINFO,STREET,CITYINFO_ID) VALUES('','Stationsvej 5','684');
INSERT INTO INFOENTITY (DTYPE, EMAIL, ADDRESS_ID) VALUES('Person','Lars@office.dk','130');
INSERT INTO PERSON (ID, FIRSTNAME, LASTNAME) VALUES('130','Lars','Meinholt');
INSERT INTO PERSON_HOBBY (PERSONS_ID, HOBBIES_ID) VALUES('130','10');
INSERT INTO PERSON_HOBBY (PERSONS_ID, HOBBIES_ID) VALUES('130','3');
INSERT INTO PERSON_HOBBY (PERSONS_ID, HOBBIES_ID) VALUES('130','11');
INSERT INTO PHONE (DESCRIPTION, NUMBER) VALUES('Hjem','28829942');
INSERT INTO INFOENTITY_PHONE (INFOENTITY_ID, PHONENUMBERS_ID) VALUES('130','187');

INSERT INTO ADDRESS (ADDITIONALINFO,STREET,CITYINFO_ID) VALUES('','Østergade 73','513');
INSERT INTO INFOENTITY (DTYPE, EMAIL, ADDRESS_ID) VALUES('Company','AllBound@live.com','131');
INSERT INTO COMPANY (ID, CVR, DESCRIPTION, MARKETVALUE, NAME, NUMEMPLOYEES) VALUES('131','68631578','Construction','891336337','AllBound','31');
INSERT INTO PHONE (DESCRIPTION, NUMBER) VALUES('Reception','36418288');
INSERT INTO INFOENTITY_PHONE (INFOENTITY_ID, PHONENUMBERS_ID) VALUES('131','188');

INSERT INTO ADDRESS (ADDITIONALINFO,STREET,CITYINFO_ID) VALUES('','Strandvejen 52','187');
INSERT INTO INFOENTITY (DTYPE, EMAIL, ADDRESS_ID) VALUES('Person','Anna@live.com','132');
INSERT INTO PERSON (ID, FIRSTNAME, LASTNAME) VALUES('132','Anna','Skov');
INSERT INTO PERSON_HOBBY (PERSONS_ID, HOBBIES_ID) VALUES('132','2');
INSERT INTO PHONE (DESCRIPTION, NUMBER) VALUES('Mobil','93619076');
INSERT INTO INFOENTITY_PHONE (INFOENTITY_ID, PHONENUMBERS_ID) VALUES('132','189');
INSERT INTO PHONE (DESCRIPTION, NUMBER) VALUES('Hjem','28181091');
INSERT INTO INFOENTITY_PHONE (INFOENTITY_ID, PHONENUMBERS_ID) VALUES('132','190');

INSERT INTO ADDRESS (ADDITIONALINFO,STREET,CITYINFO_ID) VALUES('','Vestergade 23','1113');
INSERT INTO INFOENTITY (DTYPE, EMAIL, ADDRESS_ID) VALUES('Person','Andrea@jubii.dk','133');
INSERT INTO PERSON (ID, FIRSTNAME, LASTNAME) VALUES('133','Andrea','Larsem');
INSERT INTO PERSON_HOBBY (PERSONS_ID, HOBBIES_ID) VALUES('133','6');
INSERT INTO PERSON_HOBBY (PERSONS_ID, HOBBIES_ID) VALUES('133','20');
INSERT INTO PERSON_HOBBY (PERSONS_ID, HOBBIES_ID) VALUES('133','3');
INSERT INTO PHONE (DESCRIPTION, NUMBER) VALUES('Arbejde','91260416');
INSERT INTO INFOENTITY_PHONE (INFOENTITY_ID, PHONENUMBERS_ID) VALUES('133','191');

INSERT INTO ADDRESS (ADDITIONALINFO,STREET,CITYINFO_ID) VALUES('','Møllevej 19','838');
INSERT INTO INFOENTITY (DTYPE, EMAIL, ADDRESS_ID) VALUES('Company','SwiftSprint@msn.dk','134');
INSERT INTO COMPANY (ID, CVR, DESCRIPTION, MARKETVALUE, NAME, NUMEMPLOYEES) VALUES('134','44745358','Human Ressources','400570973','SwiftSprint','61');
INSERT INTO PHONE (DESCRIPTION, NUMBER) VALUES('Kontor','65401617');
INSERT INTO INFOENTITY_PHONE (INFOENTITY_ID, PHONENUMBERS_ID) VALUES('134','192');
INSERT INTO PHONE (DESCRIPTION, NUMBER) VALUES('Kontor','88558280');
INSERT INTO INFOENTITY_PHONE (INFOENTITY_ID, PHONENUMBERS_ID) VALUES('134','193');

INSERT INTO ADDRESS (ADDITIONALINFO,STREET,CITYINFO_ID) VALUES('','Solbakken 92','787');
INSERT INTO INFOENTITY (DTYPE, EMAIL, ADDRESS_ID) VALUES('Person','Dorte@work.com','135');
INSERT INTO PERSON (ID, FIRSTNAME, LASTNAME) VALUES('135','Dorte','Wiksøe');
INSERT INTO PERSON_HOBBY (PERSONS_ID, HOBBIES_ID) VALUES('135','18');
INSERT INTO PERSON_HOBBY (PERSONS_ID, HOBBIES_ID) VALUES('135','7');
INSERT INTO PERSON_HOBBY (PERSONS_ID, HOBBIES_ID) VALUES('135','8');
INSERT INTO PHONE (DESCRIPTION, NUMBER) VALUES('Arbejde','92882787');
INSERT INTO INFOENTITY_PHONE (INFOENTITY_ID, PHONENUMBERS_ID) VALUES('135','194');

INSERT INTO ADDRESS (ADDITIONALINFO,STREET,CITYINFO_ID) VALUES('2. th.','Nygade 41','800');
INSERT INTO INFOENTITY (DTYPE, EMAIL, ADDRESS_ID) VALUES('Company','SamOrg@yahoo.com','136');
INSERT INTO COMPANY (ID, CVR, DESCRIPTION, MARKETVALUE, NAME, NUMEMPLOYEES) VALUES('136','67724219','Medicine','789153462','SamOrg','20');
INSERT INTO PHONE (DESCRIPTION, NUMBER) VALUES('Reception','34968541');
INSERT INTO INFOENTITY_PHONE (INFOENTITY_ID, PHONENUMBERS_ID) VALUES('136','195');
INSERT INTO PHONE (DESCRIPTION, NUMBER) VALUES('Kontor','94315970');
INSERT INTO INFOENTITY_PHONE (INFOENTITY_ID, PHONENUMBERS_ID) VALUES('136','196');

INSERT INTO ADDRESS (ADDITIONALINFO,STREET,CITYINFO_ID) VALUES('','Lærkevej 33','540');
INSERT INTO INFOENTITY (DTYPE, EMAIL, ADDRESS_ID) VALUES('Person','Dorte@msn.dk','137');
INSERT INTO PERSON (ID, FIRSTNAME, LASTNAME) VALUES('137','Dorte','Friis');
INSERT INTO PERSON_HOBBY (PERSONS_ID, HOBBIES_ID) VALUES('137','16');
INSERT INTO PERSON_HOBBY (PERSONS_ID, HOBBIES_ID) VALUES('137','1');
INSERT INTO PHONE (DESCRIPTION, NUMBER) VALUES('Arbejde','17455723');
INSERT INTO INFOENTITY_PHONE (INFOENTITY_ID, PHONENUMBERS_ID) VALUES('137','197');
INSERT INTO PHONE (DESCRIPTION, NUMBER) VALUES('Arbejde','73513724');
INSERT INTO INFOENTITY_PHONE (INFOENTITY_ID, PHONENUMBERS_ID) VALUES('137','198');

INSERT INTO ADDRESS (ADDITIONALINFO,STREET,CITYINFO_ID) VALUES('','Birkevej 56','371');
INSERT INTO INFOENTITY (DTYPE, EMAIL, ADDRESS_ID) VALUES('Company','UpSolutions@jubii.dk','138');
INSERT INTO COMPANY (ID, CVR, DESCRIPTION, MARKETVALUE, NAME, NUMEMPLOYEES) VALUES('138','22030676','Medicine','96474996','UpSolutions','111');
INSERT INTO PHONE (DESCRIPTION, NUMBER) VALUES('Kontor','48737894');
INSERT INTO INFOENTITY_PHONE (INFOENTITY_ID, PHONENUMBERS_ID) VALUES('138','199');

INSERT INTO ADDRESS (ADDITIONALINFO,STREET,CITYINFO_ID) VALUES('3. tv.','Hovedgaden 0','655');
INSERT INTO INFOENTITY (DTYPE, EMAIL, ADDRESS_ID) VALUES('Person','Allan@hotmail.com','139');
INSERT INTO PERSON (ID, FIRSTNAME, LASTNAME) VALUES('139','Allan','Poulsen');
INSERT INTO PERSON_HOBBY (PERSONS_ID, HOBBIES_ID) VALUES('139','9');
INSERT INTO PERSON_HOBBY (PERSONS_ID, HOBBIES_ID) VALUES('139','7');
INSERT INTO PERSON_HOBBY (PERSONS_ID, HOBBIES_ID) VALUES('139','6');
INSERT INTO PHONE (DESCRIPTION, NUMBER) VALUES('Arbejde','44314273');
INSERT INTO INFOENTITY_PHONE (INFOENTITY_ID, PHONENUMBERS_ID) VALUES('139','200');
INSERT INTO PHONE (DESCRIPTION, NUMBER) VALUES('Hjem','85915875');
INSERT INTO INFOENTITY_PHONE (INFOENTITY_ID, PHONENUMBERS_ID) VALUES('139','201');

INSERT INTO ADDRESS (ADDITIONALINFO,STREET,CITYINFO_ID) VALUES('','Vinkelvej 93','908');
INSERT INTO INFOENTITY (DTYPE, EMAIL, ADDRESS_ID) VALUES('Person','Benny@gmail.com','140');
INSERT INTO PERSON (ID, FIRSTNAME, LASTNAME) VALUES('140','Benny','Svendsen');
INSERT INTO PERSON_HOBBY (PERSONS_ID, HOBBIES_ID) VALUES('140','2');
INSERT INTO PERSON_HOBBY (PERSONS_ID, HOBBIES_ID) VALUES('140','12');
INSERT INTO PHONE (DESCRIPTION, NUMBER) VALUES('Arbejde','99450881');
INSERT INTO INFOENTITY_PHONE (INFOENTITY_ID, PHONENUMBERS_ID) VALUES('140','202');
INSERT INTO PHONE (DESCRIPTION, NUMBER) VALUES('Mobil','50819680');
INSERT INTO INFOENTITY_PHONE (INFOENTITY_ID, PHONENUMBERS_ID) VALUES('140','203');

INSERT INTO ADDRESS (ADDITIONALINFO,STREET,CITYINFO_ID) VALUES('','Jernbanegade 34','99');
INSERT INTO INFOENTITY (DTYPE, EMAIL, ADDRESS_ID) VALUES('Person','Benny@data.com','141');
INSERT INTO PERSON (ID, FIRSTNAME, LASTNAME) VALUES('141','Benny','Carstensen');
INSERT INTO PERSON_HOBBY (PERSONS_ID, HOBBIES_ID) VALUES('141','18');
INSERT INTO PERSON_HOBBY (PERSONS_ID, HOBBIES_ID) VALUES('141','15');
INSERT INTO PHONE (DESCRIPTION, NUMBER) VALUES('Arbejde','54635340');
INSERT INTO INFOENTITY_PHONE (INFOENTITY_ID, PHONENUMBERS_ID) VALUES('141','204');

INSERT INTO ADDRESS (ADDITIONALINFO,STREET,CITYINFO_ID) VALUES('','Egevej 38','520');
INSERT INTO INFOENTITY (DTYPE, EMAIL, ADDRESS_ID) VALUES('Company','SeriousBound@msn.com','142');
INSERT INTO COMPANY (ID, CVR, DESCRIPTION, MARKETVALUE, NAME, NUMEMPLOYEES) VALUES('142','86313169','Cleaning','689964527','SeriousBound','73');
INSERT INTO PHONE (DESCRIPTION, NUMBER) VALUES('Reception','82338613');
INSERT INTO INFOENTITY_PHONE (INFOENTITY_ID, PHONENUMBERS_ID) VALUES('142','205');
INSERT INTO PHONE (DESCRIPTION, NUMBER) VALUES('Reception','12454409');
INSERT INTO INFOENTITY_PHONE (INFOENTITY_ID, PHONENUMBERS_ID) VALUES('142','206');

INSERT INTO ADDRESS (ADDITIONALINFO,STREET,CITYINFO_ID) VALUES('','Langgade 6','957');
INSERT INTO INFOENTITY (DTYPE, EMAIL, ADDRESS_ID) VALUES('Person','Trine@data.com','143');
INSERT INTO PERSON (ID, FIRSTNAME, LASTNAME) VALUES('143','Trine','Sørensen');
INSERT INTO PERSON_HOBBY (PERSONS_ID, HOBBIES_ID) VALUES('143','12');
INSERT INTO PERSON_HOBBY (PERSONS_ID, HOBBIES_ID) VALUES('143','6');
INSERT INTO PERSON_HOBBY (PERSONS_ID, HOBBIES_ID) VALUES('143','7');
INSERT INTO PHONE (DESCRIPTION, NUMBER) VALUES('Hjem','28945438');
INSERT INTO INFOENTITY_PHONE (INFOENTITY_ID, PHONENUMBERS_ID) VALUES('143','207');

INSERT INTO ADDRESS (ADDITIONALINFO,STREET,CITYINFO_ID) VALUES('','Møllevej 91','786');
INSERT INTO INFOENTITY (DTYPE, EMAIL, ADDRESS_ID) VALUES('Company','UniEnterprise@gmail.com','144');
INSERT INTO COMPANY (ID, CVR, DESCRIPTION, MARKETVALUE, NAME, NUMEMPLOYEES) VALUES('144','57057422','Medicine','299188280','UniEnterprise','94');
INSERT INTO PHONE (DESCRIPTION, NUMBER) VALUES('Kontor','91552916');
INSERT INTO INFOENTITY_PHONE (INFOENTITY_ID, PHONENUMBERS_ID) VALUES('144','208');

INSERT INTO ADDRESS (ADDITIONALINFO,STREET,CITYINFO_ID) VALUES('','Borgergade 64','771');
INSERT INTO INFOENTITY (DTYPE, EMAIL, ADDRESS_ID) VALUES('Company','PolyOrg@live.dk','145');
INSERT INTO COMPANY (ID, CVR, DESCRIPTION, MARKETVALUE, NAME, NUMEMPLOYEES) VALUES('145','98371039','Programming','508822581','PolyOrg','23');
INSERT INTO PHONE (DESCRIPTION, NUMBER) VALUES('Kontor','41272664');
INSERT INTO INFOENTITY_PHONE (INFOENTITY_ID, PHONENUMBERS_ID) VALUES('145','209');
INSERT INTO PHONE (DESCRIPTION, NUMBER) VALUES('Reception','45850734');
INSERT INTO INFOENTITY_PHONE (INFOENTITY_ID, PHONENUMBERS_ID) VALUES('145','210');

INSERT INTO ADDRESS (ADDITIONALINFO,STREET,CITYINFO_ID) VALUES('2. th.','Engvej 67','949');
INSERT INTO INFOENTITY (DTYPE, EMAIL, ADDRESS_ID) VALUES('Company','CityExport@office.dk','146');
INSERT INTO COMPANY (ID, CVR, DESCRIPTION, MARKETVALUE, NAME, NUMEMPLOYEES) VALUES('146','47286508','Banking','375157233','CityExport','3');
INSERT INTO PHONE (DESCRIPTION, NUMBER) VALUES('Kontor','74851524');
INSERT INTO INFOENTITY_PHONE (INFOENTITY_ID, PHONENUMBERS_ID) VALUES('146','211');

INSERT INTO ADDRESS (ADDITIONALINFO,STREET,CITYINFO_ID) VALUES('','Møllevej 41','630');
INSERT INTO INFOENTITY (DTYPE, EMAIL, ADDRESS_ID) VALUES('Company','CityBound@msn.com','147');
INSERT INTO COMPANY (ID, CVR, DESCRIPTION, MARKETVALUE, NAME, NUMEMPLOYEES) VALUES('147','34077433','Retail','840021170','CityBound','158');
INSERT INTO PHONE (DESCRIPTION, NUMBER) VALUES('Kontor','46566314');
INSERT INTO INFOENTITY_PHONE (INFOENTITY_ID, PHONENUMBERS_ID) VALUES('147','212');
INSERT INTO PHONE (DESCRIPTION, NUMBER) VALUES('Kontor','30239792');
INSERT INTO INFOENTITY_PHONE (INFOENTITY_ID, PHONENUMBERS_ID) VALUES('147','213');

INSERT INTO ADDRESS (ADDITIONALINFO,STREET,CITYINFO_ID) VALUES('','Borgergade 49','145');
INSERT INTO INFOENTITY (DTYPE, EMAIL, ADDRESS_ID) VALUES('Person','Signe@work.com','148');
INSERT INTO PERSON (ID, FIRSTNAME, LASTNAME) VALUES('148','Signe','Jensen');
INSERT INTO PHONE (DESCRIPTION, NUMBER) VALUES('Hjem','52726927');
INSERT INTO INFOENTITY_PHONE (INFOENTITY_ID, PHONENUMBERS_ID) VALUES('148','214');
INSERT INTO PHONE (DESCRIPTION, NUMBER) VALUES('Mobil','37729558');
INSERT INTO INFOENTITY_PHONE (INFOENTITY_ID, PHONENUMBERS_ID) VALUES('148','215');

INSERT INTO ADDRESS (ADDITIONALINFO,STREET,CITYINFO_ID) VALUES('','Egevej 41','1202');
INSERT INTO INFOENTITY (DTYPE, EMAIL, ADDRESS_ID) VALUES('Person','Einar@msn.com','149');
INSERT INTO PERSON (ID, FIRSTNAME, LASTNAME) VALUES('149','Einar','Madsen');
INSERT INTO PERSON_HOBBY (PERSONS_ID, HOBBIES_ID) VALUES('149','19');
INSERT INTO PHONE (DESCRIPTION, NUMBER) VALUES('Hjem','74278730');
INSERT INTO INFOENTITY_PHONE (INFOENTITY_ID, PHONENUMBERS_ID) VALUES('149','216');

INSERT INTO ADDRESS (ADDITIONALINFO,STREET,CITYINFO_ID) VALUES('2. tv.','Vestergade 49','545');
INSERT INTO INFOENTITY (DTYPE, EMAIL, ADDRESS_ID) VALUES('Company','SamPort@hotmail.dk','150');
INSERT INTO COMPANY (ID, CVR, DESCRIPTION, MARKETVALUE, NAME, NUMEMPLOYEES) VALUES('150','21564776','Investment','851669231','SamPort','199');
INSERT INTO PHONE (DESCRIPTION, NUMBER) VALUES('Kontor','39395951');
INSERT INTO INFOENTITY_PHONE (INFOENTITY_ID, PHONENUMBERS_ID) VALUES('150','217');

INSERT INTO ADDRESS (ADDITIONALINFO,STREET,CITYINFO_ID) VALUES('3. th.','Hovedgaden 63','536');
INSERT INTO INFOENTITY (DTYPE, EMAIL, ADDRESS_ID) VALUES('Company','CitySolutions@jubii.dk','151');
INSERT INTO COMPANY (ID, CVR, DESCRIPTION, MARKETVALUE, NAME, NUMEMPLOYEES) VALUES('151','25340736','Cleaning','334387160','CitySolutions','6');
INSERT INTO PHONE (DESCRIPTION, NUMBER) VALUES('Kontor','69599340');
INSERT INTO INFOENTITY_PHONE (INFOENTITY_ID, PHONENUMBERS_ID) VALUES('151','218');

INSERT INTO ADDRESS (ADDITIONALINFO,STREET,CITYINFO_ID) VALUES('','Poppel Allé 7','1014');
INSERT INTO INFOENTITY (DTYPE, EMAIL, ADDRESS_ID) VALUES('Company','NewSide@gmail.com','152');
INSERT INTO COMPANY (ID, CVR, DESCRIPTION, MARKETVALUE, NAME, NUMEMPLOYEES) VALUES('152','76613750','Education','728238362','NewSide','92');
INSERT INTO PHONE (DESCRIPTION, NUMBER) VALUES('Reception','13938371');
INSERT INTO INFOENTITY_PHONE (INFOENTITY_ID, PHONENUMBERS_ID) VALUES('152','219');
INSERT INTO PHONE (DESCRIPTION, NUMBER) VALUES('Reception','89949215');
INSERT INTO INFOENTITY_PHONE (INFOENTITY_ID, PHONENUMBERS_ID) VALUES('152','220');

INSERT INTO ADDRESS (ADDITIONALINFO,STREET,CITYINFO_ID) VALUES('2. tv.','Lærkevej 36','1060');
INSERT INTO INFOENTITY (DTYPE, EMAIL, ADDRESS_ID) VALUES('Company','SyncCell@msn.dk','153');
INSERT INTO COMPANY (ID, CVR, DESCRIPTION, MARKETVALUE, NAME, NUMEMPLOYEES) VALUES('153','17937358','Banking','994226120','SyncCell','0');
INSERT INTO PHONE (DESCRIPTION, NUMBER) VALUES('Reception','80067119');
INSERT INTO INFOENTITY_PHONE (INFOENTITY_ID, PHONENUMBERS_ID) VALUES('153','221');

INSERT INTO ADDRESS (ADDITIONALINFO,STREET,CITYINFO_ID) VALUES('','Skovbakken 16','953');
INSERT INTO INFOENTITY (DTYPE, EMAIL, ADDRESS_ID) VALUES('Company','WestSolutions@msn.com','154');
INSERT INTO COMPANY (ID, CVR, DESCRIPTION, MARKETVALUE, NAME, NUMEMPLOYEES) VALUES('154','35578635','Production','954738056','WestSolutions','4');
INSERT INTO PHONE (DESCRIPTION, NUMBER) VALUES('Reception','49216404');
INSERT INTO INFOENTITY_PHONE (INFOENTITY_ID, PHONENUMBERS_ID) VALUES('154','222');
INSERT INTO PHONE (DESCRIPTION, NUMBER) VALUES('Kontor','71963849');
INSERT INTO INFOENTITY_PHONE (INFOENTITY_ID, PHONENUMBERS_ID) VALUES('154','223');

INSERT INTO ADDRESS (ADDITIONALINFO,STREET,CITYINFO_ID) VALUES('','Kirkevej 58','1213');
INSERT INTO INFOENTITY (DTYPE, EMAIL, ADDRESS_ID) VALUES('Person','Allan@work.com','155');
INSERT INTO PERSON (ID, FIRSTNAME, LASTNAME) VALUES('155','Allan','Carstensen');
INSERT INTO PERSON_HOBBY (PERSONS_ID, HOBBIES_ID) VALUES('155','6');
INSERT INTO PERSON_HOBBY (PERSONS_ID, HOBBIES_ID) VALUES('155','20');
INSERT INTO PHONE (DESCRIPTION, NUMBER) VALUES('Mobil','34551219');
INSERT INTO INFOENTITY_PHONE (INFOENTITY_ID, PHONENUMBERS_ID) VALUES('155','224');
INSERT INTO PHONE (DESCRIPTION, NUMBER) VALUES('Arbejde','34467647');
INSERT INTO INFOENTITY_PHONE (INFOENTITY_ID, PHONENUMBERS_ID) VALUES('155','225');

INSERT INTO ADDRESS (ADDITIONALINFO,STREET,CITYINFO_ID) VALUES('','Strandvejen 55','138');
INSERT INTO INFOENTITY (DTYPE, EMAIL, ADDRESS_ID) VALUES('Company','CityWorkers@data.com','156');
INSERT INTO COMPANY (ID, CVR, DESCRIPTION, MARKETVALUE, NAME, NUMEMPLOYEES) VALUES('156','88180573','Medicine','288815912','CityWorkers','170');
INSERT INTO PHONE (DESCRIPTION, NUMBER) VALUES('Kontor','70369422');
INSERT INTO INFOENTITY_PHONE (INFOENTITY_ID, PHONENUMBERS_ID) VALUES('156','226');
INSERT INTO PHONE (DESCRIPTION, NUMBER) VALUES('Reception','85067530');
INSERT INTO INFOENTITY_PHONE (INFOENTITY_ID, PHONENUMBERS_ID) VALUES('156','227');

INSERT INTO ADDRESS (ADDITIONALINFO,STREET,CITYINFO_ID) VALUES('','Ågade 14','608');
INSERT INTO INFOENTITY (DTYPE, EMAIL, ADDRESS_ID) VALUES('Person','Svend@gmail.com','157');
INSERT INTO PERSON (ID, FIRSTNAME, LASTNAME) VALUES('157','Svend','Møller');
INSERT INTO PERSON_HOBBY (PERSONS_ID, HOBBIES_ID) VALUES('157','11');
INSERT INTO PHONE (DESCRIPTION, NUMBER) VALUES('Mobil','36166364');
INSERT INTO INFOENTITY_PHONE (INFOENTITY_ID, PHONENUMBERS_ID) VALUES('157','228');

INSERT INTO ADDRESS (ADDITIONALINFO,STREET,CITYINFO_ID) VALUES('','Birkevej 66','927');
INSERT INTO INFOENTITY (DTYPE, EMAIL, ADDRESS_ID) VALUES('Company','SeriousWorkers@hotmail.com','158');
INSERT INTO COMPANY (ID, CVR, DESCRIPTION, MARKETVALUE, NAME, NUMEMPLOYEES) VALUES('158','70757400','Investment','596834815','SeriousWorkers','77');
INSERT INTO PHONE (DESCRIPTION, NUMBER) VALUES('Reception','65633682');
INSERT INTO INFOENTITY_PHONE (INFOENTITY_ID, PHONENUMBERS_ID) VALUES('158','229');
INSERT INTO PHONE (DESCRIPTION, NUMBER) VALUES('Kontor','63365051');
INSERT INTO INFOENTITY_PHONE (INFOENTITY_ID, PHONENUMBERS_ID) VALUES('158','230');

INSERT INTO ADDRESS (ADDITIONALINFO,STREET,CITYINFO_ID) VALUES('st.','Borgergade 2','523');
INSERT INTO INFOENTITY (DTYPE, EMAIL, ADDRESS_ID) VALUES('Company','BigLine@home.com','159');
INSERT INTO COMPANY (ID, CVR, DESCRIPTION, MARKETVALUE, NAME, NUMEMPLOYEES) VALUES('159','49968421','Retail','677568796','BigLine','7');
INSERT INTO PHONE (DESCRIPTION, NUMBER) VALUES('Reception','71402170');
INSERT INTO INFOENTITY_PHONE (INFOENTITY_ID, PHONENUMBERS_ID) VALUES('159','231');
INSERT INTO PHONE (DESCRIPTION, NUMBER) VALUES('Kontor','26151938');
INSERT INTO INFOENTITY_PHONE (INFOENTITY_ID, PHONENUMBERS_ID) VALUES('159','232');

INSERT INTO ADDRESS (ADDITIONALINFO,STREET,CITYINFO_ID) VALUES('','Bredgade 23','1307');
INSERT INTO INFOENTITY (DTYPE, EMAIL, ADDRESS_ID) VALUES('Company','EastBuilder@hotmail.com','160');
INSERT INTO COMPANY (ID, CVR, DESCRIPTION, MARKETVALUE, NAME, NUMEMPLOYEES) VALUES('160','51865677','Banking','428127636','EastBuilder','113');
INSERT INTO PHONE (DESCRIPTION, NUMBER) VALUES('Reception','62377850');
INSERT INTO INFOENTITY_PHONE (INFOENTITY_ID, PHONENUMBERS_ID) VALUES('160','233');

INSERT INTO ADDRESS (ADDITIONALINFO,STREET,CITYINFO_ID) VALUES('','Nørregade 9','140');
INSERT INTO INFOENTITY (DTYPE, EMAIL, ADDRESS_ID) VALUES('Company','UpCom@data.com','161');
INSERT INTO COMPANY (ID, CVR, DESCRIPTION, MARKETVALUE, NAME, NUMEMPLOYEES) VALUES('161','36328631','Retail','407020873','UpCom','148');
INSERT INTO PHONE (DESCRIPTION, NUMBER) VALUES('Kontor','45964726');
INSERT INTO INFOENTITY_PHONE (INFOENTITY_ID, PHONENUMBERS_ID) VALUES('161','234');
INSERT INTO PHONE (DESCRIPTION, NUMBER) VALUES('Kontor','76935232');
INSERT INTO INFOENTITY_PHONE (INFOENTITY_ID, PHONENUMBERS_ID) VALUES('161','235');

INSERT INTO ADDRESS (ADDITIONALINFO,STREET,CITYINFO_ID) VALUES('st.','Stationsvej 3','1320');
INSERT INTO INFOENTITY (DTYPE, EMAIL, ADDRESS_ID) VALUES('Person','Else@work.com','162');
INSERT INTO PERSON (ID, FIRSTNAME, LASTNAME) VALUES('162','Else','Ardberg');
INSERT INTO PERSON_HOBBY (PERSONS_ID, HOBBIES_ID) VALUES('162','11');
INSERT INTO PERSON_HOBBY (PERSONS_ID, HOBBIES_ID) VALUES('162','7');
INSERT INTO PHONE (DESCRIPTION, NUMBER) VALUES('Hjem','69900025');
INSERT INTO INFOENTITY_PHONE (INFOENTITY_ID, PHONENUMBERS_ID) VALUES('162','236');
INSERT INTO PHONE (DESCRIPTION, NUMBER) VALUES('Hjem','40200081');
INSERT INTO INFOENTITY_PHONE (INFOENTITY_ID, PHONENUMBERS_ID) VALUES('162','237');

INSERT INTO ADDRESS (ADDITIONALINFO,STREET,CITYINFO_ID) VALUES('4. tv.','Møllevej 52','713');
INSERT INTO INFOENTITY (DTYPE, EMAIL, ADDRESS_ID) VALUES('Company','UpPort@msn.dk','163');
INSERT INTO COMPANY (ID, CVR, DESCRIPTION, MARKETVALUE, NAME, NUMEMPLOYEES) VALUES('163','93403461','Consulting','97516201','UpPort','4');
INSERT INTO PHONE (DESCRIPTION, NUMBER) VALUES('Kontor','63499867');
INSERT INTO INFOENTITY_PHONE (INFOENTITY_ID, PHONENUMBERS_ID) VALUES('163','238');

INSERT INTO ADDRESS (ADDITIONALINFO,STREET,CITYINFO_ID) VALUES('','Nørregade 11','181');
INSERT INTO INFOENTITY (DTYPE, EMAIL, ADDRESS_ID) VALUES('Person','Andrea@office.dk','164');
INSERT INTO PERSON (ID, FIRSTNAME, LASTNAME) VALUES('164','Andrea','Persson');
INSERT INTO PHONE (DESCRIPTION, NUMBER) VALUES('Hjem','90788143');
INSERT INTO INFOENTITY_PHONE (INFOENTITY_ID, PHONENUMBERS_ID) VALUES('164','239');
INSERT INTO PHONE (DESCRIPTION, NUMBER) VALUES('Arbejde','79080390');
INSERT INTO INFOENTITY_PHONE (INFOENTITY_ID, PHONENUMBERS_ID) VALUES('164','240');

INSERT INTO ADDRESS (ADDITIONALINFO,STREET,CITYINFO_ID) VALUES('','Kirkevej 89','894');
INSERT INTO INFOENTITY (DTYPE, EMAIL, ADDRESS_ID) VALUES('Company','CallLine@live.com','165');
INSERT INTO COMPANY (ID, CVR, DESCRIPTION, MARKETVALUE, NAME, NUMEMPLOYEES) VALUES('165','37876524','Human Ressources','869616412','CallLine','94');
INSERT INTO PHONE (DESCRIPTION, NUMBER) VALUES('Kontor','77384285');
INSERT INTO INFOENTITY_PHONE (INFOENTITY_ID, PHONENUMBERS_ID) VALUES('165','241');
INSERT INTO PHONE (DESCRIPTION, NUMBER) VALUES('Reception','72569406');
INSERT INTO INFOENTITY_PHONE (INFOENTITY_ID, PHONENUMBERS_ID) VALUES('165','242');

INSERT INTO ADDRESS (ADDITIONALINFO,STREET,CITYINFO_ID) VALUES('','Solbakken 18','183');
INSERT INTO INFOENTITY (DTYPE, EMAIL, ADDRESS_ID) VALUES('Company','SoftFirm@yahoo.com','166');
INSERT INTO COMPANY (ID, CVR, DESCRIPTION, MARKETVALUE, NAME, NUMEMPLOYEES) VALUES('166','53562779','Consulting','323320772','SoftFirm','139');
INSERT INTO PHONE (DESCRIPTION, NUMBER) VALUES('Kontor','65316564');
INSERT INTO INFOENTITY_PHONE (INFOENTITY_ID, PHONENUMBERS_ID) VALUES('166','243');
INSERT INTO PHONE (DESCRIPTION, NUMBER) VALUES('Reception','72935119');
INSERT INTO INFOENTITY_PHONE (INFOENTITY_ID, PHONENUMBERS_ID) VALUES('166','244');

INSERT INTO ADDRESS (ADDITIONALINFO,STREET,CITYINFO_ID) VALUES('','Ågade 59','197');
INSERT INTO INFOENTITY (DTYPE, EMAIL, ADDRESS_ID) VALUES('Person','Lærke@hotmail.com','167');
INSERT INTO PERSON (ID, FIRSTNAME, LASTNAME) VALUES('167','Lærke','Carstensen');
INSERT INTO PERSON_HOBBY (PERSONS_ID, HOBBIES_ID) VALUES('167','12');
INSERT INTO PERSON_HOBBY (PERSONS_ID, HOBBIES_ID) VALUES('167','5');
INSERT INTO PERSON_HOBBY (PERSONS_ID, HOBBIES_ID) VALUES('167','2');
INSERT INTO PHONE (DESCRIPTION, NUMBER) VALUES('Arbejde','88230960');
INSERT INTO INFOENTITY_PHONE (INFOENTITY_ID, PHONENUMBERS_ID) VALUES('167','245');
INSERT INTO PHONE (DESCRIPTION, NUMBER) VALUES('Hjem','51165636');
INSERT INTO INFOENTITY_PHONE (INFOENTITY_ID, PHONENUMBERS_ID) VALUES('167','246');

INSERT INTO ADDRESS (ADDITIONALINFO,STREET,CITYINFO_ID) VALUES('','Borgergade 29','178');
INSERT INTO INFOENTITY (DTYPE, EMAIL, ADDRESS_ID) VALUES('Company','CityFirm@gmail.com','168');
INSERT INTO COMPANY (ID, CVR, DESCRIPTION, MARKETVALUE, NAME, NUMEMPLOYEES) VALUES('168','86700707','Consulting','159241123','CityFirm','139');
INSERT INTO PHONE (DESCRIPTION, NUMBER) VALUES('Kontor','90063384');
INSERT INTO INFOENTITY_PHONE (INFOENTITY_ID, PHONENUMBERS_ID) VALUES('168','247');
INSERT INTO PHONE (DESCRIPTION, NUMBER) VALUES('Reception','23683507');
INSERT INTO INFOENTITY_PHONE (INFOENTITY_ID, PHONENUMBERS_ID) VALUES('168','248');

INSERT INTO ADDRESS (ADDITIONALINFO,STREET,CITYINFO_ID) VALUES('','Jernbanegade 71','919');
INSERT INTO INFOENTITY (DTYPE, EMAIL, ADDRESS_ID) VALUES('Company','WellPort@business.dk','169');
INSERT INTO COMPANY (ID, CVR, DESCRIPTION, MARKETVALUE, NAME, NUMEMPLOYEES) VALUES('169','75587243','Office equipment','147790234','WellPort','32');
INSERT INTO PHONE (DESCRIPTION, NUMBER) VALUES('Kontor','26775739');
INSERT INTO INFOENTITY_PHONE (INFOENTITY_ID, PHONENUMBERS_ID) VALUES('169','249');

INSERT INTO ADDRESS (ADDITIONALINFO,STREET,CITYINFO_ID) VALUES('4. th.','Hovedgaden 46','1321');
INSERT INTO INFOENTITY (DTYPE, EMAIL, ADDRESS_ID) VALUES('Person','Inger@live.com','170');
INSERT INTO PERSON (ID, FIRSTNAME, LASTNAME) VALUES('170','Inger','Kristensen');
INSERT INTO PHONE (DESCRIPTION, NUMBER) VALUES('Mobil','85300752');
INSERT INTO INFOENTITY_PHONE (INFOENTITY_ID, PHONENUMBERS_ID) VALUES('170','250');

INSERT INTO ADDRESS (ADDITIONALINFO,STREET,CITYINFO_ID) VALUES('','Stormgade 41','749');
INSERT INTO INFOENTITY (DTYPE, EMAIL, ADDRESS_ID) VALUES('Company','SoftKnight@live.com','171');
INSERT INTO COMPANY (ID, CVR, DESCRIPTION, MARKETVALUE, NAME, NUMEMPLOYEES) VALUES('171','53258794','Banking','671679382','SoftKnight','141');
INSERT INTO PHONE (DESCRIPTION, NUMBER) VALUES('Reception','32311369');
INSERT INTO INFOENTITY_PHONE (INFOENTITY_ID, PHONENUMBERS_ID) VALUES('171','251');

INSERT INTO ADDRESS (ADDITIONALINFO,STREET,CITYINFO_ID) VALUES('','Engvej 83','197');
INSERT INTO INFOENTITY (DTYPE, EMAIL, ADDRESS_ID) VALUES('Person','Jens@live.com','172');
INSERT INTO PERSON (ID, FIRSTNAME, LASTNAME) VALUES('172','Jens','Olsen');
INSERT INTO PHONE (DESCRIPTION, NUMBER) VALUES('Arbejde','17216185');
INSERT INTO INFOENTITY_PHONE (INFOENTITY_ID, PHONENUMBERS_ID) VALUES('172','252');

INSERT INTO ADDRESS (ADDITIONALINFO,STREET,CITYINFO_ID) VALUES('','Møllevej 60','790');
INSERT INTO INFOENTITY (DTYPE, EMAIL, ADDRESS_ID) VALUES('Company','SouthCell@home.com','173');
INSERT INTO COMPANY (ID, CVR, DESCRIPTION, MARKETVALUE, NAME, NUMEMPLOYEES) VALUES('173','90080939','Investment','455972285','SouthCell','12');
INSERT INTO PHONE (DESCRIPTION, NUMBER) VALUES('Kontor','56847379');
INSERT INTO INFOENTITY_PHONE (INFOENTITY_ID, PHONENUMBERS_ID) VALUES('173','253');

INSERT INTO ADDRESS (ADDITIONALINFO,STREET,CITYINFO_ID) VALUES('','Strandvejen 41','870');
INSERT INTO INFOENTITY (DTYPE, EMAIL, ADDRESS_ID) VALUES('Person','Einar@yahoo.com','174');
INSERT INTO PERSON (ID, FIRSTNAME, LASTNAME) VALUES('174','Einar','Skov');
INSERT INTO PERSON_HOBBY (PERSONS_ID, HOBBIES_ID) VALUES('174','5');
INSERT INTO PERSON_HOBBY (PERSONS_ID, HOBBIES_ID) VALUES('174','4');
INSERT INTO PHONE (DESCRIPTION, NUMBER) VALUES('Arbejde','64760511');
INSERT INTO INFOENTITY_PHONE (INFOENTITY_ID, PHONENUMBERS_ID) VALUES('174','254');

INSERT INTO ADDRESS (ADDITIONALINFO,STREET,CITYINFO_ID) VALUES('3. tv.','Violvej 57','277');
INSERT INTO INFOENTITY (DTYPE, EMAIL, ADDRESS_ID) VALUES('Person','Svend@jubii.dk','175');
INSERT INTO PERSON (ID, FIRSTNAME, LASTNAME) VALUES('175','Svend','Bentholm');
INSERT INTO PERSON_HOBBY (PERSONS_ID, HOBBIES_ID) VALUES('175','8');
INSERT INTO PHONE (DESCRIPTION, NUMBER) VALUES('Arbejde','21072339');
INSERT INTO INFOENTITY_PHONE (INFOENTITY_ID, PHONENUMBERS_ID) VALUES('175','255');

INSERT INTO ADDRESS (ADDITIONALINFO,STREET,CITYINFO_ID) VALUES('','Borgergade 29','1021');
INSERT INTO INFOENTITY (DTYPE, EMAIL, ADDRESS_ID) VALUES('Person','Gunnar@jubii.dk','176');
INSERT INTO PERSON (ID, FIRSTNAME, LASTNAME) VALUES('176','Gunnar','Eilersen');
INSERT INTO PERSON_HOBBY (PERSONS_ID, HOBBIES_ID) VALUES('176','13');
INSERT INTO PERSON_HOBBY (PERSONS_ID, HOBBIES_ID) VALUES('176','20');
INSERT INTO PHONE (DESCRIPTION, NUMBER) VALUES('Arbejde','64152747');
INSERT INTO INFOENTITY_PHONE (INFOENTITY_ID, PHONENUMBERS_ID) VALUES('176','256');

INSERT INTO ADDRESS (ADDITIONALINFO,STREET,CITYINFO_ID) VALUES('','Vestergade 73','796');
INSERT INTO INFOENTITY (DTYPE, EMAIL, ADDRESS_ID) VALUES('Company','CleanCell@office.dk','177');
INSERT INTO COMPANY (ID, CVR, DESCRIPTION, MARKETVALUE, NAME, NUMEMPLOYEES) VALUES('177','48860237','Investment','735354900','CleanCell','52');
INSERT INTO PHONE (DESCRIPTION, NUMBER) VALUES('Reception','29928545');
INSERT INTO INFOENTITY_PHONE (INFOENTITY_ID, PHONENUMBERS_ID) VALUES('177','257');

INSERT INTO ADDRESS (ADDITIONALINFO,STREET,CITYINFO_ID) VALUES('','Borgergade 36','1276');
INSERT INTO INFOENTITY (DTYPE, EMAIL, ADDRESS_ID) VALUES('Person','Karl@gmail.com','178');
INSERT INTO PERSON (ID, FIRSTNAME, LASTNAME) VALUES('178','Karl','Hansen');
INSERT INTO PHONE (DESCRIPTION, NUMBER) VALUES('Hjem','89679365');
INSERT INTO INFOENTITY_PHONE (INFOENTITY_ID, PHONENUMBERS_ID) VALUES('178','258');
INSERT INTO PHONE (DESCRIPTION, NUMBER) VALUES('Arbejde','11998737');
INSERT INTO INFOENTITY_PHONE (INFOENTITY_ID, PHONENUMBERS_ID) VALUES('178','259');

INSERT INTO ADDRESS (ADDITIONALINFO,STREET,CITYINFO_ID) VALUES('st.','Borgergade 37','1027');
INSERT INTO INFOENTITY (DTYPE, EMAIL, ADDRESS_ID) VALUES('Person','Gunnar@live.dk','179');
INSERT INTO PERSON (ID, FIRSTNAME, LASTNAME) VALUES('179','Gunnar','Ålbæk');
INSERT INTO PERSON_HOBBY (PERSONS_ID, HOBBIES_ID) VALUES('179','10');
INSERT INTO PERSON_HOBBY (PERSONS_ID, HOBBIES_ID) VALUES('179','12');
INSERT INTO PERSON_HOBBY (PERSONS_ID, HOBBIES_ID) VALUES('179','6');
INSERT INTO PHONE (DESCRIPTION, NUMBER) VALUES('Mobil','88993650');
INSERT INTO INFOENTITY_PHONE (INFOENTITY_ID, PHONENUMBERS_ID) VALUES('179','260');

INSERT INTO ADDRESS (ADDITIONALINFO,STREET,CITYINFO_ID) VALUES('','Bredgade 57','892');
INSERT INTO INFOENTITY (DTYPE, EMAIL, ADDRESS_ID) VALUES('Company','WestSprint@work.com','180');
INSERT INTO COMPANY (ID, CVR, DESCRIPTION, MARKETVALUE, NAME, NUMEMPLOYEES) VALUES('180','34392560','Programming','720995826','WestSprint','27');
INSERT INTO PHONE (DESCRIPTION, NUMBER) VALUES('Reception','18348134');
INSERT INTO INFOENTITY_PHONE (INFOENTITY_ID, PHONENUMBERS_ID) VALUES('180','261');
INSERT INTO PHONE (DESCRIPTION, NUMBER) VALUES('Reception','33457966');
INSERT INTO INFOENTITY_PHONE (INFOENTITY_ID, PHONENUMBERS_ID) VALUES('180','262');

INSERT INTO ADDRESS (ADDITIONALINFO,STREET,CITYINFO_ID) VALUES('','Borgergade 30','1065');
INSERT INTO INFOENTITY (DTYPE, EMAIL, ADDRESS_ID) VALUES('Person','Per@msn.dk','181');
INSERT INTO PERSON (ID, FIRSTNAME, LASTNAME) VALUES('181','Per','Jensen');
INSERT INTO PHONE (DESCRIPTION, NUMBER) VALUES('Mobil','94415626');
INSERT INTO INFOENTITY_PHONE (INFOENTITY_ID, PHONENUMBERS_ID) VALUES('181','263');

INSERT INTO ADDRESS (ADDITIONALINFO,STREET,CITYINFO_ID) VALUES('','Stationsvej 21','327');
INSERT INTO INFOENTITY (DTYPE, EMAIL, ADDRESS_ID) VALUES('Person','Mads@home.com','182');
INSERT INTO PERSON (ID, FIRSTNAME, LASTNAME) VALUES('182','Mads','Nielsen');
INSERT INTO PERSON_HOBBY (PERSONS_ID, HOBBIES_ID) VALUES('182','15');
INSERT INTO PERSON_HOBBY (PERSONS_ID, HOBBIES_ID) VALUES('182','6');
INSERT INTO PERSON_HOBBY (PERSONS_ID, HOBBIES_ID) VALUES('182','11');
INSERT INTO PHONE (DESCRIPTION, NUMBER) VALUES('Mobil','11435693');
INSERT INTO INFOENTITY_PHONE (INFOENTITY_ID, PHONENUMBERS_ID) VALUES('182','264');

INSERT INTO ADDRESS (ADDITIONALINFO,STREET,CITYINFO_ID) VALUES('','Møllevej 53','1335');
INSERT INTO INFOENTITY (DTYPE, EMAIL, ADDRESS_ID) VALUES('Person','Lise@gmail.com','183');
INSERT INTO PERSON (ID, FIRSTNAME, LASTNAME) VALUES('183','Lise','Ålbæk');
INSERT INTO PERSON_HOBBY (PERSONS_ID, HOBBIES_ID) VALUES('183','13');
INSERT INTO PERSON_HOBBY (PERSONS_ID, HOBBIES_ID) VALUES('183','9');
INSERT INTO PERSON_HOBBY (PERSONS_ID, HOBBIES_ID) VALUES('183','18');
INSERT INTO PHONE (DESCRIPTION, NUMBER) VALUES('Arbejde','79907501');
INSERT INTO INFOENTITY_PHONE (INFOENTITY_ID, PHONENUMBERS_ID) VALUES('183','265');

INSERT INTO ADDRESS (ADDITIONALINFO,STREET,CITYINFO_ID) VALUES('','Jernbanegade 55','1113');
INSERT INTO INFOENTITY (DTYPE, EMAIL, ADDRESS_ID) VALUES('Company','CitySprint@msn.dk','184');
INSERT INTO COMPANY (ID, CVR, DESCRIPTION, MARKETVALUE, NAME, NUMEMPLOYEES) VALUES('184','26264922','Cleaning','3188703','CitySprint','161');
INSERT INTO PHONE (DESCRIPTION, NUMBER) VALUES('Reception','76785051');
INSERT INTO INFOENTITY_PHONE (INFOENTITY_ID, PHONENUMBERS_ID) VALUES('184','266');

INSERT INTO ADDRESS (ADDITIONALINFO,STREET,CITYINFO_ID) VALUES('','Stormgade 29','972');
INSERT INTO INFOENTITY (DTYPE, EMAIL, ADDRESS_ID) VALUES('Person','Tove@msn.com','185');
INSERT INTO PERSON (ID, FIRSTNAME, LASTNAME) VALUES('185','Tove','Friis');
INSERT INTO PERSON_HOBBY (PERSONS_ID, HOBBIES_ID) VALUES('185','3');
INSERT INTO PERSON_HOBBY (PERSONS_ID, HOBBIES_ID) VALUES('185','18');
INSERT INTO PERSON_HOBBY (PERSONS_ID, HOBBIES_ID) VALUES('185','2');
INSERT INTO PHONE (DESCRIPTION, NUMBER) VALUES('Arbejde','47451838');
INSERT INTO INFOENTITY_PHONE (INFOENTITY_ID, PHONENUMBERS_ID) VALUES('185','267');
INSERT INTO PHONE (DESCRIPTION, NUMBER) VALUES('Mobil','95790670');
INSERT INTO INFOENTITY_PHONE (INFOENTITY_ID, PHONENUMBERS_ID) VALUES('185','268');

INSERT INTO ADDRESS (ADDITIONALINFO,STREET,CITYINFO_ID) VALUES('','Vibevej 42','1043');
INSERT INTO INFOENTITY (DTYPE, EMAIL, ADDRESS_ID) VALUES('Person','Tove@data.com','186');
INSERT INTO PERSON (ID, FIRSTNAME, LASTNAME) VALUES('186','Tove','Larsem');
INSERT INTO PERSON_HOBBY (PERSONS_ID, HOBBIES_ID) VALUES('186','4');
INSERT INTO PERSON_HOBBY (PERSONS_ID, HOBBIES_ID) VALUES('186','16');
INSERT INTO PERSON_HOBBY (PERSONS_ID, HOBBIES_ID) VALUES('186','5');
INSERT INTO PHONE (DESCRIPTION, NUMBER) VALUES('Arbejde','61822345');
INSERT INTO INFOENTITY_PHONE (INFOENTITY_ID, PHONENUMBERS_ID) VALUES('186','269');

INSERT INTO ADDRESS (ADDITIONALINFO,STREET,CITYINFO_ID) VALUES('','Kirkevej 53','1297');
INSERT INTO INFOENTITY (DTYPE, EMAIL, ADDRESS_ID) VALUES('Company','EastSolutions@yahoo.com','187');
INSERT INTO COMPANY (ID, CVR, DESCRIPTION, MARKETVALUE, NAME, NUMEMPLOYEES) VALUES('187','97503233','Construction','176626016','EastSolutions','193');
INSERT INTO PHONE (DESCRIPTION, NUMBER) VALUES('Reception','7202404');
INSERT INTO INFOENTITY_PHONE (INFOENTITY_ID, PHONENUMBERS_ID) VALUES('187','270');

INSERT INTO ADDRESS (ADDITIONALINFO,STREET,CITYINFO_ID) VALUES('','Skovbakken 82','885');
INSERT INTO INFOENTITY (DTYPE, EMAIL, ADDRESS_ID) VALUES('Company','NorthPartner@business.dk','188');
INSERT INTO COMPANY (ID, CVR, DESCRIPTION, MARKETVALUE, NAME, NUMEMPLOYEES) VALUES('188','55338022','Cleaning','836313420','NorthPartner','187');
INSERT INTO PHONE (DESCRIPTION, NUMBER) VALUES('Reception','26674034');
INSERT INTO INFOENTITY_PHONE (INFOENTITY_ID, PHONENUMBERS_ID) VALUES('188','271');
INSERT INTO PHONE (DESCRIPTION, NUMBER) VALUES('Reception','15308225');
INSERT INTO INFOENTITY_PHONE (INFOENTITY_ID, PHONENUMBERS_ID) VALUES('188','272');

INSERT INTO ADDRESS (ADDITIONALINFO,STREET,CITYINFO_ID) VALUES('','Birkevej 8','1174');
INSERT INTO INFOENTITY (DTYPE, EMAIL, ADDRESS_ID) VALUES('Company','WellSide@data.com','189');
INSERT INTO COMPANY (ID, CVR, DESCRIPTION, MARKETVALUE, NAME, NUMEMPLOYEES) VALUES('189','89317847','Investment','456717229','WellSide','182');
INSERT INTO PHONE (DESCRIPTION, NUMBER) VALUES('Reception','73421302');
INSERT INTO INFOENTITY_PHONE (INFOENTITY_ID, PHONENUMBERS_ID) VALUES('189','273');
INSERT INTO PHONE (DESCRIPTION, NUMBER) VALUES('Kontor','38559786');
INSERT INTO INFOENTITY_PHONE (INFOENTITY_ID, PHONENUMBERS_ID) VALUES('189','274');

INSERT INTO ADDRESS (ADDITIONALINFO,STREET,CITYINFO_ID) VALUES('','Hovedgaden 86','647');
INSERT INTO INFOENTITY (DTYPE, EMAIL, ADDRESS_ID) VALUES('Company','UniService@hotmail.dk','190');
INSERT INTO COMPANY (ID, CVR, DESCRIPTION, MARKETVALUE, NAME, NUMEMPLOYEES) VALUES('190','19506201','Investment','347469067','UniService','122');
INSERT INTO PHONE (DESCRIPTION, NUMBER) VALUES('Reception','86576583');
INSERT INTO INFOENTITY_PHONE (INFOENTITY_ID, PHONENUMBERS_ID) VALUES('190','275');
INSERT INTO PHONE (DESCRIPTION, NUMBER) VALUES('Kontor','90091560');
INSERT INTO INFOENTITY_PHONE (INFOENTITY_ID, PHONENUMBERS_ID) VALUES('190','276');

INSERT INTO ADDRESS (ADDITIONALINFO,STREET,CITYINFO_ID) VALUES('','Ågade 97','976');
INSERT INTO INFOENTITY (DTYPE, EMAIL, ADDRESS_ID) VALUES('Person','Einar@gmail.com','191');
INSERT INTO PERSON (ID, FIRSTNAME, LASTNAME) VALUES('191','Einar','Nielsen');
INSERT INTO PERSON_HOBBY (PERSONS_ID, HOBBIES_ID) VALUES('191','3');
INSERT INTO PERSON_HOBBY (PERSONS_ID, HOBBIES_ID) VALUES('191','14');
INSERT INTO PHONE (DESCRIPTION, NUMBER) VALUES('Arbejde','92318754');
INSERT INTO INFOENTITY_PHONE (INFOENTITY_ID, PHONENUMBERS_ID) VALUES('191','277');

INSERT INTO ADDRESS (ADDITIONALINFO,STREET,CITYINFO_ID) VALUES('2. th.','Engvej 62','1114');
INSERT INTO INFOENTITY (DTYPE, EMAIL, ADDRESS_ID) VALUES('Person','Dorte@business.dk','192');
INSERT INTO PERSON (ID, FIRSTNAME, LASTNAME) VALUES('192','Dorte','Skov');
INSERT INTO PERSON_HOBBY (PERSONS_ID, HOBBIES_ID) VALUES('192','6');
INSERT INTO PHONE (DESCRIPTION, NUMBER) VALUES('Mobil','77307968');
INSERT INTO INFOENTITY_PHONE (INFOENTITY_ID, PHONENUMBERS_ID) VALUES('192','278');

INSERT INTO ADDRESS (ADDITIONALINFO,STREET,CITYINFO_ID) VALUES('','Søndegade 99','481');
INSERT INTO INFOENTITY (DTYPE, EMAIL, ADDRESS_ID) VALUES('Person','Lærke@business.dk','193');
INSERT INTO PERSON (ID, FIRSTNAME, LASTNAME) VALUES('193','Lærke','Wiksøe');
INSERT INTO PERSON_HOBBY (PERSONS_ID, HOBBIES_ID) VALUES('193','10');
INSERT INTO PERSON_HOBBY (PERSONS_ID, HOBBIES_ID) VALUES('193','2');
INSERT INTO PERSON_HOBBY (PERSONS_ID, HOBBIES_ID) VALUES('193','20');
INSERT INTO PHONE (DESCRIPTION, NUMBER) VALUES('Hjem','67361802');
INSERT INTO INFOENTITY_PHONE (INFOENTITY_ID, PHONENUMBERS_ID) VALUES('193','279');
INSERT INTO PHONE (DESCRIPTION, NUMBER) VALUES('Hjem','15556256');
INSERT INTO INFOENTITY_PHONE (INFOENTITY_ID, PHONENUMBERS_ID) VALUES('193','280');

INSERT INTO ADDRESS (ADDITIONALINFO,STREET,CITYINFO_ID) VALUES('','Langgade 7','966');
INSERT INTO INFOENTITY (DTYPE, EMAIL, ADDRESS_ID) VALUES('Company','WestFirm@msn.dk','194');
INSERT INTO COMPANY (ID, CVR, DESCRIPTION, MARKETVALUE, NAME, NUMEMPLOYEES) VALUES('194','99015775','Investment','516483427','WestFirm','184');
INSERT INTO PHONE (DESCRIPTION, NUMBER) VALUES('Kontor','92599880');
INSERT INTO INFOENTITY_PHONE (INFOENTITY_ID, PHONENUMBERS_ID) VALUES('194','281');

INSERT INTO ADDRESS (ADDITIONALINFO,STREET,CITYINFO_ID) VALUES('','Skovbakken 70','1211');
INSERT INTO INFOENTITY (DTYPE, EMAIL, ADDRESS_ID) VALUES('Company','SoftData@home.com','195');
INSERT INTO COMPANY (ID, CVR, DESCRIPTION, MARKETVALUE, NAME, NUMEMPLOYEES) VALUES('195','68442145','Consulting','797500290','SoftData','120');
INSERT INTO PHONE (DESCRIPTION, NUMBER) VALUES('Kontor','39793667');
INSERT INTO INFOENTITY_PHONE (INFOENTITY_ID, PHONENUMBERS_ID) VALUES('195','282');

INSERT INTO ADDRESS (ADDITIONALINFO,STREET,CITYINFO_ID) VALUES('3. tv.','Bredgade 58','1074');
INSERT INTO INFOENTITY (DTYPE, EMAIL, ADDRESS_ID) VALUES('Person','Einar@home.com','196');
INSERT INTO PERSON (ID, FIRSTNAME, LASTNAME) VALUES('196','Einar','Olsen');
INSERT INTO PHONE (DESCRIPTION, NUMBER) VALUES('Mobil','55996110');
INSERT INTO INFOENTITY_PHONE (INFOENTITY_ID, PHONENUMBERS_ID) VALUES('196','283');
INSERT INTO PHONE (DESCRIPTION, NUMBER) VALUES('Mobil','78680980');
INSERT INTO INFOENTITY_PHONE (INFOENTITY_ID, PHONENUMBERS_ID) VALUES('196','284');

INSERT INTO ADDRESS (ADDITIONALINFO,STREET,CITYINFO_ID) VALUES('','Møllevej 4','216');
INSERT INTO INFOENTITY (DTYPE, EMAIL, ADDRESS_ID) VALUES('Company','SamCell@yahoo.com','197');
INSERT INTO COMPANY (ID, CVR, DESCRIPTION, MARKETVALUE, NAME, NUMEMPLOYEES) VALUES('197','86595897','Programming','630930032','SamCell','174');
INSERT INTO PHONE (DESCRIPTION, NUMBER) VALUES('Kontor','53376573');
INSERT INTO INFOENTITY_PHONE (INFOENTITY_ID, PHONENUMBERS_ID) VALUES('197','285');
INSERT INTO PHONE (DESCRIPTION, NUMBER) VALUES('Kontor','56959692');
INSERT INTO INFOENTITY_PHONE (INFOENTITY_ID, PHONENUMBERS_ID) VALUES('197','286');

INSERT INTO ADDRESS (ADDITIONALINFO,STREET,CITYINFO_ID) VALUES('1. tv.','Poppel Allé 82','98');
INSERT INTO INFOENTITY (DTYPE, EMAIL, ADDRESS_ID) VALUES('Company','NewBound@live.com','198');
INSERT INTO COMPANY (ID, CVR, DESCRIPTION, MARKETVALUE, NAME, NUMEMPLOYEES) VALUES('198','65990463','Construction','494344235','NewBound','103');
INSERT INTO PHONE (DESCRIPTION, NUMBER) VALUES('Reception','33228972');
INSERT INTO INFOENTITY_PHONE (INFOENTITY_ID, PHONENUMBERS_ID) VALUES('198','287');

INSERT INTO ADDRESS (ADDITIONALINFO,STREET,CITYINFO_ID) VALUES('','Ågade 86','309');
INSERT INTO INFOENTITY (DTYPE, EMAIL, ADDRESS_ID) VALUES('Person','Signe@business.dk','199');
INSERT INTO PERSON (ID, FIRSTNAME, LASTNAME) VALUES('199','Signe','Larsem');
INSERT INTO PERSON_HOBBY (PERSONS_ID, HOBBIES_ID) VALUES('199','7');
INSERT INTO PERSON_HOBBY (PERSONS_ID, HOBBIES_ID) VALUES('199','5');
INSERT INTO PHONE (DESCRIPTION, NUMBER) VALUES('Hjem','87453604');
INSERT INTO INFOENTITY_PHONE (INFOENTITY_ID, PHONENUMBERS_ID) VALUES('199','288');
INSERT INTO PHONE (DESCRIPTION, NUMBER) VALUES('Mobil','13223240');
INSERT INTO INFOENTITY_PHONE (INFOENTITY_ID, PHONENUMBERS_ID) VALUES('199','289');

INSERT INTO ADDRESS (ADDITIONALINFO,STREET,CITYINFO_ID) VALUES('','Stationsvej 3','1344');
INSERT INTO INFOENTITY (DTYPE, EMAIL, ADDRESS_ID) VALUES('Company','SnapBuilder@data.com','200');
INSERT INTO COMPANY (ID, CVR, DESCRIPTION, MARKETVALUE, NAME, NUMEMPLOYEES) VALUES('200','97227934','Hardware','197699301','SnapBuilder','150');
INSERT INTO PHONE (DESCRIPTION, NUMBER) VALUES('Reception','82563355');
INSERT INTO INFOENTITY_PHONE (INFOENTITY_ID, PHONENUMBERS_ID) VALUES('200','290');

