INSERT INTO HOBBY (NAME, DESCRIPTION ) VALUES ('Running', 'Running in the forest');
INSERT INTO HOBBY (NAME, DESCRIPTION ) VALUES ('Skiing', 'Skiing in the mountains');
INSERT INTO HOBBY (NAME, DESCRIPTION ) VALUES ('Diving', 'Scuba diving');
INSERT INTO HOBBY (NAME, DESCRIPTION ) VALUES ('Climbing', 'Free climbing');
INSERT INTO HOBBY (NAME, DESCRIPTION ) VALUES ('Cycling', 'Track racing on bike');
INSERT INTO HOBBY (NAME, DESCRIPTION ) VALUES ('Stamps', 'Collection stamps');
INSERT INTO HOBBY (NAME, DESCRIPTION ) VALUES ('Dart', 'Playing dart');
INSERT INTO HOBBY (NAME, DESCRIPTION ) VALUES ('Reading', 'Reading books');
INSERT INTO HOBBY (NAME, DESCRIPTION ) VALUES ('Gaming', 'Playing computer games');
INSERT INTO HOBBY (NAME, DESCRIPTION ) VALUES ('Swimming', 'Indoor swimming');
INSERT INTO HOBBY (NAME, DESCRIPTION ) VALUES ('Football', 'Playing football');
INSERT INTO HOBBY (NAME, DESCRIPTION ) VALUES ('Painting', 'Making oil paintings');
INSERT INTO HOBBY (NAME, DESCRIPTION ) VALUES ('Knitting', 'Knitting clothes');
INSERT INTO HOBBY (NAME, DESCRIPTION ) VALUES ('Gambling', 'Playing poker');
INSERT INTO HOBBY (NAME, DESCRIPTION ) VALUES ('Chess', 'Playing chess');
INSERT INTO HOBBY (NAME, DESCRIPTION ) VALUES ('Hiking', 'Hiking in the nature');
INSERT INTO HOBBY (NAME, DESCRIPTION ) VALUES ('Singing', 'Singing in a choir');
INSERT INTO HOBBY (NAME, DESCRIPTION ) VALUES ('Photographing', 'Taking pictures');
INSERT INTO HOBBY (NAME, DESCRIPTION ) VALUES ('Sailing', 'Sailing on a boat');
INSERT INTO HOBBY (NAME, DESCRIPTION ) VALUES ('Cooking', 'Making gourmet food');


INSERT INTO CITYINFO (ZIP, CITY) VALUES ('0555', 'Scanning');
INSERT INTO CITYINFO (ZIP, CITY) VALUES ('0800', 'Høje Taastrup');
INSERT INTO CITYINFO (ZIP, CITY) VALUES ('0877', 'København C');
INSERT INTO CITYINFO (ZIP, CITY) VALUES ('0892', 'Sjælland USF P');
INSERT INTO CITYINFO (ZIP, CITY) VALUES ('0893', 'Sjælland USF B');
INSERT INTO CITYINFO (ZIP, CITY) VALUES ('0894', 'Udbetaling');
INSERT INTO CITYINFO (ZIP, CITY) VALUES ('0897', 'eBrevsprækken');
INSERT INTO CITYINFO (ZIP, CITY) VALUES ('0899', 'Kommuneservice');
INSERT INTO CITYINFO (ZIP, CITY) VALUES ('0900', 'København C');
INSERT INTO CITYINFO (ZIP, CITY) VALUES ('0910', 'København C');
INSERT INTO CITYINFO (ZIP, CITY) VALUES ('0917', 'Københavns Pakkecenter');
INSERT INTO CITYINFO (ZIP, CITY) VALUES ('0918', 'Københavns Pakke BRC');
INSERT INTO CITYINFO (ZIP, CITY) VALUES ('0919', 'Returprint BRC');
INSERT INTO CITYINFO (ZIP, CITY) VALUES ('0929', 'København C');
INSERT INTO CITYINFO (ZIP, CITY) VALUES ('0960', 'Internationalt Postcenter');
INSERT INTO CITYINFO (ZIP, CITY) VALUES ('999', 'København C');
INSERT INTO CITYINFO (ZIP, CITY) VALUES ('1000', 'København K');
INSERT INTO CITYINFO (ZIP, CITY) VALUES ('1001', 'København K');
INSERT INTO CITYINFO (ZIP, CITY) VALUES ('1002', 'København K');
INSERT INTO CITYINFO (ZIP, CITY) VALUES ('1003', 'København K');
INSERT INTO CITYINFO (ZIP, CITY) VALUES ('1004', 'København K');
INSERT INTO CITYINFO (ZIP, CITY) VALUES ('1005', 'København K');
INSERT INTO CITYINFO (ZIP, CITY) VALUES ('1006', 'København K');
INSERT INTO CITYINFO (ZIP, CITY) VALUES ('1007', 'København K');
INSERT INTO CITYINFO (ZIP, CITY) VALUES ('1008', 'København K');
INSERT INTO CITYINFO (ZIP, CITY) VALUES ('1009', 'København K');
INSERT INTO CITYINFO (ZIP, CITY) VALUES ('1010', 'København K');
INSERT INTO CITYINFO (ZIP, CITY) VALUES ('1011', 'København K');
INSERT INTO CITYINFO (ZIP, CITY) VALUES ('1012', 'København K');
INSERT INTO CITYINFO (ZIP, CITY) VALUES ('1013', 'København K');
INSERT INTO CITYINFO (ZIP, CITY) VALUES ('1014', 'København K');
INSERT INTO CITYINFO (ZIP, CITY) VALUES ('1015', 'København K');
INSERT INTO CITYINFO (ZIP, CITY) VALUES ('1016', 'København K');
INSERT INTO CITYINFO (ZIP, CITY) VALUES ('1017', 'København K');
INSERT INTO CITYINFO (ZIP, CITY) VALUES ('1018', 'København K');
INSERT INTO CITYINFO (ZIP, CITY) VALUES ('1019', 'København K');
INSERT INTO CITYINFO (ZIP, CITY) VALUES ('1020', 'København K');
INSERT INTO CITYINFO (ZIP, CITY) VALUES ('1021', 'København K');
INSERT INTO CITYINFO (ZIP, CITY) VALUES ('1022', 'København K');
INSERT INTO CITYINFO (ZIP, CITY) VALUES ('1023', 'København K');
INSERT INTO CITYINFO (ZIP, CITY) VALUES ('1024', 'København K');
INSERT INTO CITYINFO (ZIP, CITY) VALUES ('1025', 'København K');
INSERT INTO CITYINFO (ZIP, CITY) VALUES ('1026', 'København K');
INSERT INTO CITYINFO (ZIP, CITY) VALUES ('1045', 'København K');
INSERT INTO CITYINFO (ZIP, CITY) VALUES ('1050', 'København K');
INSERT INTO CITYINFO (ZIP, CITY) VALUES ('1051', 'København K');
INSERT INTO CITYINFO (ZIP, CITY) VALUES ('1052', 'København K');
INSERT INTO CITYINFO (ZIP, CITY) VALUES ('1053', 'København K');
INSERT INTO CITYINFO (ZIP, CITY) VALUES ('1054', 'København K');
INSERT INTO CITYINFO (ZIP, CITY) VALUES ('1055', 'København K');
INSERT INTO CITYINFO (ZIP, CITY) VALUES ('1056', 'København K');
INSERT INTO CITYINFO (ZIP, CITY) VALUES ('1057', 'København K');
INSERT INTO CITYINFO (ZIP, CITY) VALUES ('1058', 'København K');
INSERT INTO CITYINFO (ZIP, CITY) VALUES ('1059', 'København K');
INSERT INTO CITYINFO (ZIP, CITY) VALUES ('1060', 'København K');
INSERT INTO CITYINFO (ZIP, CITY) VALUES ('1061', 'København K');
INSERT INTO CITYINFO (ZIP, CITY) VALUES ('1062', 'København K');
INSERT INTO CITYINFO (ZIP, CITY) VALUES ('1063', 'København K');
INSERT INTO CITYINFO (ZIP, CITY) VALUES ('1064', 'København K');
INSERT INTO CITYINFO (ZIP, CITY) VALUES ('1065', 'København K');
INSERT INTO CITYINFO (ZIP, CITY) VALUES ('1066', 'København K');
INSERT INTO CITYINFO (ZIP, CITY) VALUES ('1067', 'København K');
INSERT INTO CITYINFO (ZIP, CITY) VALUES ('1068', 'København K');
INSERT INTO CITYINFO (ZIP, CITY) VALUES ('1069', 'København K');
INSERT INTO CITYINFO (ZIP, CITY) VALUES ('1070', 'København K');
INSERT INTO CITYINFO (ZIP, CITY) VALUES ('1071', 'København K');
INSERT INTO CITYINFO (ZIP, CITY) VALUES ('1072', 'København K');
INSERT INTO CITYINFO (ZIP, CITY) VALUES ('1073', 'København K');
INSERT INTO CITYINFO (ZIP, CITY) VALUES ('1074', 'København K');
INSERT INTO CITYINFO (ZIP, CITY) VALUES ('1092', 'København K');
INSERT INTO CITYINFO (ZIP, CITY) VALUES ('1093', 'København K');
INSERT INTO CITYINFO (ZIP, CITY) VALUES ('1095', 'København K');
INSERT INTO CITYINFO (ZIP, CITY) VALUES ('1098', 'København K');
INSERT INTO CITYINFO (ZIP, CITY) VALUES ('1100', 'København K');
INSERT INTO CITYINFO (ZIP, CITY) VALUES ('1101', 'København K');
INSERT INTO CITYINFO (ZIP, CITY) VALUES ('1102', 'København K');
INSERT INTO CITYINFO (ZIP, CITY) VALUES ('1103', 'København K');
INSERT INTO CITYINFO (ZIP, CITY) VALUES ('1104', 'København K');
INSERT INTO CITYINFO (ZIP, CITY) VALUES ('1105', 'København K');
INSERT INTO CITYINFO (ZIP, CITY) VALUES ('1106', 'København K');
INSERT INTO CITYINFO (ZIP, CITY) VALUES ('1107', 'København K');
INSERT INTO CITYINFO (ZIP, CITY) VALUES ('1110', 'København K');
INSERT INTO CITYINFO (ZIP, CITY) VALUES ('1111', 'København K');
INSERT INTO CITYINFO (ZIP, CITY) VALUES ('1112', 'København K');
INSERT INTO CITYINFO (ZIP, CITY) VALUES ('1113', 'København K');
INSERT INTO CITYINFO (ZIP, CITY) VALUES ('1114', 'København K');
INSERT INTO CITYINFO (ZIP, CITY) VALUES ('1115', 'København K');
INSERT INTO CITYINFO (ZIP, CITY) VALUES ('1116', 'København K');
INSERT INTO CITYINFO (ZIP, CITY) VALUES ('1117', 'København K');
INSERT INTO CITYINFO (ZIP, CITY) VALUES ('1118', 'København K');
INSERT INTO CITYINFO (ZIP, CITY) VALUES ('1119', 'København K');
INSERT INTO CITYINFO (ZIP, CITY) VALUES ('1120', 'København K');
INSERT INTO CITYINFO (ZIP, CITY) VALUES ('1121', 'København K');
INSERT INTO CITYINFO (ZIP, CITY) VALUES ('1122', 'København K');
INSERT INTO CITYINFO (ZIP, CITY) VALUES ('1123', 'København K');
INSERT INTO CITYINFO (ZIP, CITY) VALUES ('1124', 'København K');
INSERT INTO CITYINFO (ZIP, CITY) VALUES ('1125', 'København K');
INSERT INTO CITYINFO (ZIP, CITY) VALUES ('1126', 'København K');
INSERT INTO CITYINFO (ZIP, CITY) VALUES ('1127', 'København K');
INSERT INTO CITYINFO (ZIP, CITY) VALUES ('1128', 'København K');
INSERT INTO CITYINFO (ZIP, CITY) VALUES ('1129', 'København K');
INSERT INTO CITYINFO (ZIP, CITY) VALUES ('1130', 'København K');
INSERT INTO CITYINFO (ZIP, CITY) VALUES ('1131', 'København K');
INSERT INTO CITYINFO (ZIP, CITY) VALUES ('1140', 'København K');
INSERT INTO CITYINFO (ZIP, CITY) VALUES ('1147', 'København K');
INSERT INTO CITYINFO (ZIP, CITY) VALUES ('1148', 'København K');
INSERT INTO CITYINFO (ZIP, CITY) VALUES ('1150', 'København K');
INSERT INTO CITYINFO (ZIP, CITY) VALUES ('1151', 'København K');
INSERT INTO CITYINFO (ZIP, CITY) VALUES ('1152', 'København K');
INSERT INTO CITYINFO (ZIP, CITY) VALUES ('1153', 'København K');
INSERT INTO CITYINFO (ZIP, CITY) VALUES ('1154', 'København K');
INSERT INTO CITYINFO (ZIP, CITY) VALUES ('1155', 'København K');
INSERT INTO CITYINFO (ZIP, CITY) VALUES ('1156', 'København K');
INSERT INTO CITYINFO (ZIP, CITY) VALUES ('1157', 'København K');
INSERT INTO CITYINFO (ZIP, CITY) VALUES ('1158', 'København K');
INSERT INTO CITYINFO (ZIP, CITY) VALUES ('1159', 'København K');
INSERT INTO CITYINFO (ZIP, CITY) VALUES ('1160', 'København K');
INSERT INTO CITYINFO (ZIP, CITY) VALUES ('1161', 'København K');
INSERT INTO CITYINFO (ZIP, CITY) VALUES ('1162', 'København K');
INSERT INTO CITYINFO (ZIP, CITY) VALUES ('1163', 'København K');
INSERT INTO CITYINFO (ZIP, CITY) VALUES ('1164', 'København K');
INSERT INTO CITYINFO (ZIP, CITY) VALUES ('1165', 'København K');
INSERT INTO CITYINFO (ZIP, CITY) VALUES ('1166', 'København K');
INSERT INTO CITYINFO (ZIP, CITY) VALUES ('1167', 'København K');
INSERT INTO CITYINFO (ZIP, CITY) VALUES ('1168', 'København K');
INSERT INTO CITYINFO (ZIP, CITY) VALUES ('1169', 'København K');
INSERT INTO CITYINFO (ZIP, CITY) VALUES ('1170', 'København K');
INSERT INTO CITYINFO (ZIP, CITY) VALUES ('1171', 'København K');
INSERT INTO CITYINFO (ZIP, CITY) VALUES ('1172', 'København K');
INSERT INTO CITYINFO (ZIP, CITY) VALUES ('1173', 'København K');
INSERT INTO CITYINFO (ZIP, CITY) VALUES ('1174', 'København K');
INSERT INTO CITYINFO (ZIP, CITY) VALUES ('1175', 'København K');
INSERT INTO CITYINFO (ZIP, CITY) VALUES ('1200', 'København K');
INSERT INTO CITYINFO (ZIP, CITY) VALUES ('1201', 'København K');
INSERT INTO CITYINFO (ZIP, CITY) VALUES ('1202', 'København K');
INSERT INTO CITYINFO (ZIP, CITY) VALUES ('1203', 'København K');
INSERT INTO CITYINFO (ZIP, CITY) VALUES ('1204', 'København K');
INSERT INTO CITYINFO (ZIP, CITY) VALUES ('1205', 'København K');
INSERT INTO CITYINFO (ZIP, CITY) VALUES ('1206', 'København K');
INSERT INTO CITYINFO (ZIP, CITY) VALUES ('1207', 'København K');
INSERT INTO CITYINFO (ZIP, CITY) VALUES ('1208', 'København K');
INSERT INTO CITYINFO (ZIP, CITY) VALUES ('1209', 'København K');
INSERT INTO CITYINFO (ZIP, CITY) VALUES ('1210', 'København K');
INSERT INTO CITYINFO (ZIP, CITY) VALUES ('1211', 'København K');
INSERT INTO CITYINFO (ZIP, CITY) VALUES ('1212', 'København K');
INSERT INTO CITYINFO (ZIP, CITY) VALUES ('1213', 'København K');
INSERT INTO CITYINFO (ZIP, CITY) VALUES ('1214', 'København K');
INSERT INTO CITYINFO (ZIP, CITY) VALUES ('1215', 'København K');
INSERT INTO CITYINFO (ZIP, CITY) VALUES ('1216', 'København K');
INSERT INTO CITYINFO (ZIP, CITY) VALUES ('1217', 'København K');
INSERT INTO CITYINFO (ZIP, CITY) VALUES ('1218', 'København K');
INSERT INTO CITYINFO (ZIP, CITY) VALUES ('1219', 'København K');
INSERT INTO CITYINFO (ZIP, CITY) VALUES ('1220', 'København K');
INSERT INTO CITYINFO (ZIP, CITY) VALUES ('1221', 'København K');
INSERT INTO CITYINFO (ZIP, CITY) VALUES ('1240', 'København K');
INSERT INTO CITYINFO (ZIP, CITY) VALUES ('1250', 'København K');
INSERT INTO CITYINFO (ZIP, CITY) VALUES ('1251', 'København K');
INSERT INTO CITYINFO (ZIP, CITY) VALUES ('1252', 'København K');
INSERT INTO CITYINFO (ZIP, CITY) VALUES ('1253', 'København K');
INSERT INTO CITYINFO (ZIP, CITY) VALUES ('1254', 'København K');
INSERT INTO CITYINFO (ZIP, CITY) VALUES ('1255', 'København K');
INSERT INTO CITYINFO (ZIP, CITY) VALUES ('1256', 'København K');
INSERT INTO CITYINFO (ZIP, CITY) VALUES ('1257', 'København K');
INSERT INTO CITYINFO (ZIP, CITY) VALUES ('1258', 'København K');
INSERT INTO CITYINFO (ZIP, CITY) VALUES ('1259', 'København K');
INSERT INTO CITYINFO (ZIP, CITY) VALUES ('1260', 'København K');
INSERT INTO CITYINFO (ZIP, CITY) VALUES ('1261', 'København K');
INSERT INTO CITYINFO (ZIP, CITY) VALUES ('1263', 'København K');
INSERT INTO CITYINFO (ZIP, CITY) VALUES ('1264', 'København K');
INSERT INTO CITYINFO (ZIP, CITY) VALUES ('1265', 'København K');
INSERT INTO CITYINFO (ZIP, CITY) VALUES ('1266', 'København K');
INSERT INTO CITYINFO (ZIP, CITY) VALUES ('1267', 'København K');
INSERT INTO CITYINFO (ZIP, CITY) VALUES ('1268', 'København K');
INSERT INTO CITYINFO (ZIP, CITY) VALUES ('1270', 'København K');
INSERT INTO CITYINFO (ZIP, CITY) VALUES ('1271', 'København K');
INSERT INTO CITYINFO (ZIP, CITY) VALUES ('1291', 'København K');
INSERT INTO CITYINFO (ZIP, CITY) VALUES ('1300', 'København K');
INSERT INTO CITYINFO (ZIP, CITY) VALUES ('1301', 'København K');
INSERT INTO CITYINFO (ZIP, CITY) VALUES ('1302', 'København K');
INSERT INTO CITYINFO (ZIP, CITY) VALUES ('1303', 'København K');
INSERT INTO CITYINFO (ZIP, CITY) VALUES ('1304', 'København K');
INSERT INTO CITYINFO (ZIP, CITY) VALUES ('1306', 'København K');
INSERT INTO CITYINFO (ZIP, CITY) VALUES ('1307', 'København K');
INSERT INTO CITYINFO (ZIP, CITY) VALUES ('1308', 'København K');
INSERT INTO CITYINFO (ZIP, CITY) VALUES ('1309', 'København K');
INSERT INTO CITYINFO (ZIP, CITY) VALUES ('1310', 'København K');
INSERT INTO CITYINFO (ZIP, CITY) VALUES ('1311', 'København K');
INSERT INTO CITYINFO (ZIP, CITY) VALUES ('1312', 'København K');
INSERT INTO CITYINFO (ZIP, CITY) VALUES ('1313', 'København K');
INSERT INTO CITYINFO (ZIP, CITY) VALUES ('1314', 'København K');
INSERT INTO CITYINFO (ZIP, CITY) VALUES ('1315', 'København K');
INSERT INTO CITYINFO (ZIP, CITY) VALUES ('1316', 'København K');
INSERT INTO CITYINFO (ZIP, CITY) VALUES ('1317', 'København K');
INSERT INTO CITYINFO (ZIP, CITY) VALUES ('1318', 'København K');
INSERT INTO CITYINFO (ZIP, CITY) VALUES ('1319', 'København K');
INSERT INTO CITYINFO (ZIP, CITY) VALUES ('1320', 'København K');
INSERT INTO CITYINFO (ZIP, CITY) VALUES ('1321', 'København K');
INSERT INTO CITYINFO (ZIP, CITY) VALUES ('1322', 'København K');
INSERT INTO CITYINFO (ZIP, CITY) VALUES ('1323', 'København K');
INSERT INTO CITYINFO (ZIP, CITY) VALUES ('1324', 'København K');
INSERT INTO CITYINFO (ZIP, CITY) VALUES ('1325', 'København K');
INSERT INTO CITYINFO (ZIP, CITY) VALUES ('1326', 'København K');
INSERT INTO CITYINFO (ZIP, CITY) VALUES ('1327', 'København K');
INSERT INTO CITYINFO (ZIP, CITY) VALUES ('1328', 'København K');
INSERT INTO CITYINFO (ZIP, CITY) VALUES ('1329', 'København K');
INSERT INTO CITYINFO (ZIP, CITY) VALUES ('1350', 'København K');
INSERT INTO CITYINFO (ZIP, CITY) VALUES ('1352', 'København K');
INSERT INTO CITYINFO (ZIP, CITY) VALUES ('1353', 'København K');
INSERT INTO CITYINFO (ZIP, CITY) VALUES ('1354', 'København K');
INSERT INTO CITYINFO (ZIP, CITY) VALUES ('1355', 'København K');
INSERT INTO CITYINFO (ZIP, CITY) VALUES ('1356', 'København K');
INSERT INTO CITYINFO (ZIP, CITY) VALUES ('1357', 'København K');
INSERT INTO CITYINFO (ZIP, CITY) VALUES ('1358', 'København K');
INSERT INTO CITYINFO (ZIP, CITY) VALUES ('1359', 'København K');
INSERT INTO CITYINFO (ZIP, CITY) VALUES ('1360', 'København K');
INSERT INTO CITYINFO (ZIP, CITY) VALUES ('1361', 'København K');
INSERT INTO CITYINFO (ZIP, CITY) VALUES ('1362', 'København K');
INSERT INTO CITYINFO (ZIP, CITY) VALUES ('1363', 'København K');
INSERT INTO CITYINFO (ZIP, CITY) VALUES ('1364', 'København K');
INSERT INTO CITYINFO (ZIP, CITY) VALUES ('1365', 'København K');
INSERT INTO CITYINFO (ZIP, CITY) VALUES ('1366', 'København K');
INSERT INTO CITYINFO (ZIP, CITY) VALUES ('1367', 'København K');
INSERT INTO CITYINFO (ZIP, CITY) VALUES ('1368', 'København K');
INSERT INTO CITYINFO (ZIP, CITY) VALUES ('1369', 'København K');
INSERT INTO CITYINFO (ZIP, CITY) VALUES ('1370', 'København K');
INSERT INTO CITYINFO (ZIP, CITY) VALUES ('1371', 'København K');
INSERT INTO CITYINFO (ZIP, CITY) VALUES ('1400', 'København K');
INSERT INTO CITYINFO (ZIP, CITY) VALUES ('1401', 'København K');
INSERT INTO CITYINFO (ZIP, CITY) VALUES ('1402', 'København K');
INSERT INTO CITYINFO (ZIP, CITY) VALUES ('1403', 'København K');
INSERT INTO CITYINFO (ZIP, CITY) VALUES ('1404', 'København K');
INSERT INTO CITYINFO (ZIP, CITY) VALUES ('1406', 'København K');
INSERT INTO CITYINFO (ZIP, CITY) VALUES ('1407', 'København K');
INSERT INTO CITYINFO (ZIP, CITY) VALUES ('1408', 'København K');
INSERT INTO CITYINFO (ZIP, CITY) VALUES ('1409', 'København K');
INSERT INTO CITYINFO (ZIP, CITY) VALUES ('1410', 'København K');
INSERT INTO CITYINFO (ZIP, CITY) VALUES ('1411', 'København K');
INSERT INTO CITYINFO (ZIP, CITY) VALUES ('1412', 'København K');
INSERT INTO CITYINFO (ZIP, CITY) VALUES ('1413', 'København K');
INSERT INTO CITYINFO (ZIP, CITY) VALUES ('1414', 'København K');
INSERT INTO CITYINFO (ZIP, CITY) VALUES ('1415', 'København K');
INSERT INTO CITYINFO (ZIP, CITY) VALUES ('1416', 'København K');
INSERT INTO CITYINFO (ZIP, CITY) VALUES ('1417', 'København K');
INSERT INTO CITYINFO (ZIP, CITY) VALUES ('1418', 'København K');
INSERT INTO CITYINFO (ZIP, CITY) VALUES ('1419', 'København K');
INSERT INTO CITYINFO (ZIP, CITY) VALUES ('1420', 'København K');
INSERT INTO CITYINFO (ZIP, CITY) VALUES ('1421', 'København K');
INSERT INTO CITYINFO (ZIP, CITY) VALUES ('1422', 'København K');
INSERT INTO CITYINFO (ZIP, CITY) VALUES ('1423', 'København K');
INSERT INTO CITYINFO (ZIP, CITY) VALUES ('1424', 'København K');
INSERT INTO CITYINFO (ZIP, CITY) VALUES ('1425', 'København K');
INSERT INTO CITYINFO (ZIP, CITY) VALUES ('1426', 'København K');
INSERT INTO CITYINFO (ZIP, CITY) VALUES ('1427', 'København K');
INSERT INTO CITYINFO (ZIP, CITY) VALUES ('1428', 'København K');
INSERT INTO CITYINFO (ZIP, CITY) VALUES ('1429', 'København K');
INSERT INTO CITYINFO (ZIP, CITY) VALUES ('1430', 'København K');
INSERT INTO CITYINFO (ZIP, CITY) VALUES ('1431', 'København K');
INSERT INTO CITYINFO (ZIP, CITY) VALUES ('1432', 'København K');
INSERT INTO CITYINFO (ZIP, CITY) VALUES ('1433', 'København K');
INSERT INTO CITYINFO (ZIP, CITY) VALUES ('1434', 'København K');
INSERT INTO CITYINFO (ZIP, CITY) VALUES ('1435', 'København K');
INSERT INTO CITYINFO (ZIP, CITY) VALUES ('1436', 'København K');
INSERT INTO CITYINFO (ZIP, CITY) VALUES ('1437', 'København K');
INSERT INTO CITYINFO (ZIP, CITY) VALUES ('1438', 'København K');
INSERT INTO CITYINFO (ZIP, CITY) VALUES ('1439', 'København K');
INSERT INTO CITYINFO (ZIP, CITY) VALUES ('1440', 'København K');
INSERT INTO CITYINFO (ZIP, CITY) VALUES ('1441', 'København K');
INSERT INTO CITYINFO (ZIP, CITY) VALUES ('1448', 'København K');
INSERT INTO CITYINFO (ZIP, CITY) VALUES ('1450', 'København K');
INSERT INTO CITYINFO (ZIP, CITY) VALUES ('1451', 'København K');
INSERT INTO CITYINFO (ZIP, CITY) VALUES ('1452', 'København K');
INSERT INTO CITYINFO (ZIP, CITY) VALUES ('1453', 'København K');
INSERT INTO CITYINFO (ZIP, CITY) VALUES ('1454', 'København K');
INSERT INTO CITYINFO (ZIP, CITY) VALUES ('1455', 'København K');
INSERT INTO CITYINFO (ZIP, CITY) VALUES ('1456', 'København K');
INSERT INTO CITYINFO (ZIP, CITY) VALUES ('1457', 'København K');
INSERT INTO CITYINFO (ZIP, CITY) VALUES ('1458', 'København K');
INSERT INTO CITYINFO (ZIP, CITY) VALUES ('1459', 'København K');
INSERT INTO CITYINFO (ZIP, CITY) VALUES ('1460', 'København K');
INSERT INTO CITYINFO (ZIP, CITY) VALUES ('1461', 'København K');
INSERT INTO CITYINFO (ZIP, CITY) VALUES ('1462', 'København K');
INSERT INTO CITYINFO (ZIP, CITY) VALUES ('1463', 'København K');
INSERT INTO CITYINFO (ZIP, CITY) VALUES ('1464', 'København K');
INSERT INTO CITYINFO (ZIP, CITY) VALUES ('1465', 'København K');
INSERT INTO CITYINFO (ZIP, CITY) VALUES ('1466', 'København K');
INSERT INTO CITYINFO (ZIP, CITY) VALUES ('1467', 'København K');
INSERT INTO CITYINFO (ZIP, CITY) VALUES ('1468', 'København K');
INSERT INTO CITYINFO (ZIP, CITY) VALUES ('1470', 'København K');
INSERT INTO CITYINFO (ZIP, CITY) VALUES ('1471', 'København K');
INSERT INTO CITYINFO (ZIP, CITY) VALUES ('1472', 'København K');
INSERT INTO CITYINFO (ZIP, CITY) VALUES ('1473', 'København K');
INSERT INTO CITYINFO (ZIP, CITY) VALUES ('1500', 'København V');
INSERT INTO CITYINFO (ZIP, CITY) VALUES ('1501', 'København V');
INSERT INTO CITYINFO (ZIP, CITY) VALUES ('1502', 'København V');
INSERT INTO CITYINFO (ZIP, CITY) VALUES ('1503', 'København V');
INSERT INTO CITYINFO (ZIP, CITY) VALUES ('1504', 'København V');
INSERT INTO CITYINFO (ZIP, CITY) VALUES ('1505', 'København V');
INSERT INTO CITYINFO (ZIP, CITY) VALUES ('1506', 'København V');
INSERT INTO CITYINFO (ZIP, CITY) VALUES ('1507', 'København V');
INSERT INTO CITYINFO (ZIP, CITY) VALUES ('1508', 'København V');
INSERT INTO CITYINFO (ZIP, CITY) VALUES ('1509', 'København V');
INSERT INTO CITYINFO (ZIP, CITY) VALUES ('1510', 'København V');
INSERT INTO CITYINFO (ZIP, CITY) VALUES ('1512', 'Returpost');
INSERT INTO CITYINFO (ZIP, CITY) VALUES ('1513', 'Centraltastning');
INSERT INTO CITYINFO (ZIP, CITY) VALUES ('1532', 'København V');
INSERT INTO CITYINFO (ZIP, CITY) VALUES ('1533', 'København V');
INSERT INTO CITYINFO (ZIP, CITY) VALUES ('1550', 'København V');
INSERT INTO CITYINFO (ZIP, CITY) VALUES ('1551', 'København V');
INSERT INTO CITYINFO (ZIP, CITY) VALUES ('1552', 'København V');
INSERT INTO CITYINFO (ZIP, CITY) VALUES ('1553', 'København V');
INSERT INTO CITYINFO (ZIP, CITY) VALUES ('1554', 'København V');
INSERT INTO CITYINFO (ZIP, CITY) VALUES ('1555', 'København V');
INSERT INTO CITYINFO (ZIP, CITY) VALUES ('1556', 'København V');
INSERT INTO CITYINFO (ZIP, CITY) VALUES ('1557', 'København V');
INSERT INTO CITYINFO (ZIP, CITY) VALUES ('1558', 'København V');
INSERT INTO CITYINFO (ZIP, CITY) VALUES ('1559', 'København V');
INSERT INTO CITYINFO (ZIP, CITY) VALUES ('1560', 'København V');
INSERT INTO CITYINFO (ZIP, CITY) VALUES ('1561', 'København V');
INSERT INTO CITYINFO (ZIP, CITY) VALUES ('1562', 'København V');
INSERT INTO CITYINFO (ZIP, CITY) VALUES ('1563', 'København V');
INSERT INTO CITYINFO (ZIP, CITY) VALUES ('1564', 'København V');
INSERT INTO CITYINFO (ZIP, CITY) VALUES ('1566', 'København V');
INSERT INTO CITYINFO (ZIP, CITY) VALUES ('1567', 'København V');
INSERT INTO CITYINFO (ZIP, CITY) VALUES ('1568', 'København V');
INSERT INTO CITYINFO (ZIP, CITY) VALUES ('1569', 'København V');
INSERT INTO CITYINFO (ZIP, CITY) VALUES ('1570', 'København V');
INSERT INTO CITYINFO (ZIP, CITY) VALUES ('1571', 'København V');
INSERT INTO CITYINFO (ZIP, CITY) VALUES ('1572', 'København V');
INSERT INTO CITYINFO (ZIP, CITY) VALUES ('1573', 'København V');
INSERT INTO CITYINFO (ZIP, CITY) VALUES ('1574', 'København V');
INSERT INTO CITYINFO (ZIP, CITY) VALUES ('1575', 'København V');
INSERT INTO CITYINFO (ZIP, CITY) VALUES ('1576', 'København V');
INSERT INTO CITYINFO (ZIP, CITY) VALUES ('1577', 'København V');
INSERT INTO CITYINFO (ZIP, CITY) VALUES ('1592', 'København V');
INSERT INTO CITYINFO (ZIP, CITY) VALUES ('1599', 'København V');
INSERT INTO CITYINFO (ZIP, CITY) VALUES ('1600', 'København V');
INSERT INTO CITYINFO (ZIP, CITY) VALUES ('1601', 'København V');
INSERT INTO CITYINFO (ZIP, CITY) VALUES ('1602', 'København V');
INSERT INTO CITYINFO (ZIP, CITY) VALUES ('1603', 'København V');
INSERT INTO CITYINFO (ZIP, CITY) VALUES ('1604', 'København V');
INSERT INTO CITYINFO (ZIP, CITY) VALUES ('1605', 'København V');
INSERT INTO CITYINFO (ZIP, CITY) VALUES ('1606', 'København V');
INSERT INTO CITYINFO (ZIP, CITY) VALUES ('1607', 'København V');
INSERT INTO CITYINFO (ZIP, CITY) VALUES ('1608', 'København V');
INSERT INTO CITYINFO (ZIP, CITY) VALUES ('1609', 'København V');
INSERT INTO CITYINFO (ZIP, CITY) VALUES ('1610', 'København V');
INSERT INTO CITYINFO (ZIP, CITY) VALUES ('1611', 'København V');
INSERT INTO CITYINFO (ZIP, CITY) VALUES ('1612', 'København V');
INSERT INTO CITYINFO (ZIP, CITY) VALUES ('1613', 'København V');
INSERT INTO CITYINFO (ZIP, CITY) VALUES ('1614', 'København V');
INSERT INTO CITYINFO (ZIP, CITY) VALUES ('1615', 'København V');
INSERT INTO CITYINFO (ZIP, CITY) VALUES ('1616', 'København V');
INSERT INTO CITYINFO (ZIP, CITY) VALUES ('1617', 'København V');
INSERT INTO CITYINFO (ZIP, CITY) VALUES ('1618', 'København V');
INSERT INTO CITYINFO (ZIP, CITY) VALUES ('1619', 'København V');
INSERT INTO CITYINFO (ZIP, CITY) VALUES ('1620', 'København V');
INSERT INTO CITYINFO (ZIP, CITY) VALUES ('1621', 'København V');
INSERT INTO CITYINFO (ZIP, CITY) VALUES ('1622', 'København V');
INSERT INTO CITYINFO (ZIP, CITY) VALUES ('1623', 'København V');
INSERT INTO CITYINFO (ZIP, CITY) VALUES ('1624', 'København V');
INSERT INTO CITYINFO (ZIP, CITY) VALUES ('1630', 'København V');
INSERT INTO CITYINFO (ZIP, CITY) VALUES ('1631', 'København V');
INSERT INTO CITYINFO (ZIP, CITY) VALUES ('1632', 'København V');
INSERT INTO CITYINFO (ZIP, CITY) VALUES ('1633', 'København V');
INSERT INTO CITYINFO (ZIP, CITY) VALUES ('1634', 'København V');
INSERT INTO CITYINFO (ZIP, CITY) VALUES ('1635', 'København V');
INSERT INTO CITYINFO (ZIP, CITY) VALUES ('1650', 'København V');
INSERT INTO CITYINFO (ZIP, CITY) VALUES ('1651', 'København V');
INSERT INTO CITYINFO (ZIP, CITY) VALUES ('1652', 'København V');
INSERT INTO CITYINFO (ZIP, CITY) VALUES ('1653', 'København V');
INSERT INTO CITYINFO (ZIP, CITY) VALUES ('1654', 'København V');
INSERT INTO CITYINFO (ZIP, CITY) VALUES ('1655', 'København V');
INSERT INTO CITYINFO (ZIP, CITY) VALUES ('1656', 'København V');
INSERT INTO CITYINFO (ZIP, CITY) VALUES ('1657', 'København V');
INSERT INTO CITYINFO (ZIP, CITY) VALUES ('1658', 'København V');
INSERT INTO CITYINFO (ZIP, CITY) VALUES ('1659', 'København V');
INSERT INTO CITYINFO (ZIP, CITY) VALUES ('1660', 'København V');
INSERT INTO CITYINFO (ZIP, CITY) VALUES ('1661', 'København V');
INSERT INTO CITYINFO (ZIP, CITY) VALUES ('1662', 'København V');
INSERT INTO CITYINFO (ZIP, CITY) VALUES ('1663', 'København V');
INSERT INTO CITYINFO (ZIP, CITY) VALUES ('1664', 'København V');
INSERT INTO CITYINFO (ZIP, CITY) VALUES ('1665', 'København V');
INSERT INTO CITYINFO (ZIP, CITY) VALUES ('1666', 'København V');
INSERT INTO CITYINFO (ZIP, CITY) VALUES ('1667', 'København V');
INSERT INTO CITYINFO (ZIP, CITY) VALUES ('1668', 'København V');
INSERT INTO CITYINFO (ZIP, CITY) VALUES ('1669', 'København V');
INSERT INTO CITYINFO (ZIP, CITY) VALUES ('1670', 'København V');
INSERT INTO CITYINFO (ZIP, CITY) VALUES ('1671', 'København V');
INSERT INTO CITYINFO (ZIP, CITY) VALUES ('1672', 'København V');
INSERT INTO CITYINFO (ZIP, CITY) VALUES ('1673', 'København V');
INSERT INTO CITYINFO (ZIP, CITY) VALUES ('1674', 'København V');
INSERT INTO CITYINFO (ZIP, CITY) VALUES ('1675', 'København V');
INSERT INTO CITYINFO (ZIP, CITY) VALUES ('1676', 'København V');
INSERT INTO CITYINFO (ZIP, CITY) VALUES ('1677', 'København V');
INSERT INTO CITYINFO (ZIP, CITY) VALUES ('1699', 'København V');
INSERT INTO CITYINFO (ZIP, CITY) VALUES ('1700', 'København V');
INSERT INTO CITYINFO (ZIP, CITY) VALUES ('1701', 'København V');
INSERT INTO CITYINFO (ZIP, CITY) VALUES ('1702', 'København V');
INSERT INTO CITYINFO (ZIP, CITY) VALUES ('1703', 'København V');
INSERT INTO CITYINFO (ZIP, CITY) VALUES ('1704', 'København V');
INSERT INTO CITYINFO (ZIP, CITY) VALUES ('1705', 'København V');
INSERT INTO CITYINFO (ZIP, CITY) VALUES ('1706', 'København V');
INSERT INTO CITYINFO (ZIP, CITY) VALUES ('1707', 'København V');
INSERT INTO CITYINFO (ZIP, CITY) VALUES ('1708', 'København V');
INSERT INTO CITYINFO (ZIP, CITY) VALUES ('1709', 'København V');
INSERT INTO CITYINFO (ZIP, CITY) VALUES ('1710', 'København V');
INSERT INTO CITYINFO (ZIP, CITY) VALUES ('1711', 'København V');
INSERT INTO CITYINFO (ZIP, CITY) VALUES ('1712', 'København V');
INSERT INTO CITYINFO (ZIP, CITY) VALUES ('1713', 'København V');
INSERT INTO CITYINFO (ZIP, CITY) VALUES ('1714', 'København V');
INSERT INTO CITYINFO (ZIP, CITY) VALUES ('1715', 'København V');
INSERT INTO CITYINFO (ZIP, CITY) VALUES ('1716', 'København V');
INSERT INTO CITYINFO (ZIP, CITY) VALUES ('1717', 'København V');
INSERT INTO CITYINFO (ZIP, CITY) VALUES ('1718', 'København V');
INSERT INTO CITYINFO (ZIP, CITY) VALUES ('1719', 'København V');
INSERT INTO CITYINFO (ZIP, CITY) VALUES ('1720', 'København V');
INSERT INTO CITYINFO (ZIP, CITY) VALUES ('1721', 'København V');
INSERT INTO CITYINFO (ZIP, CITY) VALUES ('1722', 'København V');
INSERT INTO CITYINFO (ZIP, CITY) VALUES ('1723', 'København V');
INSERT INTO CITYINFO (ZIP, CITY) VALUES ('1724', 'København V');
INSERT INTO CITYINFO (ZIP, CITY) VALUES ('1725', 'København V');
INSERT INTO CITYINFO (ZIP, CITY) VALUES ('1726', 'København V');
INSERT INTO CITYINFO (ZIP, CITY) VALUES ('1727', 'København V');
INSERT INTO CITYINFO (ZIP, CITY) VALUES ('1728', 'København V');
INSERT INTO CITYINFO (ZIP, CITY) VALUES ('1729', 'København V');
INSERT INTO CITYINFO (ZIP, CITY) VALUES ('1730', 'København V');
INSERT INTO CITYINFO (ZIP, CITY) VALUES ('1731', 'København V');
INSERT INTO CITYINFO (ZIP, CITY) VALUES ('1732', 'København V');
INSERT INTO CITYINFO (ZIP, CITY) VALUES ('1733', 'København V');
INSERT INTO CITYINFO (ZIP, CITY) VALUES ('1734', 'København V');
INSERT INTO CITYINFO (ZIP, CITY) VALUES ('1735', 'København V');
INSERT INTO CITYINFO (ZIP, CITY) VALUES ('1736', 'København V');
INSERT INTO CITYINFO (ZIP, CITY) VALUES ('1737', 'København V');
INSERT INTO CITYINFO (ZIP, CITY) VALUES ('1738', 'København V');
INSERT INTO CITYINFO (ZIP, CITY) VALUES ('1739', 'København V');
INSERT INTO CITYINFO (ZIP, CITY) VALUES ('1749', 'København V');
INSERT INTO CITYINFO (ZIP, CITY) VALUES ('1750', 'København V');
INSERT INTO CITYINFO (ZIP, CITY) VALUES ('1751', 'København V');
INSERT INTO CITYINFO (ZIP, CITY) VALUES ('1752', 'København V');
INSERT INTO CITYINFO (ZIP, CITY) VALUES ('1753', 'København V');
INSERT INTO CITYINFO (ZIP, CITY) VALUES ('1754', 'København V');
INSERT INTO CITYINFO (ZIP, CITY) VALUES ('1755', 'København V');
INSERT INTO CITYINFO (ZIP, CITY) VALUES ('1756', 'København V');
INSERT INTO CITYINFO (ZIP, CITY) VALUES ('1757', 'København V');
INSERT INTO CITYINFO (ZIP, CITY) VALUES ('1758', 'København V');
INSERT INTO CITYINFO (ZIP, CITY) VALUES ('1759', 'København V');
INSERT INTO CITYINFO (ZIP, CITY) VALUES ('1760', 'København V');
INSERT INTO CITYINFO (ZIP, CITY) VALUES ('1761', 'København V');
INSERT INTO CITYINFO (ZIP, CITY) VALUES ('1762', 'København V');
INSERT INTO CITYINFO (ZIP, CITY) VALUES ('1763', 'København V');
INSERT INTO CITYINFO (ZIP, CITY) VALUES ('1764', 'København V');
INSERT INTO CITYINFO (ZIP, CITY) VALUES ('1765', 'København V');
INSERT INTO CITYINFO (ZIP, CITY) VALUES ('1766', 'København V');
INSERT INTO CITYINFO (ZIP, CITY) VALUES ('1770', 'København V');
INSERT INTO CITYINFO (ZIP, CITY) VALUES ('1771', 'København V');
INSERT INTO CITYINFO (ZIP, CITY) VALUES ('1772', 'København V');
INSERT INTO CITYINFO (ZIP, CITY) VALUES ('1773', 'København V');
INSERT INTO CITYINFO (ZIP, CITY) VALUES ('1774', 'København V');
INSERT INTO CITYINFO (ZIP, CITY) VALUES ('1775', 'København V');
INSERT INTO CITYINFO (ZIP, CITY) VALUES ('1777', 'København V');
INSERT INTO CITYINFO (ZIP, CITY) VALUES ('1780', 'København V');
INSERT INTO CITYINFO (ZIP, CITY) VALUES ('1782', 'København V');
INSERT INTO CITYINFO (ZIP, CITY) VALUES ('1785', 'København V');
INSERT INTO CITYINFO (ZIP, CITY) VALUES ('1786', 'København V');
INSERT INTO CITYINFO (ZIP, CITY) VALUES ('1787', 'København V');
INSERT INTO CITYINFO (ZIP, CITY) VALUES ('1790', 'København V');
INSERT INTO CITYINFO (ZIP, CITY) VALUES ('1799', 'København V');
INSERT INTO CITYINFO (ZIP, CITY) VALUES ('1800', 'Frederiksberg C');
INSERT INTO CITYINFO (ZIP, CITY) VALUES ('1801', 'Frederiksberg C');
INSERT INTO CITYINFO (ZIP, CITY) VALUES ('1802', 'Frederiksberg C');
INSERT INTO CITYINFO (ZIP, CITY) VALUES ('1803', 'Frederiksberg C');
INSERT INTO CITYINFO (ZIP, CITY) VALUES ('1804', 'Frederiksberg C');
INSERT INTO CITYINFO (ZIP, CITY) VALUES ('1805', 'Frederiksberg C');
INSERT INTO CITYINFO (ZIP, CITY) VALUES ('1806', 'Frederiksberg C');
INSERT INTO CITYINFO (ZIP, CITY) VALUES ('1807', 'Frederiksberg C');
INSERT INTO CITYINFO (ZIP, CITY) VALUES ('1808', 'Frederiksberg C');
INSERT INTO CITYINFO (ZIP, CITY) VALUES ('1809', 'Frederiksberg C');
INSERT INTO CITYINFO (ZIP, CITY) VALUES ('1810', 'Frederiksberg C');
INSERT INTO CITYINFO (ZIP, CITY) VALUES ('1811', 'Frederiksberg C');
INSERT INTO CITYINFO (ZIP, CITY) VALUES ('1812', 'Frederiksberg C');
INSERT INTO CITYINFO (ZIP, CITY) VALUES ('1813', 'Frederiksberg C');
INSERT INTO CITYINFO (ZIP, CITY) VALUES ('1814', 'Frederiksberg C');
INSERT INTO CITYINFO (ZIP, CITY) VALUES ('1815', 'Frederiksberg C');
INSERT INTO CITYINFO (ZIP, CITY) VALUES ('1816', 'Frederiksberg C');
INSERT INTO CITYINFO (ZIP, CITY) VALUES ('1817', 'Frederiksberg C');
INSERT INTO CITYINFO (ZIP, CITY) VALUES ('1818', 'Frederiksberg C');
INSERT INTO CITYINFO (ZIP, CITY) VALUES ('1819', 'Frederiksberg C');
INSERT INTO CITYINFO (ZIP, CITY) VALUES ('1820', 'Frederiksberg C');
INSERT INTO CITYINFO (ZIP, CITY) VALUES ('1822', 'Frederiksberg C');
INSERT INTO CITYINFO (ZIP, CITY) VALUES ('1823', 'Frederiksberg C');
INSERT INTO CITYINFO (ZIP, CITY) VALUES ('1824', 'Frederiksberg C');
INSERT INTO CITYINFO (ZIP, CITY) VALUES ('1825', 'Frederiksberg C');
INSERT INTO CITYINFO (ZIP, CITY) VALUES ('1826', 'Frederiksberg C');
INSERT INTO CITYINFO (ZIP, CITY) VALUES ('1827', 'Frederiksberg C');
INSERT INTO CITYINFO (ZIP, CITY) VALUES ('1828', 'Frederiksberg C');
INSERT INTO CITYINFO (ZIP, CITY) VALUES ('1829', 'Frederiksberg C');
INSERT INTO CITYINFO (ZIP, CITY) VALUES ('1835', 'Frederiksberg C');
INSERT INTO CITYINFO (ZIP, CITY) VALUES ('1850', 'Frederiksberg C');
INSERT INTO CITYINFO (ZIP, CITY) VALUES ('1851', 'Frederiksberg C');
INSERT INTO CITYINFO (ZIP, CITY) VALUES ('1852', 'Frederiksberg C');
INSERT INTO CITYINFO (ZIP, CITY) VALUES ('1853', 'Frederiksberg C');
INSERT INTO CITYINFO (ZIP, CITY) VALUES ('1854', 'Frederiksberg C');
INSERT INTO CITYINFO (ZIP, CITY) VALUES ('1855', 'Frederiksberg C');
INSERT INTO CITYINFO (ZIP, CITY) VALUES ('1856', 'Frederiksberg C');
INSERT INTO CITYINFO (ZIP, CITY) VALUES ('1857', 'Frederiksberg C');
INSERT INTO CITYINFO (ZIP, CITY) VALUES ('1860', 'Frederiksberg C');
INSERT INTO CITYINFO (ZIP, CITY) VALUES ('1861', 'Frederiksberg C');
INSERT INTO CITYINFO (ZIP, CITY) VALUES ('1862', 'Frederiksberg C');
INSERT INTO CITYINFO (ZIP, CITY) VALUES ('1863', 'Frederiksberg C');
INSERT INTO CITYINFO (ZIP, CITY) VALUES ('1864', 'Frederiksberg C');
INSERT INTO CITYINFO (ZIP, CITY) VALUES ('1865', 'Frederiksberg C');
INSERT INTO CITYINFO (ZIP, CITY) VALUES ('1866', 'Frederiksberg C');
INSERT INTO CITYINFO (ZIP, CITY) VALUES ('1867', 'Frederiksberg C');
INSERT INTO CITYINFO (ZIP, CITY) VALUES ('1868', 'Frederiksberg C');
INSERT INTO CITYINFO (ZIP, CITY) VALUES ('1870', 'Frederiksberg C');
INSERT INTO CITYINFO (ZIP, CITY) VALUES ('1871', 'Frederiksberg C');
INSERT INTO CITYINFO (ZIP, CITY) VALUES ('1872', 'Frederiksberg C');
INSERT INTO CITYINFO (ZIP, CITY) VALUES ('1873', 'Frederiksberg C');
INSERT INTO CITYINFO (ZIP, CITY) VALUES ('1874', 'Frederiksberg C');
INSERT INTO CITYINFO (ZIP, CITY) VALUES ('1875', 'Frederiksberg C');
INSERT INTO CITYINFO (ZIP, CITY) VALUES ('1876', 'Frederiksberg C');
INSERT INTO CITYINFO (ZIP, CITY) VALUES ('1877', 'Frederiksberg C');
INSERT INTO CITYINFO (ZIP, CITY) VALUES ('1878', 'Frederiksberg C');
INSERT INTO CITYINFO (ZIP, CITY) VALUES ('1879', 'Frederiksberg C');
INSERT INTO CITYINFO (ZIP, CITY) VALUES ('1900', 'Frederiksberg C');
INSERT INTO CITYINFO (ZIP, CITY) VALUES ('1901', 'Frederiksberg C');
INSERT INTO CITYINFO (ZIP, CITY) VALUES ('1902', 'Frederiksberg C');
INSERT INTO CITYINFO (ZIP, CITY) VALUES ('1903', 'Frederiksberg C');
INSERT INTO CITYINFO (ZIP, CITY) VALUES ('1904', 'Frederiksberg C');
INSERT INTO CITYINFO (ZIP, CITY) VALUES ('1905', 'Frederiksberg C');
INSERT INTO CITYINFO (ZIP, CITY) VALUES ('1906', 'Frederiksberg C');
INSERT INTO CITYINFO (ZIP, CITY) VALUES ('1908', 'Frederiksberg C');
INSERT INTO CITYINFO (ZIP, CITY) VALUES ('1909', 'Frederiksberg C');
INSERT INTO CITYINFO (ZIP, CITY) VALUES ('1910', 'Frederiksberg C');
INSERT INTO CITYINFO (ZIP, CITY) VALUES ('1911', 'Frederiksberg C');
INSERT INTO CITYINFO (ZIP, CITY) VALUES ('1912', 'Frederiksberg C');
INSERT INTO CITYINFO (ZIP, CITY) VALUES ('1913', 'Frederiksberg C');
INSERT INTO CITYINFO (ZIP, CITY) VALUES ('1914', 'Frederiksberg C');
INSERT INTO CITYINFO (ZIP, CITY) VALUES ('1915', 'Frederiksberg C');
INSERT INTO CITYINFO (ZIP, CITY) VALUES ('1916', 'Frederiksberg C');
INSERT INTO CITYINFO (ZIP, CITY) VALUES ('1917', 'Frederiksberg C');
INSERT INTO CITYINFO (ZIP, CITY) VALUES ('1920', 'Frederiksberg C');
INSERT INTO CITYINFO (ZIP, CITY) VALUES ('1921', 'Frederiksberg C');
INSERT INTO CITYINFO (ZIP, CITY) VALUES ('1922', 'Frederiksberg C');
INSERT INTO CITYINFO (ZIP, CITY) VALUES ('1923', 'Frederiksberg C');
INSERT INTO CITYINFO (ZIP, CITY) VALUES ('1924', 'Frederiksberg C');
INSERT INTO CITYINFO (ZIP, CITY) VALUES ('1925', 'Frederiksberg C');
INSERT INTO CITYINFO (ZIP, CITY) VALUES ('1926', 'Frederiksberg C');
INSERT INTO CITYINFO (ZIP, CITY) VALUES ('1927', 'Frederiksberg C');
INSERT INTO CITYINFO (ZIP, CITY) VALUES ('1928', 'Frederiksberg C');
INSERT INTO CITYINFO (ZIP, CITY) VALUES ('1931', 'Frederiksberg C');
INSERT INTO CITYINFO (ZIP, CITY) VALUES ('1950', 'Frederiksberg C');
INSERT INTO CITYINFO (ZIP, CITY) VALUES ('1951', 'Frederiksberg C');
INSERT INTO CITYINFO (ZIP, CITY) VALUES ('1952', 'Frederiksberg C');
INSERT INTO CITYINFO (ZIP, CITY) VALUES ('1953', 'Frederiksberg C');
INSERT INTO CITYINFO (ZIP, CITY) VALUES ('1954', 'Frederiksberg C');
INSERT INTO CITYINFO (ZIP, CITY) VALUES ('1955', 'Frederiksberg C');
INSERT INTO CITYINFO (ZIP, CITY) VALUES ('1956', 'Frederiksberg C');
INSERT INTO CITYINFO (ZIP, CITY) VALUES ('1957', 'Frederiksberg C');
INSERT INTO CITYINFO (ZIP, CITY) VALUES ('1958', 'Frederiksberg C');
INSERT INTO CITYINFO (ZIP, CITY) VALUES ('1959', 'Frederiksberg C');
INSERT INTO CITYINFO (ZIP, CITY) VALUES ('1960', 'Frederiksberg C');
INSERT INTO CITYINFO (ZIP, CITY) VALUES ('1961', 'Frederiksberg C');
INSERT INTO CITYINFO (ZIP, CITY) VALUES ('1962', 'Frederiksberg C');
INSERT INTO CITYINFO (ZIP, CITY) VALUES ('1963', 'Frederiksberg C');
INSERT INTO CITYINFO (ZIP, CITY) VALUES ('1964', 'Frederiksberg C');
INSERT INTO CITYINFO (ZIP, CITY) VALUES ('1965', 'Frederiksberg C');
INSERT INTO CITYINFO (ZIP, CITY) VALUES ('1966', 'Frederiksberg C');
INSERT INTO CITYINFO (ZIP, CITY) VALUES ('1967', 'Frederiksberg C');
INSERT INTO CITYINFO (ZIP, CITY) VALUES ('1970', 'Frederiksberg C');
INSERT INTO CITYINFO (ZIP, CITY) VALUES ('1971', 'Frederiksberg C');
INSERT INTO CITYINFO (ZIP, CITY) VALUES ('1972', 'Frederiksberg C');
INSERT INTO CITYINFO (ZIP, CITY) VALUES ('1973', 'Frederiksberg C');
INSERT INTO CITYINFO (ZIP, CITY) VALUES ('1974', 'Frederiksberg C');
INSERT INTO CITYINFO (ZIP, CITY) VALUES ('2000', 'Frederiksberg');
INSERT INTO CITYINFO (ZIP, CITY) VALUES ('2100', 'København Ø');
INSERT INTO CITYINFO (ZIP, CITY) VALUES ('2150', 'Nordhavn');
INSERT INTO CITYINFO (ZIP, CITY) VALUES ('2200', 'København N');
INSERT INTO CITYINFO (ZIP, CITY) VALUES ('2300', 'København S');
INSERT INTO CITYINFO (ZIP, CITY) VALUES ('2400', 'København NV');
INSERT INTO CITYINFO (ZIP, CITY) VALUES ('2450', 'København SV');
INSERT INTO CITYINFO (ZIP, CITY) VALUES ('2500', 'Valby');
INSERT INTO CITYINFO (ZIP, CITY) VALUES ('2600', 'Glostrup');
INSERT INTO CITYINFO (ZIP, CITY) VALUES ('2605', 'Brøndby');
INSERT INTO CITYINFO (ZIP, CITY) VALUES ('2610', 'Rødovre');
INSERT INTO CITYINFO (ZIP, CITY) VALUES ('2620', 'Albertslund');
INSERT INTO CITYINFO (ZIP, CITY) VALUES ('2625', 'Vallensbæk');
INSERT INTO CITYINFO (ZIP, CITY) VALUES ('2630', 'Taastrup');
INSERT INTO CITYINFO (ZIP, CITY) VALUES ('2635', 'Ishøj');
INSERT INTO CITYINFO (ZIP, CITY) VALUES ('2640', 'Hedehusene');
INSERT INTO CITYINFO (ZIP, CITY) VALUES ('2650', 'Hvidovre');
INSERT INTO CITYINFO (ZIP, CITY) VALUES ('2660', 'Brøndby Strand');
INSERT INTO CITYINFO (ZIP, CITY) VALUES ('2665', 'Vallensbæk Strand');
INSERT INTO CITYINFO (ZIP, CITY) VALUES ('2670', 'Greve');
INSERT INTO CITYINFO (ZIP, CITY) VALUES ('2680', 'Solrød Strand');
INSERT INTO CITYINFO (ZIP, CITY) VALUES ('2690', 'Karlslunde');
INSERT INTO CITYINFO (ZIP, CITY) VALUES ('2700', 'Brønshøj');
INSERT INTO CITYINFO (ZIP, CITY) VALUES ('2720', 'Vanløse');
INSERT INTO CITYINFO (ZIP, CITY) VALUES ('2730', 'Herlev');
INSERT INTO CITYINFO (ZIP, CITY) VALUES ('2740', 'Skovlunde');
INSERT INTO CITYINFO (ZIP, CITY) VALUES ('2750', 'Ballerup');
INSERT INTO CITYINFO (ZIP, CITY) VALUES ('2760', 'Måløv');
INSERT INTO CITYINFO (ZIP, CITY) VALUES ('2765', 'Smørum');
INSERT INTO CITYINFO (ZIP, CITY) VALUES ('2770', 'Kastrup');
INSERT INTO CITYINFO (ZIP, CITY) VALUES ('2791', 'Dragør');
INSERT INTO CITYINFO (ZIP, CITY) VALUES ('2800', 'Kongens Lyngby');
INSERT INTO CITYINFO (ZIP, CITY) VALUES ('2820', 'Gentofte');
INSERT INTO CITYINFO (ZIP, CITY) VALUES ('2830', 'Virum');
INSERT INTO CITYINFO (ZIP, CITY) VALUES ('2840', 'Holte');
INSERT INTO CITYINFO (ZIP, CITY) VALUES ('2850', 'Nærum');
INSERT INTO CITYINFO (ZIP, CITY) VALUES ('2860', 'Søborg');
INSERT INTO CITYINFO (ZIP, CITY) VALUES ('2870', 'Dyssegård');
INSERT INTO CITYINFO (ZIP, CITY) VALUES ('2880', 'Bagsværd');
INSERT INTO CITYINFO (ZIP, CITY) VALUES ('2900', 'Hellerup');
INSERT INTO CITYINFO (ZIP, CITY) VALUES ('2920', 'Charlottenlund');
INSERT INTO CITYINFO (ZIP, CITY) VALUES ('2930', 'Klampenborg');
INSERT INTO CITYINFO (ZIP, CITY) VALUES ('2942', 'Skodsborg');
INSERT INTO CITYINFO (ZIP, CITY) VALUES ('2950', 'Vedbæk');
INSERT INTO CITYINFO (ZIP, CITY) VALUES ('2960', 'Rungsted Kyst');
INSERT INTO CITYINFO (ZIP, CITY) VALUES ('2970', 'Hørsholm');
INSERT INTO CITYINFO (ZIP, CITY) VALUES ('2980', 'Kokkedal');
INSERT INTO CITYINFO (ZIP, CITY) VALUES ('2990', 'Nivå');
INSERT INTO CITYINFO (ZIP, CITY) VALUES ('3000', 'Helsingør');
INSERT INTO CITYINFO (ZIP, CITY) VALUES ('3050', 'Humlebæk');
INSERT INTO CITYINFO (ZIP, CITY) VALUES ('3060', 'Espergærde');
INSERT INTO CITYINFO (ZIP, CITY) VALUES ('3070', 'Snekkersten');
INSERT INTO CITYINFO (ZIP, CITY) VALUES ('3080', 'Tikøb');
INSERT INTO CITYINFO (ZIP, CITY) VALUES ('3100', 'Hornbæk');
INSERT INTO CITYINFO (ZIP, CITY) VALUES ('3120', 'Dronningmølle');
INSERT INTO CITYINFO (ZIP, CITY) VALUES ('3140', 'Ålsgårde');
INSERT INTO CITYINFO (ZIP, CITY) VALUES ('3150', 'Hellebæk');
INSERT INTO CITYINFO (ZIP, CITY) VALUES ('3200', 'Helsinge');
INSERT INTO CITYINFO (ZIP, CITY) VALUES ('3210', 'Vejby');
INSERT INTO CITYINFO (ZIP, CITY) VALUES ('3220', 'Tisvildeleje');
INSERT INTO CITYINFO (ZIP, CITY) VALUES ('3230', 'Græsted');
INSERT INTO CITYINFO (ZIP, CITY) VALUES ('3250', 'Gilleleje');
INSERT INTO CITYINFO (ZIP, CITY) VALUES ('3300', 'Frederiksværk');
INSERT INTO CITYINFO (ZIP, CITY) VALUES ('3310', 'Ølsted');
INSERT INTO CITYINFO (ZIP, CITY) VALUES ('3320', 'Skævinge');
INSERT INTO CITYINFO (ZIP, CITY) VALUES ('3330', 'Gørløse');
INSERT INTO CITYINFO (ZIP, CITY) VALUES ('3360', 'Liseleje');
INSERT INTO CITYINFO (ZIP, CITY) VALUES ('3370', 'Melby');
INSERT INTO CITYINFO (ZIP, CITY) VALUES ('3390', 'Hundested');
INSERT INTO CITYINFO (ZIP, CITY) VALUES ('3400', 'Hillerød');
INSERT INTO CITYINFO (ZIP, CITY) VALUES ('3450', 'Allerød');
INSERT INTO CITYINFO (ZIP, CITY) VALUES ('3460', 'Birkerød');
INSERT INTO CITYINFO (ZIP, CITY) VALUES ('3480', 'Fredensborg');
INSERT INTO CITYINFO (ZIP, CITY) VALUES ('3490', 'Kvistgård');
INSERT INTO CITYINFO (ZIP, CITY) VALUES ('3500', 'Værløse');
INSERT INTO CITYINFO (ZIP, CITY) VALUES ('3520', 'Farum');
INSERT INTO CITYINFO (ZIP, CITY) VALUES ('3540', 'Lynge');
INSERT INTO CITYINFO (ZIP, CITY) VALUES ('3550', 'Slangerup');
INSERT INTO CITYINFO (ZIP, CITY) VALUES ('3600', 'Frederikssund');
INSERT INTO CITYINFO (ZIP, CITY) VALUES ('3630', 'Jægerspris');
INSERT INTO CITYINFO (ZIP, CITY) VALUES ('3650', 'Ølstykke');
INSERT INTO CITYINFO (ZIP, CITY) VALUES ('3660', 'Stenløse');
INSERT INTO CITYINFO (ZIP, CITY) VALUES ('3670', 'Veksø Sjælland');
INSERT INTO CITYINFO (ZIP, CITY) VALUES ('3700', 'Rønne');
INSERT INTO CITYINFO (ZIP, CITY) VALUES ('3720', 'Aakirkeby');
INSERT INTO CITYINFO (ZIP, CITY) VALUES ('3730', 'Nexø');
INSERT INTO CITYINFO (ZIP, CITY) VALUES ('3740', 'Svaneke');
INSERT INTO CITYINFO (ZIP, CITY) VALUES ('3751', 'Østermarie');
INSERT INTO CITYINFO (ZIP, CITY) VALUES ('3760', 'Gudhjem');
INSERT INTO CITYINFO (ZIP, CITY) VALUES ('3770', 'Allinge');
INSERT INTO CITYINFO (ZIP, CITY) VALUES ('3782', 'Klemensker');
INSERT INTO CITYINFO (ZIP, CITY) VALUES ('3790', 'Hasle');
INSERT INTO CITYINFO (ZIP, CITY) VALUES ('4000', 'Roskilde');
INSERT INTO CITYINFO (ZIP, CITY) VALUES ('4030', 'Tune');
INSERT INTO CITYINFO (ZIP, CITY) VALUES ('4040', 'Jyllinge');
INSERT INTO CITYINFO (ZIP, CITY) VALUES ('4050', 'Skibby');
INSERT INTO CITYINFO (ZIP, CITY) VALUES ('4060', 'Kirke Såby');
INSERT INTO CITYINFO (ZIP, CITY) VALUES ('4070', 'Kirke Hyllinge');
INSERT INTO CITYINFO (ZIP, CITY) VALUES ('4100', 'Ringsted');
INSERT INTO CITYINFO (ZIP, CITY) VALUES ('4129', 'Ringsted');
INSERT INTO CITYINFO (ZIP, CITY) VALUES ('4130', 'Viby Sjælland');
INSERT INTO CITYINFO (ZIP, CITY) VALUES ('4140', 'Borup');
INSERT INTO CITYINFO (ZIP, CITY) VALUES ('4160', 'Herlufmagle');
INSERT INTO CITYINFO (ZIP, CITY) VALUES ('4171', 'Glumsø');
INSERT INTO CITYINFO (ZIP, CITY) VALUES ('4173', 'Fjenneslev');
INSERT INTO CITYINFO (ZIP, CITY) VALUES ('4174', 'Jystrup Midtsj');
INSERT INTO CITYINFO (ZIP, CITY) VALUES ('4180', 'Sorø');
INSERT INTO CITYINFO (ZIP, CITY) VALUES ('4190', 'Munke Bjergby');
INSERT INTO CITYINFO (ZIP, CITY) VALUES ('4200', 'Slagelse');
INSERT INTO CITYINFO (ZIP, CITY) VALUES ('4220', 'Korsør');
INSERT INTO CITYINFO (ZIP, CITY) VALUES ('4230', 'Skælskør');
INSERT INTO CITYINFO (ZIP, CITY) VALUES ('4241', 'Vemmelev');
INSERT INTO CITYINFO (ZIP, CITY) VALUES ('4242', 'Boeslunde');
INSERT INTO CITYINFO (ZIP, CITY) VALUES ('4243', 'Rude');
INSERT INTO CITYINFO (ZIP, CITY) VALUES ('4250', 'Fuglebjerg');
INSERT INTO CITYINFO (ZIP, CITY) VALUES ('4261', 'Dalmose');
INSERT INTO CITYINFO (ZIP, CITY) VALUES ('4262', 'Sandved');
INSERT INTO CITYINFO (ZIP, CITY) VALUES ('4270', 'Høng');
INSERT INTO CITYINFO (ZIP, CITY) VALUES ('4281', 'Gørlev');
INSERT INTO CITYINFO (ZIP, CITY) VALUES ('4291', 'Ruds Vedby');
INSERT INTO CITYINFO (ZIP, CITY) VALUES ('4293', 'Dianalund');
INSERT INTO CITYINFO (ZIP, CITY) VALUES ('4295', 'Stenlille');
INSERT INTO CITYINFO (ZIP, CITY) VALUES ('4296', 'Nyrup');
INSERT INTO CITYINFO (ZIP, CITY) VALUES ('4300', 'Holbæk');
INSERT INTO CITYINFO (ZIP, CITY) VALUES ('4320', 'Lejre');
INSERT INTO CITYINFO (ZIP, CITY) VALUES ('4330', 'Hvalsø');
INSERT INTO CITYINFO (ZIP, CITY) VALUES ('4340', 'Tølløse');
INSERT INTO CITYINFO (ZIP, CITY) VALUES ('4350', 'Ugerløse');
INSERT INTO CITYINFO (ZIP, CITY) VALUES ('4360', 'Kirke Eskilstrup');
INSERT INTO CITYINFO (ZIP, CITY) VALUES ('4370', 'Store Merløse');
INSERT INTO CITYINFO (ZIP, CITY) VALUES ('4390', 'Vipperød');
INSERT INTO CITYINFO (ZIP, CITY) VALUES ('4400', 'Kalundborg');
INSERT INTO CITYINFO (ZIP, CITY) VALUES ('4420', 'Regstrup');
INSERT INTO CITYINFO (ZIP, CITY) VALUES ('4440', 'Mørkøv');
INSERT INTO CITYINFO (ZIP, CITY) VALUES ('4450', 'Jyderup');
INSERT INTO CITYINFO (ZIP, CITY) VALUES ('4460', 'Snertinge');
INSERT INTO CITYINFO (ZIP, CITY) VALUES ('4470', 'Svebølle');
INSERT INTO CITYINFO (ZIP, CITY) VALUES ('4480', 'Store Fuglede');
INSERT INTO CITYINFO (ZIP, CITY) VALUES ('4490', 'Jerslev Sjælland');
INSERT INTO CITYINFO (ZIP, CITY) VALUES ('4500', 'Nykøbing Sj');
INSERT INTO CITYINFO (ZIP, CITY) VALUES ('4520', 'Svinninge');
INSERT INTO CITYINFO (ZIP, CITY) VALUES ('4532', 'Gislinge');
INSERT INTO CITYINFO (ZIP, CITY) VALUES ('4534', 'Hørve');
INSERT INTO CITYINFO (ZIP, CITY) VALUES ('4540', 'Fårevejle');
INSERT INTO CITYINFO (ZIP, CITY) VALUES ('4550', 'Asnæs');
INSERT INTO CITYINFO (ZIP, CITY) VALUES ('4560', 'Vig');
INSERT INTO CITYINFO (ZIP, CITY) VALUES ('4571', 'Grevinge');
INSERT INTO CITYINFO (ZIP, CITY) VALUES ('4572', 'Nørre Asmindrup');
INSERT INTO CITYINFO (ZIP, CITY) VALUES ('4573', 'Højby');
INSERT INTO CITYINFO (ZIP, CITY) VALUES ('4581', 'Rørvig');
INSERT INTO CITYINFO (ZIP, CITY) VALUES ('4583', 'Sjællands Odde');
INSERT INTO CITYINFO (ZIP, CITY) VALUES ('4591', 'Føllenslev');
INSERT INTO CITYINFO (ZIP, CITY) VALUES ('4592', 'Sejerø');
INSERT INTO CITYINFO (ZIP, CITY) VALUES ('4593', 'Eskebjerg');
INSERT INTO CITYINFO (ZIP, CITY) VALUES ('4600', 'Køge');
INSERT INTO CITYINFO (ZIP, CITY) VALUES ('4621', 'Gadstrup');
INSERT INTO CITYINFO (ZIP, CITY) VALUES ('4622', 'Havdrup');
INSERT INTO CITYINFO (ZIP, CITY) VALUES ('4623', 'Lille Skensved');
INSERT INTO CITYINFO (ZIP, CITY) VALUES ('4632', 'Bjæverskov');
INSERT INTO CITYINFO (ZIP, CITY) VALUES ('4640', 'Faxe');
INSERT INTO CITYINFO (ZIP, CITY) VALUES ('4652', 'Hårlev');
INSERT INTO CITYINFO (ZIP, CITY) VALUES ('4653', 'Karise');
INSERT INTO CITYINFO (ZIP, CITY) VALUES ('4654', 'Faxe Ladeplads');
INSERT INTO CITYINFO (ZIP, CITY) VALUES ('4660', 'Store Heddinge');
INSERT INTO CITYINFO (ZIP, CITY) VALUES ('4671', 'Strøby');
INSERT INTO CITYINFO (ZIP, CITY) VALUES ('4672', 'Klippinge');
INSERT INTO CITYINFO (ZIP, CITY) VALUES ('4673', 'Rødvig Stevns');
INSERT INTO CITYINFO (ZIP, CITY) VALUES ('4681', 'Herfølge');
INSERT INTO CITYINFO (ZIP, CITY) VALUES ('4682', 'Tureby');
INSERT INTO CITYINFO (ZIP, CITY) VALUES ('4683', 'Rønnede');
INSERT INTO CITYINFO (ZIP, CITY) VALUES ('4684', 'Holmegaard');
INSERT INTO CITYINFO (ZIP, CITY) VALUES ('4690', 'Haslev');
INSERT INTO CITYINFO (ZIP, CITY) VALUES ('4700', 'Næstved');
INSERT INTO CITYINFO (ZIP, CITY) VALUES ('4720', 'Præstø');
INSERT INTO CITYINFO (ZIP, CITY) VALUES ('4733', 'Tappernøje');
INSERT INTO CITYINFO (ZIP, CITY) VALUES ('4735', 'Mern');
INSERT INTO CITYINFO (ZIP, CITY) VALUES ('4736', 'Karrebæksminde');
INSERT INTO CITYINFO (ZIP, CITY) VALUES ('4750', 'Lundby');
INSERT INTO CITYINFO (ZIP, CITY) VALUES ('4760', 'Vordingborg');
INSERT INTO CITYINFO (ZIP, CITY) VALUES ('4771', 'Kalvehave');
INSERT INTO CITYINFO (ZIP, CITY) VALUES ('4772', 'Langebæk');
INSERT INTO CITYINFO (ZIP, CITY) VALUES ('4773', 'Stensved');
INSERT INTO CITYINFO (ZIP, CITY) VALUES ('4780', 'Stege');
INSERT INTO CITYINFO (ZIP, CITY) VALUES ('4791', 'Borre');
INSERT INTO CITYINFO (ZIP, CITY) VALUES ('4792', 'Askeby');
INSERT INTO CITYINFO (ZIP, CITY) VALUES ('4793', 'Bogø By');
INSERT INTO CITYINFO (ZIP, CITY) VALUES ('4800', 'Nykøbing F');
INSERT INTO CITYINFO (ZIP, CITY) VALUES ('4840', 'Nørre Alslev');
INSERT INTO CITYINFO (ZIP, CITY) VALUES ('4850', 'Stubbekøbing');
INSERT INTO CITYINFO (ZIP, CITY) VALUES ('4862', 'Guldborg');
INSERT INTO CITYINFO (ZIP, CITY) VALUES ('4863', 'Eskilstrup');
INSERT INTO CITYINFO (ZIP, CITY) VALUES ('4871', 'Horbelev');
INSERT INTO CITYINFO (ZIP, CITY) VALUES ('4872', 'Idestrup');
INSERT INTO CITYINFO (ZIP, CITY) VALUES ('4873', 'Væggerløse');
INSERT INTO CITYINFO (ZIP, CITY) VALUES ('4874', 'Gedser');
INSERT INTO CITYINFO (ZIP, CITY) VALUES ('4880', 'Nysted');
INSERT INTO CITYINFO (ZIP, CITY) VALUES ('4891', 'Toreby L');
INSERT INTO CITYINFO (ZIP, CITY) VALUES ('4892', 'Kettinge');
INSERT INTO CITYINFO (ZIP, CITY) VALUES ('4894', 'Øster Ulslev');
INSERT INTO CITYINFO (ZIP, CITY) VALUES ('4895', 'Errindlev');
INSERT INTO CITYINFO (ZIP, CITY) VALUES ('4900', 'Nakskov');
INSERT INTO CITYINFO (ZIP, CITY) VALUES ('4912', 'Harpelunde');
INSERT INTO CITYINFO (ZIP, CITY) VALUES ('4913', 'Horslunde');
INSERT INTO CITYINFO (ZIP, CITY) VALUES ('4920', 'Søllested');
INSERT INTO CITYINFO (ZIP, CITY) VALUES ('4930', 'Maribo');
INSERT INTO CITYINFO (ZIP, CITY) VALUES ('4941', 'Bandholm');
INSERT INTO CITYINFO (ZIP, CITY) VALUES ('4943', 'Torrig L');
INSERT INTO CITYINFO (ZIP, CITY) VALUES ('4944', 'Fejø');
INSERT INTO CITYINFO (ZIP, CITY) VALUES ('4951', 'Nørreballe');
INSERT INTO CITYINFO (ZIP, CITY) VALUES ('4952', 'Stokkemarke');
INSERT INTO CITYINFO (ZIP, CITY) VALUES ('4953', 'Vesterborg');
INSERT INTO CITYINFO (ZIP, CITY) VALUES ('4960', 'Holeby');
INSERT INTO CITYINFO (ZIP, CITY) VALUES ('4970', 'Rødby');
INSERT INTO CITYINFO (ZIP, CITY) VALUES ('4983', 'Dannemare');
INSERT INTO CITYINFO (ZIP, CITY) VALUES ('4990', 'Sakskøbing');
INSERT INTO CITYINFO (ZIP, CITY) VALUES ('4992', 'Midtsjælland USF P');
INSERT INTO CITYINFO (ZIP, CITY) VALUES ('5000', 'Odense C');
INSERT INTO CITYINFO (ZIP, CITY) VALUES ('5029', 'Odense C');
INSERT INTO CITYINFO (ZIP, CITY) VALUES ('5100', 'Odense C');
INSERT INTO CITYINFO (ZIP, CITY) VALUES ('5200', 'Odense V');
INSERT INTO CITYINFO (ZIP, CITY) VALUES ('5210', 'Odense NV');
INSERT INTO CITYINFO (ZIP, CITY) VALUES ('5220', 'Odense SØ');
INSERT INTO CITYINFO (ZIP, CITY) VALUES ('5230', 'Odense M');
INSERT INTO CITYINFO (ZIP, CITY) VALUES ('5240', 'Odense NØ');
INSERT INTO CITYINFO (ZIP, CITY) VALUES ('5250', 'Odense SV');
INSERT INTO CITYINFO (ZIP, CITY) VALUES ('5260', 'Odense S');
INSERT INTO CITYINFO (ZIP, CITY) VALUES ('5270', 'Odense N');
INSERT INTO CITYINFO (ZIP, CITY) VALUES ('5290', 'Marslev');
INSERT INTO CITYINFO (ZIP, CITY) VALUES ('5300', 'Kerteminde');
INSERT INTO CITYINFO (ZIP, CITY) VALUES ('5320', 'Agedrup');
INSERT INTO CITYINFO (ZIP, CITY) VALUES ('5330', 'Munkebo');
INSERT INTO CITYINFO (ZIP, CITY) VALUES ('5350', 'Rynkeby');
INSERT INTO CITYINFO (ZIP, CITY) VALUES ('5370', 'Mesinge');
INSERT INTO CITYINFO (ZIP, CITY) VALUES ('5380', 'Dalby');
INSERT INTO CITYINFO (ZIP, CITY) VALUES ('5390', 'Martofte');
INSERT INTO CITYINFO (ZIP, CITY) VALUES ('5400', 'Bogense');
INSERT INTO CITYINFO (ZIP, CITY) VALUES ('5450', 'Otterup');
INSERT INTO CITYINFO (ZIP, CITY) VALUES ('5462', 'Morud');
INSERT INTO CITYINFO (ZIP, CITY) VALUES ('5463', 'Harndrup');
INSERT INTO CITYINFO (ZIP, CITY) VALUES ('5464', 'Brenderup Fyn');
INSERT INTO CITYINFO (ZIP, CITY) VALUES ('5466', 'Asperup');
INSERT INTO CITYINFO (ZIP, CITY) VALUES ('5471', 'Søndersø');
INSERT INTO CITYINFO (ZIP, CITY) VALUES ('5474', 'Veflinge');
INSERT INTO CITYINFO (ZIP, CITY) VALUES ('5485', 'Skamby');
INSERT INTO CITYINFO (ZIP, CITY) VALUES ('5491', 'Blommenslyst');
INSERT INTO CITYINFO (ZIP, CITY) VALUES ('5492', 'Vissenbjerg');
INSERT INTO CITYINFO (ZIP, CITY) VALUES ('5500', 'Middelfart');
INSERT INTO CITYINFO (ZIP, CITY) VALUES ('5540', 'Ullerslev');
INSERT INTO CITYINFO (ZIP, CITY) VALUES ('5550', 'Langeskov');
INSERT INTO CITYINFO (ZIP, CITY) VALUES ('5560', 'Aarup');
INSERT INTO CITYINFO (ZIP, CITY) VALUES ('5580', 'Nørre Aaby');
INSERT INTO CITYINFO (ZIP, CITY) VALUES ('5591', 'Gelsted');
INSERT INTO CITYINFO (ZIP, CITY) VALUES ('5592', 'Ejby');
INSERT INTO CITYINFO (ZIP, CITY) VALUES ('5600', 'Faaborg');
INSERT INTO CITYINFO (ZIP, CITY) VALUES ('5610', 'Assens');
INSERT INTO CITYINFO (ZIP, CITY) VALUES ('5620', 'Glamsbjerg');
INSERT INTO CITYINFO (ZIP, CITY) VALUES ('5631', 'Ebberup');
INSERT INTO CITYINFO (ZIP, CITY) VALUES ('5642', 'Millinge');
INSERT INTO CITYINFO (ZIP, CITY) VALUES ('5672', 'Broby');
INSERT INTO CITYINFO (ZIP, CITY) VALUES ('5683', 'Haarby');
INSERT INTO CITYINFO (ZIP, CITY) VALUES ('5690', 'Tommerup');
INSERT INTO CITYINFO (ZIP, CITY) VALUES ('5700', 'Svendborg');
INSERT INTO CITYINFO (ZIP, CITY) VALUES ('5750', 'Ringe');
INSERT INTO CITYINFO (ZIP, CITY) VALUES ('5762', 'Vester Skerninge');
INSERT INTO CITYINFO (ZIP, CITY) VALUES ('5771', 'Stenstrup');
INSERT INTO CITYINFO (ZIP, CITY) VALUES ('5772', 'Kværndrup');
INSERT INTO CITYINFO (ZIP, CITY) VALUES ('5792', 'Årslev');
INSERT INTO CITYINFO (ZIP, CITY) VALUES ('5800', 'Nyborg');
INSERT INTO CITYINFO (ZIP, CITY) VALUES ('5853', 'Ørbæk');
INSERT INTO CITYINFO (ZIP, CITY) VALUES ('5854', 'Gislev');
INSERT INTO CITYINFO (ZIP, CITY) VALUES ('5856', 'Ryslinge');
INSERT INTO CITYINFO (ZIP, CITY) VALUES ('5863', 'Ferritslev Fyn');
INSERT INTO CITYINFO (ZIP, CITY) VALUES ('5871', 'Frørup');
INSERT INTO CITYINFO (ZIP, CITY) VALUES ('5874', 'Hesselager');
INSERT INTO CITYINFO (ZIP, CITY) VALUES ('5881', 'Skårup Fyn');
INSERT INTO CITYINFO (ZIP, CITY) VALUES ('5882', 'Vejstrup');
INSERT INTO CITYINFO (ZIP, CITY) VALUES ('5883', 'Oure');
INSERT INTO CITYINFO (ZIP, CITY) VALUES ('5884', 'Gudme');
INSERT INTO CITYINFO (ZIP, CITY) VALUES ('5892', 'Gudbjerg Sydfyn');
INSERT INTO CITYINFO (ZIP, CITY) VALUES ('5900', 'Rudkøbing');
INSERT INTO CITYINFO (ZIP, CITY) VALUES ('5932', 'Humble');
INSERT INTO CITYINFO (ZIP, CITY) VALUES ('5935', 'Bagenkop');
INSERT INTO CITYINFO (ZIP, CITY) VALUES ('5953', 'Tranekær');
INSERT INTO CITYINFO (ZIP, CITY) VALUES ('5960', 'Marstal');
INSERT INTO CITYINFO (ZIP, CITY) VALUES ('5970', 'Ærøskøbing');
INSERT INTO CITYINFO (ZIP, CITY) VALUES ('5985', 'Søby Ærø');
INSERT INTO CITYINFO (ZIP, CITY) VALUES ('6000', 'Kolding');
INSERT INTO CITYINFO (ZIP, CITY) VALUES ('6040', 'Egtved');
INSERT INTO CITYINFO (ZIP, CITY) VALUES ('6051', 'Almind');
INSERT INTO CITYINFO (ZIP, CITY) VALUES ('6052', 'Viuf');
INSERT INTO CITYINFO (ZIP, CITY) VALUES ('6064', 'Jordrup');
INSERT INTO CITYINFO (ZIP, CITY) VALUES ('6070', 'Christiansfeld');
INSERT INTO CITYINFO (ZIP, CITY) VALUES ('6091', 'Bjert');
INSERT INTO CITYINFO (ZIP, CITY) VALUES ('6092', 'Sønder Stenderup');
INSERT INTO CITYINFO (ZIP, CITY) VALUES ('6093', 'Sjølund');
INSERT INTO CITYINFO (ZIP, CITY) VALUES ('6094', 'Hejls');
INSERT INTO CITYINFO (ZIP, CITY) VALUES ('6100', 'Haderslev');
INSERT INTO CITYINFO (ZIP, CITY) VALUES ('6200', 'Aabenraa');
INSERT INTO CITYINFO (ZIP, CITY) VALUES ('6230', 'Rødekro');
INSERT INTO CITYINFO (ZIP, CITY) VALUES ('6240', 'Løgumkloster');
INSERT INTO CITYINFO (ZIP, CITY) VALUES ('6261', 'Bredebro');
INSERT INTO CITYINFO (ZIP, CITY) VALUES ('6270', 'Tønder');
INSERT INTO CITYINFO (ZIP, CITY) VALUES ('6280', 'Højer');
INSERT INTO CITYINFO (ZIP, CITY) VALUES ('6300', 'Gråsten');
INSERT INTO CITYINFO (ZIP, CITY) VALUES ('6310', 'Broager');
INSERT INTO CITYINFO (ZIP, CITY) VALUES ('6320', 'Egernsund');
INSERT INTO CITYINFO (ZIP, CITY) VALUES ('6330', 'Padborg');
INSERT INTO CITYINFO (ZIP, CITY) VALUES ('6340', 'Kruså');
INSERT INTO CITYINFO (ZIP, CITY) VALUES ('6360', 'Tinglev');
INSERT INTO CITYINFO (ZIP, CITY) VALUES ('6372', 'Bylderup-Bov');
INSERT INTO CITYINFO (ZIP, CITY) VALUES ('6392', 'Bolderslev');
INSERT INTO CITYINFO (ZIP, CITY) VALUES ('6400', 'Sønderborg');
INSERT INTO CITYINFO (ZIP, CITY) VALUES ('6430', 'Nordborg');
INSERT INTO CITYINFO (ZIP, CITY) VALUES ('6440', 'Augustenborg');
INSERT INTO CITYINFO (ZIP, CITY) VALUES ('6470', 'Sydals');
INSERT INTO CITYINFO (ZIP, CITY) VALUES ('6500', 'Vojens');
INSERT INTO CITYINFO (ZIP, CITY) VALUES ('6510', 'Gram');
INSERT INTO CITYINFO (ZIP, CITY) VALUES ('6520', 'Toftlund');
INSERT INTO CITYINFO (ZIP, CITY) VALUES ('6534', 'Agerskov');
INSERT INTO CITYINFO (ZIP, CITY) VALUES ('6535', 'Branderup J');
INSERT INTO CITYINFO (ZIP, CITY) VALUES ('6541', 'Bevtoft');
INSERT INTO CITYINFO (ZIP, CITY) VALUES ('6560', 'Sommersted');
INSERT INTO CITYINFO (ZIP, CITY) VALUES ('6580', 'Vamdrup');
INSERT INTO CITYINFO (ZIP, CITY) VALUES ('6600', 'Vejen');
INSERT INTO CITYINFO (ZIP, CITY) VALUES ('6621', 'Gesten');
INSERT INTO CITYINFO (ZIP, CITY) VALUES ('6622', 'Bække');
INSERT INTO CITYINFO (ZIP, CITY) VALUES ('6623', 'Vorbasse');
INSERT INTO CITYINFO (ZIP, CITY) VALUES ('6630', 'Rødding');
INSERT INTO CITYINFO (ZIP, CITY) VALUES ('6640', 'Lunderskov');
INSERT INTO CITYINFO (ZIP, CITY) VALUES ('6650', 'Brørup');
INSERT INTO CITYINFO (ZIP, CITY) VALUES ('6660', 'Lintrup');
INSERT INTO CITYINFO (ZIP, CITY) VALUES ('6670', 'Holsted');
INSERT INTO CITYINFO (ZIP, CITY) VALUES ('6682', 'Hovborg');
INSERT INTO CITYINFO (ZIP, CITY) VALUES ('6683', 'Føvling');
INSERT INTO CITYINFO (ZIP, CITY) VALUES ('6690', 'Gørding');
INSERT INTO CITYINFO (ZIP, CITY) VALUES ('6700', 'Esbjerg');
INSERT INTO CITYINFO (ZIP, CITY) VALUES ('6701', 'Esbjerg');
INSERT INTO CITYINFO (ZIP, CITY) VALUES ('6705', 'Esbjerg Ø');
INSERT INTO CITYINFO (ZIP, CITY) VALUES ('6710', 'Esbjerg V');
INSERT INTO CITYINFO (ZIP, CITY) VALUES ('6715', 'Esbjerg N');
INSERT INTO CITYINFO (ZIP, CITY) VALUES ('6720', 'Fanø');
INSERT INTO CITYINFO (ZIP, CITY) VALUES ('6731', 'Tjæreborg');
INSERT INTO CITYINFO (ZIP, CITY) VALUES ('6740', 'Bramming');
INSERT INTO CITYINFO (ZIP, CITY) VALUES ('6752', 'Glejbjerg');
INSERT INTO CITYINFO (ZIP, CITY) VALUES ('6753', 'Agerbæk');
INSERT INTO CITYINFO (ZIP, CITY) VALUES ('6760', 'Ribe');
INSERT INTO CITYINFO (ZIP, CITY) VALUES ('6771', 'Gredstedbro');
INSERT INTO CITYINFO (ZIP, CITY) VALUES ('6780', 'Skærbæk');
INSERT INTO CITYINFO (ZIP, CITY) VALUES ('6792', 'Rømø');
INSERT INTO CITYINFO (ZIP, CITY) VALUES ('6800', 'Varde');
INSERT INTO CITYINFO (ZIP, CITY) VALUES ('6818', 'Årre');
INSERT INTO CITYINFO (ZIP, CITY) VALUES ('6823', 'Ansager');
INSERT INTO CITYINFO (ZIP, CITY) VALUES ('6830', 'Nørre Nebel');
INSERT INTO CITYINFO (ZIP, CITY) VALUES ('6840', 'Oksbøl');
INSERT INTO CITYINFO (ZIP, CITY) VALUES ('6851', 'Janderup Vestj');
INSERT INTO CITYINFO (ZIP, CITY) VALUES ('6852', 'Billum');
INSERT INTO CITYINFO (ZIP, CITY) VALUES ('6853', 'Vejers Strand');
INSERT INTO CITYINFO (ZIP, CITY) VALUES ('6854', 'Henne');
INSERT INTO CITYINFO (ZIP, CITY) VALUES ('6855', 'Outrup');
INSERT INTO CITYINFO (ZIP, CITY) VALUES ('6857', 'Blåvand');
INSERT INTO CITYINFO (ZIP, CITY) VALUES ('6862', 'Tistrup');
INSERT INTO CITYINFO (ZIP, CITY) VALUES ('6870', 'Ølgod');
INSERT INTO CITYINFO (ZIP, CITY) VALUES ('6880', 'Tarm');
INSERT INTO CITYINFO (ZIP, CITY) VALUES ('6893', 'Hemmet');
INSERT INTO CITYINFO (ZIP, CITY) VALUES ('6900', 'Skjern');
INSERT INTO CITYINFO (ZIP, CITY) VALUES ('6920', 'Videbæk');
INSERT INTO CITYINFO (ZIP, CITY) VALUES ('6933', 'Kibæk');
INSERT INTO CITYINFO (ZIP, CITY) VALUES ('6940', 'Lem St');
INSERT INTO CITYINFO (ZIP, CITY) VALUES ('6950', 'Ringkøbing');
INSERT INTO CITYINFO (ZIP, CITY) VALUES ('6960', 'Hvide Sande');
INSERT INTO CITYINFO (ZIP, CITY) VALUES ('6971', 'Spjald');
INSERT INTO CITYINFO (ZIP, CITY) VALUES ('6973', 'Ørnhøj');
INSERT INTO CITYINFO (ZIP, CITY) VALUES ('6980', 'Tim');
INSERT INTO CITYINFO (ZIP, CITY) VALUES ('6990', 'Ulfborg');
INSERT INTO CITYINFO (ZIP, CITY) VALUES ('7000', 'Fredericia');
INSERT INTO CITYINFO (ZIP, CITY) VALUES ('7007', 'Fredericia');
INSERT INTO CITYINFO (ZIP, CITY) VALUES ('7017', 'Taulov Pakkecenter');
INSERT INTO CITYINFO (ZIP, CITY) VALUES ('7018', 'Pakker TLP');
INSERT INTO CITYINFO (ZIP, CITY) VALUES ('7029', 'Fredericia');
INSERT INTO CITYINFO (ZIP, CITY) VALUES ('7080', 'Børkop');
INSERT INTO CITYINFO (ZIP, CITY) VALUES ('7100', 'Vejle');
INSERT INTO CITYINFO (ZIP, CITY) VALUES ('7120', 'Vejle Øst');
INSERT INTO CITYINFO (ZIP, CITY) VALUES ('7130', 'Juelsminde');
INSERT INTO CITYINFO (ZIP, CITY) VALUES ('7140', 'Stouby');
INSERT INTO CITYINFO (ZIP, CITY) VALUES ('7150', 'Barrit');
INSERT INTO CITYINFO (ZIP, CITY) VALUES ('7160', 'Tørring');
INSERT INTO CITYINFO (ZIP, CITY) VALUES ('7171', 'Uldum');
INSERT INTO CITYINFO (ZIP, CITY) VALUES ('7173', 'Vonge');
INSERT INTO CITYINFO (ZIP, CITY) VALUES ('7182', 'Bredsten');
INSERT INTO CITYINFO (ZIP, CITY) VALUES ('7183', 'Randbøl');
INSERT INTO CITYINFO (ZIP, CITY) VALUES ('7184', 'Vandel');
INSERT INTO CITYINFO (ZIP, CITY) VALUES ('7190', 'Billund');
INSERT INTO CITYINFO (ZIP, CITY) VALUES ('7200', 'Grindsted');
INSERT INTO CITYINFO (ZIP, CITY) VALUES ('7250', 'Hejnsvig');
INSERT INTO CITYINFO (ZIP, CITY) VALUES ('7260', 'Sønder Omme');
INSERT INTO CITYINFO (ZIP, CITY) VALUES ('7270', 'Stakroge');
INSERT INTO CITYINFO (ZIP, CITY) VALUES ('7280', 'Sønder Felding');
INSERT INTO CITYINFO (ZIP, CITY) VALUES ('7300', 'Jelling');
INSERT INTO CITYINFO (ZIP, CITY) VALUES ('7321', 'Gadbjerg');
INSERT INTO CITYINFO (ZIP, CITY) VALUES ('7323', 'Give');
INSERT INTO CITYINFO (ZIP, CITY) VALUES ('7330', 'Brande');
INSERT INTO CITYINFO (ZIP, CITY) VALUES ('7361', 'Ejstrupholm');
INSERT INTO CITYINFO (ZIP, CITY) VALUES ('7362', 'Hampen');
INSERT INTO CITYINFO (ZIP, CITY) VALUES ('7400', 'Herning');
INSERT INTO CITYINFO (ZIP, CITY) VALUES ('7429', 'Herning');
INSERT INTO CITYINFO (ZIP, CITY) VALUES ('7430', 'Ikast');
INSERT INTO CITYINFO (ZIP, CITY) VALUES ('7441', 'Bording');
INSERT INTO CITYINFO (ZIP, CITY) VALUES ('7442', 'Engesvang');
INSERT INTO CITYINFO (ZIP, CITY) VALUES ('7451', 'Sunds');
INSERT INTO CITYINFO (ZIP, CITY) VALUES ('7470', 'Karup J');
INSERT INTO CITYINFO (ZIP, CITY) VALUES ('7480', 'Vildbjerg');
INSERT INTO CITYINFO (ZIP, CITY) VALUES ('7490', 'Aulum');
INSERT INTO CITYINFO (ZIP, CITY) VALUES ('7500', 'Holstebro');
INSERT INTO CITYINFO (ZIP, CITY) VALUES ('7540', 'Haderup');
INSERT INTO CITYINFO (ZIP, CITY) VALUES ('7550', 'Sørvad');
INSERT INTO CITYINFO (ZIP, CITY) VALUES ('7560', 'Hjerm');
INSERT INTO CITYINFO (ZIP, CITY) VALUES ('7570', 'Vemb');
INSERT INTO CITYINFO (ZIP, CITY) VALUES ('7600', 'Struer');
INSERT INTO CITYINFO (ZIP, CITY) VALUES ('7620', 'Lemvig');
INSERT INTO CITYINFO (ZIP, CITY) VALUES ('7650', 'Bøvlingbjerg');
INSERT INTO CITYINFO (ZIP, CITY) VALUES ('7660', 'Bækmarksbro');
INSERT INTO CITYINFO (ZIP, CITY) VALUES ('7673', 'Harboøre');
INSERT INTO CITYINFO (ZIP, CITY) VALUES ('7680', 'Thyborøn');
INSERT INTO CITYINFO (ZIP, CITY) VALUES ('7700', 'Thisted');
INSERT INTO CITYINFO (ZIP, CITY) VALUES ('7730', 'Hanstholm');
INSERT INTO CITYINFO (ZIP, CITY) VALUES ('7741', 'Frøstrup');
INSERT INTO CITYINFO (ZIP, CITY) VALUES ('7742', 'Vesløs');
INSERT INTO CITYINFO (ZIP, CITY) VALUES ('7752', 'Snedsted');
INSERT INTO CITYINFO (ZIP, CITY) VALUES ('7755', 'Bedsted Thy');
INSERT INTO CITYINFO (ZIP, CITY) VALUES ('7760', 'Hurup Thy');
INSERT INTO CITYINFO (ZIP, CITY) VALUES ('7770', 'Vestervig');
INSERT INTO CITYINFO (ZIP, CITY) VALUES ('7790', 'Thyholm');
INSERT INTO CITYINFO (ZIP, CITY) VALUES ('7800', 'Skive');
INSERT INTO CITYINFO (ZIP, CITY) VALUES ('7830', 'Vinderup');
INSERT INTO CITYINFO (ZIP, CITY) VALUES ('7840', 'Højslev');
INSERT INTO CITYINFO (ZIP, CITY) VALUES ('7850', 'Stoholm Jyll');
INSERT INTO CITYINFO (ZIP, CITY) VALUES ('7860', 'Spøttrup');
INSERT INTO CITYINFO (ZIP, CITY) VALUES ('7870', 'Roslev');
INSERT INTO CITYINFO (ZIP, CITY) VALUES ('7884', 'Fur');
INSERT INTO CITYINFO (ZIP, CITY) VALUES ('7900', 'Nykøbing M');
INSERT INTO CITYINFO (ZIP, CITY) VALUES ('7950', 'Erslev');
INSERT INTO CITYINFO (ZIP, CITY) VALUES ('7960', 'Karby');
INSERT INTO CITYINFO (ZIP, CITY) VALUES ('7970', 'Redsted M');
INSERT INTO CITYINFO (ZIP, CITY) VALUES ('7980', 'Vils');
INSERT INTO CITYINFO (ZIP, CITY) VALUES ('7990', 'Øster Assels');
INSERT INTO CITYINFO (ZIP, CITY) VALUES ('7992', 'Sydjylland/Fyn USF P');
INSERT INTO CITYINFO (ZIP, CITY) VALUES ('7993', 'Sydjylland/Fyn USF B');
INSERT INTO CITYINFO (ZIP, CITY) VALUES ('7996', 'Fakturaservice');
INSERT INTO CITYINFO (ZIP, CITY) VALUES ('7997', 'Fakturascanning');
INSERT INTO CITYINFO (ZIP, CITY) VALUES ('7998', 'Statsservice');
INSERT INTO CITYINFO (ZIP, CITY) VALUES ('7999', 'Kommunepost');
INSERT INTO CITYINFO (ZIP, CITY) VALUES ('8000', 'Aarhus C');
INSERT INTO CITYINFO (ZIP, CITY) VALUES ('8100', 'Aarhus C');
INSERT INTO CITYINFO (ZIP, CITY) VALUES ('8200', 'Aarhus N');
INSERT INTO CITYINFO (ZIP, CITY) VALUES ('8210', 'Aarhus V');
INSERT INTO CITYINFO (ZIP, CITY) VALUES ('8220', 'Brabrand');
INSERT INTO CITYINFO (ZIP, CITY) VALUES ('8229', 'Risskov Ø');
INSERT INTO CITYINFO (ZIP, CITY) VALUES ('8230', 'Åbyhøj');
INSERT INTO CITYINFO (ZIP, CITY) VALUES ('8240', 'Risskov');
INSERT INTO CITYINFO (ZIP, CITY) VALUES ('8245', 'Risskov Ø');
INSERT INTO CITYINFO (ZIP, CITY) VALUES ('8250', 'Egå');
INSERT INTO CITYINFO (ZIP, CITY) VALUES ('8260', 'Viby J');
INSERT INTO CITYINFO (ZIP, CITY) VALUES ('8270', 'Højbjerg');
INSERT INTO CITYINFO (ZIP, CITY) VALUES ('8300', 'Odder');
INSERT INTO CITYINFO (ZIP, CITY) VALUES ('8305', 'Samsø');
INSERT INTO CITYINFO (ZIP, CITY) VALUES ('8310', 'Tranbjerg J');
INSERT INTO CITYINFO (ZIP, CITY) VALUES ('8320', 'Mårslet');
INSERT INTO CITYINFO (ZIP, CITY) VALUES ('8330', 'Beder');
INSERT INTO CITYINFO (ZIP, CITY) VALUES ('8340', 'Malling');
INSERT INTO CITYINFO (ZIP, CITY) VALUES ('8350', 'Hundslund');
INSERT INTO CITYINFO (ZIP, CITY) VALUES ('8355', 'Solbjerg');
INSERT INTO CITYINFO (ZIP, CITY) VALUES ('8361', 'Hasselager');
INSERT INTO CITYINFO (ZIP, CITY) VALUES ('8362', 'Hørning');
INSERT INTO CITYINFO (ZIP, CITY) VALUES ('8370', 'Hadsten');
INSERT INTO CITYINFO (ZIP, CITY) VALUES ('8380', 'Trige');
INSERT INTO CITYINFO (ZIP, CITY) VALUES ('8381', 'Tilst');
INSERT INTO CITYINFO (ZIP, CITY) VALUES ('8382', 'Hinnerup');
INSERT INTO CITYINFO (ZIP, CITY) VALUES ('8400', 'Ebeltoft');
INSERT INTO CITYINFO (ZIP, CITY) VALUES ('8410', 'Rønde');
INSERT INTO CITYINFO (ZIP, CITY) VALUES ('8420', 'Knebel');
INSERT INTO CITYINFO (ZIP, CITY) VALUES ('8444', 'Balle');
INSERT INTO CITYINFO (ZIP, CITY) VALUES ('8450', 'Hammel');
INSERT INTO CITYINFO (ZIP, CITY) VALUES ('8462', 'Harlev J');
INSERT INTO CITYINFO (ZIP, CITY) VALUES ('8464', 'Galten');
INSERT INTO CITYINFO (ZIP, CITY) VALUES ('8471', 'Sabro');
INSERT INTO CITYINFO (ZIP, CITY) VALUES ('8472', 'Sporup');
INSERT INTO CITYINFO (ZIP, CITY) VALUES ('8500', 'Grenaa');
INSERT INTO CITYINFO (ZIP, CITY) VALUES ('8520', 'Lystrup');
INSERT INTO CITYINFO (ZIP, CITY) VALUES ('8530', 'Hjortshøj');
INSERT INTO CITYINFO (ZIP, CITY) VALUES ('8541', 'Skødstrup');
INSERT INTO CITYINFO (ZIP, CITY) VALUES ('8543', 'Hornslet');
INSERT INTO CITYINFO (ZIP, CITY) VALUES ('8544', 'Mørke');
INSERT INTO CITYINFO (ZIP, CITY) VALUES ('8550', 'Ryomgård');
INSERT INTO CITYINFO (ZIP, CITY) VALUES ('8560', 'Kolind');
INSERT INTO CITYINFO (ZIP, CITY) VALUES ('8570', 'Trustrup');
INSERT INTO CITYINFO (ZIP, CITY) VALUES ('8581', 'Nimtofte');
INSERT INTO CITYINFO (ZIP, CITY) VALUES ('8585', 'Glesborg');
INSERT INTO CITYINFO (ZIP, CITY) VALUES ('8586', 'Ørum Djurs');
INSERT INTO CITYINFO (ZIP, CITY) VALUES ('8592', 'Anholt');
INSERT INTO CITYINFO (ZIP, CITY) VALUES ('8600', 'Silkeborg');
INSERT INTO CITYINFO (ZIP, CITY) VALUES ('8620', 'Kjellerup');
INSERT INTO CITYINFO (ZIP, CITY) VALUES ('8632', 'Lemming');
INSERT INTO CITYINFO (ZIP, CITY) VALUES ('8641', 'Sorring');
INSERT INTO CITYINFO (ZIP, CITY) VALUES ('8643', 'Ans By');
INSERT INTO CITYINFO (ZIP, CITY) VALUES ('8653', 'Them');
INSERT INTO CITYINFO (ZIP, CITY) VALUES ('8654', 'Bryrup');
INSERT INTO CITYINFO (ZIP, CITY) VALUES ('8660', 'Skanderborg');
INSERT INTO CITYINFO (ZIP, CITY) VALUES ('8670', 'Låsby');
INSERT INTO CITYINFO (ZIP, CITY) VALUES ('8680', 'Ry');
INSERT INTO CITYINFO (ZIP, CITY) VALUES ('8700', 'Horsens');
INSERT INTO CITYINFO (ZIP, CITY) VALUES ('8721', 'Daugård');
INSERT INTO CITYINFO (ZIP, CITY) VALUES ('8722', 'Hedensted');
INSERT INTO CITYINFO (ZIP, CITY) VALUES ('8723', 'Løsning');
INSERT INTO CITYINFO (ZIP, CITY) VALUES ('8732', 'Hovedgård');
INSERT INTO CITYINFO (ZIP, CITY) VALUES ('8740', 'Brædstrup');
INSERT INTO CITYINFO (ZIP, CITY) VALUES ('8751', 'Gedved');
INSERT INTO CITYINFO (ZIP, CITY) VALUES ('8752', 'Østbirk');
INSERT INTO CITYINFO (ZIP, CITY) VALUES ('8762', 'Flemming');
INSERT INTO CITYINFO (ZIP, CITY) VALUES ('8763', 'Rask Mølle');
INSERT INTO CITYINFO (ZIP, CITY) VALUES ('8765', 'Klovborg');
INSERT INTO CITYINFO (ZIP, CITY) VALUES ('8766', 'Nørre Snede');
INSERT INTO CITYINFO (ZIP, CITY) VALUES ('8781', 'Stenderup');
INSERT INTO CITYINFO (ZIP, CITY) VALUES ('8783', 'Hornsyld');
INSERT INTO CITYINFO (ZIP, CITY) VALUES ('8800', 'Viborg');
INSERT INTO CITYINFO (ZIP, CITY) VALUES ('8830', 'Tjele');
INSERT INTO CITYINFO (ZIP, CITY) VALUES ('8831', 'Løgstrup');
INSERT INTO CITYINFO (ZIP, CITY) VALUES ('8832', 'Skals');
INSERT INTO CITYINFO (ZIP, CITY) VALUES ('8840', 'Rødkærsbro');
INSERT INTO CITYINFO (ZIP, CITY) VALUES ('8850', 'Bjerringbro');
INSERT INTO CITYINFO (ZIP, CITY) VALUES ('8860', 'Ulstrup');
INSERT INTO CITYINFO (ZIP, CITY) VALUES ('8870', 'Langå');
INSERT INTO CITYINFO (ZIP, CITY) VALUES ('8881', 'Thorsø');
INSERT INTO CITYINFO (ZIP, CITY) VALUES ('8882', 'Fårvang');
INSERT INTO CITYINFO (ZIP, CITY) VALUES ('8883', 'Gjern');
INSERT INTO CITYINFO (ZIP, CITY) VALUES ('8900', 'Randers C');
INSERT INTO CITYINFO (ZIP, CITY) VALUES ('8920', 'Randers NV');
INSERT INTO CITYINFO (ZIP, CITY) VALUES ('8930', 'Randers NØ');
INSERT INTO CITYINFO (ZIP, CITY) VALUES ('8940', 'Randers SV');
INSERT INTO CITYINFO (ZIP, CITY) VALUES ('8950', 'Ørsted');
INSERT INTO CITYINFO (ZIP, CITY) VALUES ('8960', 'Randers SØ');
INSERT INTO CITYINFO (ZIP, CITY) VALUES ('8961', 'Allingåbro');
INSERT INTO CITYINFO (ZIP, CITY) VALUES ('8963', 'Auning');
INSERT INTO CITYINFO (ZIP, CITY) VALUES ('8970', 'Havndal');
INSERT INTO CITYINFO (ZIP, CITY) VALUES ('8981', 'Spentrup');
INSERT INTO CITYINFO (ZIP, CITY) VALUES ('8983', 'Gjerlev J');
INSERT INTO CITYINFO (ZIP, CITY) VALUES ('8990', 'Fårup');
INSERT INTO CITYINFO (ZIP, CITY) VALUES ('9000', 'Aalborg');
INSERT INTO CITYINFO (ZIP, CITY) VALUES ('9029', 'Aalborg');
INSERT INTO CITYINFO (ZIP, CITY) VALUES ('9100', 'Aalborg');
INSERT INTO CITYINFO (ZIP, CITY) VALUES ('9200', 'Aalborg SV');
INSERT INTO CITYINFO (ZIP, CITY) VALUES ('9210', 'Aalborg SØ');
INSERT INTO CITYINFO (ZIP, CITY) VALUES ('9220', 'Aalborg Øst');
INSERT INTO CITYINFO (ZIP, CITY) VALUES ('9230', 'Svenstrup J');
INSERT INTO CITYINFO (ZIP, CITY) VALUES ('9240', 'Nibe');
INSERT INTO CITYINFO (ZIP, CITY) VALUES ('9260', 'Gistrup');
INSERT INTO CITYINFO (ZIP, CITY) VALUES ('9270', 'Klarup');
INSERT INTO CITYINFO (ZIP, CITY) VALUES ('9280', 'Storvorde');
INSERT INTO CITYINFO (ZIP, CITY) VALUES ('9293', 'Kongerslev');
INSERT INTO CITYINFO (ZIP, CITY) VALUES ('9300', 'Sæby');
INSERT INTO CITYINFO (ZIP, CITY) VALUES ('9310', 'Vodskov');
INSERT INTO CITYINFO (ZIP, CITY) VALUES ('9320', 'Hjallerup');
INSERT INTO CITYINFO (ZIP, CITY) VALUES ('9330', 'Dronninglund');
INSERT INTO CITYINFO (ZIP, CITY) VALUES ('9340', 'Asaa');
INSERT INTO CITYINFO (ZIP, CITY) VALUES ('9352', 'Dybvad');
INSERT INTO CITYINFO (ZIP, CITY) VALUES ('9362', 'Gandrup');
INSERT INTO CITYINFO (ZIP, CITY) VALUES ('9370', 'Hals');
INSERT INTO CITYINFO (ZIP, CITY) VALUES ('9380', 'Vestbjerg');
INSERT INTO CITYINFO (ZIP, CITY) VALUES ('9381', 'Sulsted');
INSERT INTO CITYINFO (ZIP, CITY) VALUES ('9382', 'Tylstrup');
INSERT INTO CITYINFO (ZIP, CITY) VALUES ('9400', 'Nørresundby');
INSERT INTO CITYINFO (ZIP, CITY) VALUES ('9430', 'Vadum');
INSERT INTO CITYINFO (ZIP, CITY) VALUES ('9440', 'Aabybro');
INSERT INTO CITYINFO (ZIP, CITY) VALUES ('9460', 'Brovst');
INSERT INTO CITYINFO (ZIP, CITY) VALUES ('9480', 'Løkken');
INSERT INTO CITYINFO (ZIP, CITY) VALUES ('9490', 'Pandrup');
INSERT INTO CITYINFO (ZIP, CITY) VALUES ('9492', 'Blokhus');
INSERT INTO CITYINFO (ZIP, CITY) VALUES ('9493', 'Saltum');
INSERT INTO CITYINFO (ZIP, CITY) VALUES ('9500', 'Hobro');
INSERT INTO CITYINFO (ZIP, CITY) VALUES ('9510', 'Arden');
INSERT INTO CITYINFO (ZIP, CITY) VALUES ('9520', 'Skørping');
INSERT INTO CITYINFO (ZIP, CITY) VALUES ('9530', 'Støvring');
INSERT INTO CITYINFO (ZIP, CITY) VALUES ('9541', 'Suldrup');
INSERT INTO CITYINFO (ZIP, CITY) VALUES ('9550', 'Mariager');
INSERT INTO CITYINFO (ZIP, CITY) VALUES ('9560', 'Hadsund');
INSERT INTO CITYINFO (ZIP, CITY) VALUES ('9574', 'Bælum');
INSERT INTO CITYINFO (ZIP, CITY) VALUES ('9575', 'Terndrup');
INSERT INTO CITYINFO (ZIP, CITY) VALUES ('9600', 'Aars');
INSERT INTO CITYINFO (ZIP, CITY) VALUES ('9610', 'Nørager');
INSERT INTO CITYINFO (ZIP, CITY) VALUES ('9620', 'Aalestrup');
INSERT INTO CITYINFO (ZIP, CITY) VALUES ('9631', 'Gedsted');
INSERT INTO CITYINFO (ZIP, CITY) VALUES ('9632', 'Møldrup');
INSERT INTO CITYINFO (ZIP, CITY) VALUES ('9640', 'Farsø');
INSERT INTO CITYINFO (ZIP, CITY) VALUES ('9670', 'Løgstør');
INSERT INTO CITYINFO (ZIP, CITY) VALUES ('9681', 'Ranum');
INSERT INTO CITYINFO (ZIP, CITY) VALUES ('9690', 'Fjerritslev');
INSERT INTO CITYINFO (ZIP, CITY) VALUES ('9700', 'Brønderslev');
INSERT INTO CITYINFO (ZIP, CITY) VALUES ('9740', 'Jerslev J');
INSERT INTO CITYINFO (ZIP, CITY) VALUES ('9750', 'Østervrå');
INSERT INTO CITYINFO (ZIP, CITY) VALUES ('9760', 'Vrå');
INSERT INTO CITYINFO (ZIP, CITY) VALUES ('9800', 'Hjørring');
INSERT INTO CITYINFO (ZIP, CITY) VALUES ('9830', 'Tårs');
INSERT INTO CITYINFO (ZIP, CITY) VALUES ('9850', 'Hirtshals');
INSERT INTO CITYINFO (ZIP, CITY) VALUES ('9870', 'Sindal');
INSERT INTO CITYINFO (ZIP, CITY) VALUES ('9881', 'Bindslev');
INSERT INTO CITYINFO (ZIP, CITY) VALUES ('9900', 'Frederikshavn');
INSERT INTO CITYINFO (ZIP, CITY) VALUES ('9940', 'Læsø');
INSERT INTO CITYINFO (ZIP, CITY) VALUES ('9970', 'Strandby');
INSERT INTO CITYINFO (ZIP, CITY) VALUES ('9981', 'Jerup');
INSERT INTO CITYINFO (ZIP, CITY) VALUES ('9982', 'Ålbæk');
INSERT INTO CITYINFO (ZIP, CITY) VALUES ('9990', 'Skagen');
INSERT INTO CITYINFO (ZIP, CITY) VALUES ('9992', 'Jylland USF P');
INSERT INTO CITYINFO (ZIP, CITY) VALUES ('9993', 'Jylland USF B');
INSERT INTO CITYINFO (ZIP, CITY) VALUES ('9996', 'Fakturaservice');
INSERT INTO CITYINFO (ZIP, CITY) VALUES ('9997', 'Fakturascanning');
INSERT INTO CITYINFO (ZIP, CITY) VALUES ('9998', 'Borgerservice');
INSERT INTO CITYINFO (ZIP, CITY) VALUES ('2412', 'Santa Claus/Julemanden');
INSERT INTO CITYINFO (ZIP, CITY) VALUES ('3900', 'Nuuk');
INSERT INTO CITYINFO (ZIP, CITY) VALUES ('3905', 'Nuussuaq');
INSERT INTO CITYINFO (ZIP, CITY) VALUES ('3910', 'Kangerlussuaq');
INSERT INTO CITYINFO (ZIP, CITY) VALUES ('3911', 'Sisimiut');
INSERT INTO CITYINFO (ZIP, CITY) VALUES ('3912', 'Maniitsoq');
INSERT INTO CITYINFO (ZIP, CITY) VALUES ('3913', 'Tasiilaq');
INSERT INTO CITYINFO (ZIP, CITY) VALUES ('3915', 'Kulusuk');
INSERT INTO CITYINFO (ZIP, CITY) VALUES ('3919', 'Alluitsup Paa');
INSERT INTO CITYINFO (ZIP, CITY) VALUES ('3920', 'Qaqortoq');
INSERT INTO CITYINFO (ZIP, CITY) VALUES ('3921', 'Narsaq');
INSERT INTO CITYINFO (ZIP, CITY) VALUES ('3922', 'Nanortalik');
INSERT INTO CITYINFO (ZIP, CITY) VALUES ('3923', 'Narsarsuaq');
INSERT INTO CITYINFO (ZIP, CITY) VALUES ('3924', 'Ikerasassuaq');
INSERT INTO CITYINFO (ZIP, CITY) VALUES ('3930', 'Kangilinnguit');
INSERT INTO CITYINFO (ZIP, CITY) VALUES ('3932', 'Arsuk');
INSERT INTO CITYINFO (ZIP, CITY) VALUES ('3940', 'Paamiut');
INSERT INTO CITYINFO (ZIP, CITY) VALUES ('3950', 'Aasiaat');
INSERT INTO CITYINFO (ZIP, CITY) VALUES ('3951', 'Qasigiannguit');
INSERT INTO CITYINFO (ZIP, CITY) VALUES ('3952', 'Ilulissat');
INSERT INTO CITYINFO (ZIP, CITY) VALUES ('3953', 'Qeqertarsuaq');
INSERT INTO CITYINFO (ZIP, CITY) VALUES ('3955', 'Kangaatsiaq');
INSERT INTO CITYINFO (ZIP, CITY) VALUES ('3961', 'Uummannaq');
INSERT INTO CITYINFO (ZIP, CITY) VALUES ('3962', 'Upernavik');
INSERT INTO CITYINFO (ZIP, CITY) VALUES ('3964', 'Qaarsut');
INSERT INTO CITYINFO (ZIP, CITY) VALUES ('3970', 'Pituffik');
INSERT INTO CITYINFO (ZIP, CITY) VALUES ('3971', 'Qaanaaq');
INSERT INTO CITYINFO (ZIP, CITY) VALUES ('3972', 'Station Nord');
INSERT INTO CITYINFO (ZIP, CITY) VALUES ('3980', 'Ittoqqortoormiit');
INSERT INTO CITYINFO (ZIP, CITY) VALUES ('3982', 'Mestersvig');
INSERT INTO CITYINFO (ZIP, CITY) VALUES ('3984', 'Danmarkshavn');
INSERT INTO CITYINFO (ZIP, CITY) VALUES ('3985', 'Constable Pynt');
INSERT INTO CITYINFO (ZIP, CITY) VALUES ('3992', 'Slædepatrulje Sirius');
INSERT INTO CITYINFO (ZIP, CITY) VALUES ('100', 'Tórshavn');
INSERT INTO CITYINFO (ZIP, CITY) VALUES ('110', 'Tórshavn ');
INSERT INTO CITYINFO (ZIP, CITY) VALUES ('160', 'Argir');
INSERT INTO CITYINFO (ZIP, CITY) VALUES ('165', 'Argir ');
INSERT INTO CITYINFO (ZIP, CITY) VALUES ('175', 'Kirkjubøur');
INSERT INTO CITYINFO (ZIP, CITY) VALUES ('176', 'Velbastadur');
INSERT INTO CITYINFO (ZIP, CITY) VALUES ('177', 'Sydradalur, Streymoy');
INSERT INTO CITYINFO (ZIP, CITY) VALUES ('178', 'Nordradalur');
INSERT INTO CITYINFO (ZIP, CITY) VALUES ('180', 'Kaldbak');
INSERT INTO CITYINFO (ZIP, CITY) VALUES ('185', 'Kaldbaksbotnur');
INSERT INTO CITYINFO (ZIP, CITY) VALUES ('186', 'Sund');
INSERT INTO CITYINFO (ZIP, CITY) VALUES ('187', 'Hvitanes');
INSERT INTO CITYINFO (ZIP, CITY) VALUES ('188', 'Hoyvík');
INSERT INTO CITYINFO (ZIP, CITY) VALUES ('210', 'Sandur');
INSERT INTO CITYINFO (ZIP, CITY) VALUES ('215', 'Sandur');
INSERT INTO CITYINFO (ZIP, CITY) VALUES ('220', 'Skálavík');
INSERT INTO CITYINFO (ZIP, CITY) VALUES ('230', 'Húsavík');
INSERT INTO CITYINFO (ZIP, CITY) VALUES ('235', 'Dalur');
INSERT INTO CITYINFO (ZIP, CITY) VALUES ('236', 'Skarvanes');
INSERT INTO CITYINFO (ZIP, CITY) VALUES ('240', 'Skopun');
INSERT INTO CITYINFO (ZIP, CITY) VALUES ('260', 'Skúvoy');
INSERT INTO CITYINFO (ZIP, CITY) VALUES ('270', 'Nólsoy');
INSERT INTO CITYINFO (ZIP, CITY) VALUES ('280', 'Hestur');
INSERT INTO CITYINFO (ZIP, CITY) VALUES ('285', 'Koltur');
INSERT INTO CITYINFO (ZIP, CITY) VALUES ('286', 'Stóra Dimun');
INSERT INTO CITYINFO (ZIP, CITY) VALUES ('330', 'Stykkid');
INSERT INTO CITYINFO (ZIP, CITY) VALUES ('335', 'Leynar');
INSERT INTO CITYINFO (ZIP, CITY) VALUES ('336', 'Skællingur');
INSERT INTO CITYINFO (ZIP, CITY) VALUES ('340', 'Kvívík');
INSERT INTO CITYINFO (ZIP, CITY) VALUES ('350', 'Vestmanna');
INSERT INTO CITYINFO (ZIP, CITY) VALUES ('355', 'Vestmanna');
INSERT INTO CITYINFO (ZIP, CITY) VALUES ('358', 'Válur');
INSERT INTO CITYINFO (ZIP, CITY) VALUES ('360', 'Sandavágur');
INSERT INTO CITYINFO (ZIP, CITY) VALUES ('370', 'Midvágur');
INSERT INTO CITYINFO (ZIP, CITY) VALUES ('375', 'Midvágur');
INSERT INTO CITYINFO (ZIP, CITY) VALUES ('380', 'Sørvágur');
INSERT INTO CITYINFO (ZIP, CITY) VALUES ('385', 'Vatnsoyrar');
INSERT INTO CITYINFO (ZIP, CITY) VALUES ('386', 'Bøur');
INSERT INTO CITYINFO (ZIP, CITY) VALUES ('387', 'Gásadalur');
INSERT INTO CITYINFO (ZIP, CITY) VALUES ('388', 'Mykines');
INSERT INTO CITYINFO (ZIP, CITY) VALUES ('400', 'Oyrarbakki');
INSERT INTO CITYINFO (ZIP, CITY) VALUES ('405', 'Oyrarbakki');
INSERT INTO CITYINFO (ZIP, CITY) VALUES ('410', 'Kollafjørdur');
INSERT INTO CITYINFO (ZIP, CITY) VALUES ('415', 'Oyrareingir');
INSERT INTO CITYINFO (ZIP, CITY) VALUES ('416', 'Signabøur');
INSERT INTO CITYINFO (ZIP, CITY) VALUES ('420', 'Hósvík');
INSERT INTO CITYINFO (ZIP, CITY) VALUES ('430', 'Hvalvík');
INSERT INTO CITYINFO (ZIP, CITY) VALUES ('435', 'Streymnes');
INSERT INTO CITYINFO (ZIP, CITY) VALUES ('436', 'Saksun');
INSERT INTO CITYINFO (ZIP, CITY) VALUES ('437', 'Nesvík');
INSERT INTO CITYINFO (ZIP, CITY) VALUES ('438', 'Langasandur');
INSERT INTO CITYINFO (ZIP, CITY) VALUES ('440', 'Haldarsvík');
INSERT INTO CITYINFO (ZIP, CITY) VALUES ('445', 'Tjørnuvík');
INSERT INTO CITYINFO (ZIP, CITY) VALUES ('450', 'Oyri');
INSERT INTO CITYINFO (ZIP, CITY) VALUES ('460', 'Nordskáli');
INSERT INTO CITYINFO (ZIP, CITY) VALUES ('465', 'Svináir');
INSERT INTO CITYINFO (ZIP, CITY) VALUES ('466', 'Ljósá');
INSERT INTO CITYINFO (ZIP, CITY) VALUES ('470', 'Eidi');
INSERT INTO CITYINFO (ZIP, CITY) VALUES ('475', 'Funningur');
INSERT INTO CITYINFO (ZIP, CITY) VALUES ('476', 'Gjógv');
INSERT INTO CITYINFO (ZIP, CITY) VALUES ('477', 'Funningsfjørdur');
INSERT INTO CITYINFO (ZIP, CITY) VALUES ('478', 'Elduvík');
INSERT INTO CITYINFO (ZIP, CITY) VALUES ('480', 'Skáli');
INSERT INTO CITYINFO (ZIP, CITY) VALUES ('485', 'Skálafjørdur');
INSERT INTO CITYINFO (ZIP, CITY) VALUES ('490', 'Strendur');
INSERT INTO CITYINFO (ZIP, CITY) VALUES ('494', 'Innan Glyvur');
INSERT INTO CITYINFO (ZIP, CITY) VALUES ('495', 'Kolbanargjógv');
INSERT INTO CITYINFO (ZIP, CITY) VALUES ('496', 'Morskranes');
INSERT INTO CITYINFO (ZIP, CITY) VALUES ('497', 'Selatrad');
INSERT INTO CITYINFO (ZIP, CITY) VALUES ('510', 'Gøta');
INSERT INTO CITYINFO (ZIP, CITY) VALUES ('511', 'Gøtugjógv');
INSERT INTO CITYINFO (ZIP, CITY) VALUES ('512', 'Nordragøta');
INSERT INTO CITYINFO (ZIP, CITY) VALUES ('513', 'Sydrugøta');
INSERT INTO CITYINFO (ZIP, CITY) VALUES ('515', 'Gøta');
INSERT INTO CITYINFO (ZIP, CITY) VALUES ('520', 'Leirvík');
INSERT INTO CITYINFO (ZIP, CITY) VALUES ('530', 'Fuglafjørdur');
INSERT INTO CITYINFO (ZIP, CITY) VALUES ('535', 'Fuglafjørdur');
INSERT INTO CITYINFO (ZIP, CITY) VALUES ('600', 'Saltangará');
INSERT INTO CITYINFO (ZIP, CITY) VALUES ('610', 'Saltangará');
INSERT INTO CITYINFO (ZIP, CITY) VALUES ('620', 'Runavík');
INSERT INTO CITYINFO (ZIP, CITY) VALUES ('625', 'Glyvrar');
INSERT INTO CITYINFO (ZIP, CITY) VALUES ('626', 'Lambareidi');
INSERT INTO CITYINFO (ZIP, CITY) VALUES ('627', 'Lambi');
INSERT INTO CITYINFO (ZIP, CITY) VALUES ('640', 'Rituvík');
INSERT INTO CITYINFO (ZIP, CITY) VALUES ('645', 'Æduvík');
INSERT INTO CITYINFO (ZIP, CITY) VALUES ('650', 'Toftir');
INSERT INTO CITYINFO (ZIP, CITY) VALUES ('655', 'Nes, Eysturoy');
INSERT INTO CITYINFO (ZIP, CITY) VALUES ('656', 'Saltnes');
INSERT INTO CITYINFO (ZIP, CITY) VALUES ('660', 'Søldarfjørdur');
INSERT INTO CITYINFO (ZIP, CITY) VALUES ('665', 'Skipanes');
INSERT INTO CITYINFO (ZIP, CITY) VALUES ('666', 'Gøtueidi');
INSERT INTO CITYINFO (ZIP, CITY) VALUES ('690', 'Oyndarfjørdur');
INSERT INTO CITYINFO (ZIP, CITY) VALUES ('695', 'Hellur');
INSERT INTO CITYINFO (ZIP, CITY) VALUES ('700', 'Klaksvík');
INSERT INTO CITYINFO (ZIP, CITY) VALUES ('710', 'Klaksvík');
INSERT INTO CITYINFO (ZIP, CITY) VALUES ('725', 'Nordoyri');
INSERT INTO CITYINFO (ZIP, CITY) VALUES ('726', 'Ánir');
INSERT INTO CITYINFO (ZIP, CITY) VALUES ('727', 'Árnafjørdur');
INSERT INTO CITYINFO (ZIP, CITY) VALUES ('730', 'Norddepil');
INSERT INTO CITYINFO (ZIP, CITY) VALUES ('735', 'Depil');
INSERT INTO CITYINFO (ZIP, CITY) VALUES ('736', 'Nordtoftir');
INSERT INTO CITYINFO (ZIP, CITY) VALUES ('737', 'Múli');
INSERT INTO CITYINFO (ZIP, CITY) VALUES ('740', 'Hvannasund');
INSERT INTO CITYINFO (ZIP, CITY) VALUES ('750', 'Vidareidi');
INSERT INTO CITYINFO (ZIP, CITY) VALUES ('765', 'Svinoy');
INSERT INTO CITYINFO (ZIP, CITY) VALUES ('766', 'Kirkja');
INSERT INTO CITYINFO (ZIP, CITY) VALUES ('767', 'Hattarvík');
INSERT INTO CITYINFO (ZIP, CITY) VALUES ('780', 'Kunoy');
INSERT INTO CITYINFO (ZIP, CITY) VALUES ('785', 'Haraldssund');
INSERT INTO CITYINFO (ZIP, CITY) VALUES ('795', 'Sydradalur, Kalsoy');
INSERT INTO CITYINFO (ZIP, CITY) VALUES ('796', 'Húsar');
INSERT INTO CITYINFO (ZIP, CITY) VALUES ('797', 'Mikladalur');
INSERT INTO CITYINFO (ZIP, CITY) VALUES ('798', 'Trøllanes');
INSERT INTO CITYINFO (ZIP, CITY) VALUES ('800', 'Tvøroyri');
INSERT INTO CITYINFO (ZIP, CITY) VALUES ('810', 'Tvøroyri');
INSERT INTO CITYINFO (ZIP, CITY) VALUES ('825', 'Frodba');
INSERT INTO CITYINFO (ZIP, CITY) VALUES ('826', 'Trongisvágur');
INSERT INTO CITYINFO (ZIP, CITY) VALUES ('827', 'Øravík');
INSERT INTO CITYINFO (ZIP, CITY) VALUES ('850', 'Hvalba');
INSERT INTO CITYINFO (ZIP, CITY) VALUES ('860', 'Sandvík');
INSERT INTO CITYINFO (ZIP, CITY) VALUES ('870', 'Fámjin');
INSERT INTO CITYINFO (ZIP, CITY) VALUES ('900', 'Vágur');
INSERT INTO CITYINFO (ZIP, CITY) VALUES ('910', 'Vágur');
INSERT INTO CITYINFO (ZIP, CITY) VALUES ('925', 'Nes, Vágur');
INSERT INTO CITYINFO (ZIP, CITY) VALUES ('926', 'Lopra');
INSERT INTO CITYINFO (ZIP, CITY) VALUES ('927', 'Akrar');
INSERT INTO CITYINFO (ZIP, CITY) VALUES ('928', 'Vikarbyrgi');
INSERT INTO CITYINFO (ZIP, CITY) VALUES ('950', 'Porkeri');
INSERT INTO CITYINFO (ZIP, CITY) VALUES ('960', 'Hov');

INSERT INTO ADDRESS (ADDITIONALINFO,STREET,CITYINFO_ID) VALUES('','Vinkelvej 6','160');
INSERT INTO INFOENTITY (DTYPE, EMAIL, ADDRESS_ID) VALUES('Person','Beate@home.com','1');
INSERT INTO PERSON (ID, FIRSTNAME, LASTNAME) VALUES('1','Beate','Nielsen');
INSERT INTO PERSON_HOBBY (PERSONS_ID, HOBBIES_ID) VALUES('1','1');
INSERT INTO PERSON_HOBBY (PERSONS_ID, HOBBIES_ID) VALUES('1','5');
INSERT INTO PHONE (DESCRIPTION, NUMBER) VALUES('Arbejde','65348890');
INSERT INTO INFOENTITY_PHONE (INFOENTITY_ID, PHONENUMBERS_ID) VALUES('1','1');

INSERT INTO ADDRESS (ADDITIONALINFO,STREET,CITYINFO_ID) VALUES('','Skolegade 20','1196');
INSERT INTO INFOENTITY (DTYPE, EMAIL, ADDRESS_ID) VALUES('Company','OmniPort@live.dk','2');
INSERT INTO COMPANY (ID, CVR, DESCRIPTION, MARKETVALUE, NAME, NUMEMPLOYEES) VALUES('2','18451978','Software','176228635','OmniPort','111');
INSERT INTO PHONE (DESCRIPTION, NUMBER) VALUES('Kontor','37221619');
INSERT INTO INFOENTITY_PHONE (INFOENTITY_ID, PHONENUMBERS_ID) VALUES('2','2');
INSERT INTO PHONE (DESCRIPTION, NUMBER) VALUES('Reception','53418993');
INSERT INTO INFOENTITY_PHONE (INFOENTITY_ID, PHONENUMBERS_ID) VALUES('2','3');

INSERT INTO ADDRESS (ADDITIONALINFO,STREET,CITYINFO_ID) VALUES('','Bredgade 77','1254');
INSERT INTO INFOENTITY (DTYPE, EMAIL, ADDRESS_ID) VALUES('Company','NorthCenter@live.dk','3');
INSERT INTO COMPANY (ID, CVR, DESCRIPTION, MARKETVALUE, NAME, NUMEMPLOYEES) VALUES('3','10048526','Consulting','521489278','NorthCenter','123');
INSERT INTO PHONE (DESCRIPTION, NUMBER) VALUES('Reception','36424213');
INSERT INTO INFOENTITY_PHONE (INFOENTITY_ID, PHONENUMBERS_ID) VALUES('3','4');

INSERT INTO ADDRESS (ADDITIONALINFO,STREET,CITYINFO_ID) VALUES('','Birkevej 88','578');
INSERT INTO INFOENTITY (DTYPE, EMAIL, ADDRESS_ID) VALUES('Company','OmniEnterprise@msn.dk','4');
INSERT INTO COMPANY (ID, CVR, DESCRIPTION, MARKETVALUE, NAME, NUMEMPLOYEES) VALUES('4','88663673','Construction','514027265','OmniEnterprise','151');
INSERT INTO PHONE (DESCRIPTION, NUMBER) VALUES('Kontor','30604098');
INSERT INTO INFOENTITY_PHONE (INFOENTITY_ID, PHONENUMBERS_ID) VALUES('4','5');

INSERT INTO ADDRESS (ADDITIONALINFO,STREET,CITYINFO_ID) VALUES('','Skovvej 61','744');
INSERT INTO INFOENTITY (DTYPE, EMAIL, ADDRESS_ID) VALUES('Company','PolyLine@hotmail.dk','5');
INSERT INTO COMPANY (ID, CVR, DESCRIPTION, MARKETVALUE, NAME, NUMEMPLOYEES) VALUES('5','83601153','Hardware','708182941','PolyLine','192');
INSERT INTO PHONE (DESCRIPTION, NUMBER) VALUES('Kontor','32822609');
INSERT INTO INFOENTITY_PHONE (INFOENTITY_ID, PHONENUMBERS_ID) VALUES('5','6');

INSERT INTO ADDRESS (ADDITIONALINFO,STREET,CITYINFO_ID) VALUES('','Stationsvej 83','1129');
INSERT INTO INFOENTITY (DTYPE, EMAIL, ADDRESS_ID) VALUES('Company','SouthPartner@office.dk','6');
INSERT INTO COMPANY (ID, CVR, DESCRIPTION, MARKETVALUE, NAME, NUMEMPLOYEES) VALUES('6','35965625','Programming','352784105','SouthPartner','93');
INSERT INTO PHONE (DESCRIPTION, NUMBER) VALUES('Reception','91522950');
INSERT INTO INFOENTITY_PHONE (INFOENTITY_ID, PHONENUMBERS_ID) VALUES('6','7');
INSERT INTO PHONE (DESCRIPTION, NUMBER) VALUES('Reception','47153900');
INSERT INTO INFOENTITY_PHONE (INFOENTITY_ID, PHONENUMBERS_ID) VALUES('6','8');

INSERT INTO ADDRESS (ADDITIONALINFO,STREET,CITYINFO_ID) VALUES('1. tv.','Egevej 11','992');
INSERT INTO INFOENTITY (DTYPE, EMAIL, ADDRESS_ID) VALUES('Person','Niels@business.dk','7');
INSERT INTO PERSON (ID, FIRSTNAME, LASTNAME) VALUES('7','Niels','Edberg');
INSERT INTO PERSON_HOBBY (PERSONS_ID, HOBBIES_ID) VALUES('7','18');
INSERT INTO PERSON_HOBBY (PERSONS_ID, HOBBIES_ID) VALUES('7','15');
INSERT INTO PERSON_HOBBY (PERSONS_ID, HOBBIES_ID) VALUES('7','8');
INSERT INTO PHONE (DESCRIPTION, NUMBER) VALUES('Mobil','61948837');
INSERT INTO INFOENTITY_PHONE (INFOENTITY_ID, PHONENUMBERS_ID) VALUES('7','9');

INSERT INTO ADDRESS (ADDITIONALINFO,STREET,CITYINFO_ID) VALUES('1. tv.','Strandvejen 36','604');
INSERT INTO INFOENTITY (DTYPE, EMAIL, ADDRESS_ID) VALUES('Person','Louise@hotmail.dk','8');
INSERT INTO PERSON (ID, FIRSTNAME, LASTNAME) VALUES('8','Louise','Rosenberg');
INSERT INTO PERSON_HOBBY (PERSONS_ID, HOBBIES_ID) VALUES('8','20');
INSERT INTO PERSON_HOBBY (PERSONS_ID, HOBBIES_ID) VALUES('8','15');
INSERT INTO PERSON_HOBBY (PERSONS_ID, HOBBIES_ID) VALUES('8','11');
INSERT INTO PHONE (DESCRIPTION, NUMBER) VALUES('Mobil','76166969');
INSERT INTO INFOENTITY_PHONE (INFOENTITY_ID, PHONENUMBERS_ID) VALUES('8','10');
INSERT INTO PHONE (DESCRIPTION, NUMBER) VALUES('Arbejde','32602201');
INSERT INTO INFOENTITY_PHONE (INFOENTITY_ID, PHONENUMBERS_ID) VALUES('8','11');

INSERT INTO ADDRESS (ADDITIONALINFO,STREET,CITYINFO_ID) VALUES('','Søndegade 26','790');
INSERT INTO INFOENTITY (DTYPE, EMAIL, ADDRESS_ID) VALUES('Company','OmniData@business.dk','9');
INSERT INTO COMPANY (ID, CVR, DESCRIPTION, MARKETVALUE, NAME, NUMEMPLOYEES) VALUES('9','51536225','Development','104583643','OmniData','130');
INSERT INTO PHONE (DESCRIPTION, NUMBER) VALUES('Reception','37316203');
INSERT INTO INFOENTITY_PHONE (INFOENTITY_ID, PHONENUMBERS_ID) VALUES('9','12');
INSERT INTO PHONE (DESCRIPTION, NUMBER) VALUES('Reception','65864772');
INSERT INTO INFOENTITY_PHONE (INFOENTITY_ID, PHONENUMBERS_ID) VALUES('9','13');

INSERT INTO ADDRESS (ADDITIONALINFO,STREET,CITYINFO_ID) VALUES('','Hovedgaden 8','937');
INSERT INTO INFOENTITY (DTYPE, EMAIL, ADDRESS_ID) VALUES('Company','UniService@work.com','10');
INSERT INTO COMPANY (ID, CVR, DESCRIPTION, MARKETVALUE, NAME, NUMEMPLOYEES) VALUES('10','55902253','Development','128040063','UniService','80');
INSERT INTO PHONE (DESCRIPTION, NUMBER) VALUES('Kontor','47097518');
INSERT INTO INFOENTITY_PHONE (INFOENTITY_ID, PHONENUMBERS_ID) VALUES('10','14');

INSERT INTO ADDRESS (ADDITIONALINFO,STREET,CITYINFO_ID) VALUES('','Skolegade 4','1310');
INSERT INTO INFOENTITY (DTYPE, EMAIL, ADDRESS_ID) VALUES('Company','SoftKnight@office.dk','11');
INSERT INTO COMPANY (ID, CVR, DESCRIPTION, MARKETVALUE, NAME, NUMEMPLOYEES) VALUES('11','55479221','Education','631699709','SoftKnight','182');
INSERT INTO PHONE (DESCRIPTION, NUMBER) VALUES('Reception','10164947');
INSERT INTO INFOENTITY_PHONE (INFOENTITY_ID, PHONENUMBERS_ID) VALUES('11','15');
INSERT INTO PHONE (DESCRIPTION, NUMBER) VALUES('Reception','45177572');
INSERT INTO INFOENTITY_PHONE (INFOENTITY_ID, PHONENUMBERS_ID) VALUES('11','16');

INSERT INTO ADDRESS (ADDITIONALINFO,STREET,CITYINFO_ID) VALUES('','Hovedgaden 40','1054');
INSERT INTO INFOENTITY (DTYPE, EMAIL, ADDRESS_ID) VALUES('Person','Arne@msn.dk','12');
INSERT INTO PERSON (ID, FIRSTNAME, LASTNAME) VALUES('12','Arne','Persson');
INSERT INTO PERSON_HOBBY (PERSONS_ID, HOBBIES_ID) VALUES('12','3');
INSERT INTO PHONE (DESCRIPTION, NUMBER) VALUES('Mobil','12769963');
INSERT INTO INFOENTITY_PHONE (INFOENTITY_ID, PHONENUMBERS_ID) VALUES('12','17');
INSERT INTO PHONE (DESCRIPTION, NUMBER) VALUES('Mobil','76513578');
INSERT INTO INFOENTITY_PHONE (INFOENTITY_ID, PHONENUMBERS_ID) VALUES('12','18');

INSERT INTO ADDRESS (ADDITIONALINFO,STREET,CITYINFO_ID) VALUES('1. th.','Stationsvej 37','597');
INSERT INTO INFOENTITY (DTYPE, EMAIL, ADDRESS_ID) VALUES('Company','WestService@hotmail.com','13');
INSERT INTO COMPANY (ID, CVR, DESCRIPTION, MARKETVALUE, NAME, NUMEMPLOYEES) VALUES('13','27309049','Hardware','542582431','WestService','177');
INSERT INTO PHONE (DESCRIPTION, NUMBER) VALUES('Kontor','78406149');
INSERT INTO INFOENTITY_PHONE (INFOENTITY_ID, PHONENUMBERS_ID) VALUES('13','19');

INSERT INTO ADDRESS (ADDITIONALINFO,STREET,CITYINFO_ID) VALUES('','Stationsvej 96','1169');
INSERT INTO INFOENTITY (DTYPE, EMAIL, ADDRESS_ID) VALUES('Person','Mads@office.dk','14');
INSERT INTO PERSON (ID, FIRSTNAME, LASTNAME) VALUES('14','Mads','Møller');
INSERT INTO PHONE (DESCRIPTION, NUMBER) VALUES('Hjem','56709397');
INSERT INTO INFOENTITY_PHONE (INFOENTITY_ID, PHONENUMBERS_ID) VALUES('14','20');

INSERT INTO ADDRESS (ADDITIONALINFO,STREET,CITYINFO_ID) VALUES('','Violvej 57','1031');
INSERT INTO INFOENTITY (DTYPE, EMAIL, ADDRESS_ID) VALUES('Person','Ida@office.dk','15');
INSERT INTO PERSON (ID, FIRSTNAME, LASTNAME) VALUES('15','Ida','Meinholt');
INSERT INTO PERSON_HOBBY (PERSONS_ID, HOBBIES_ID) VALUES('15','8');
INSERT INTO PERSON_HOBBY (PERSONS_ID, HOBBIES_ID) VALUES('15','16');
INSERT INTO PHONE (DESCRIPTION, NUMBER) VALUES('Mobil','91601621');
INSERT INTO INFOENTITY_PHONE (INFOENTITY_ID, PHONENUMBERS_ID) VALUES('15','21');

INSERT INTO ADDRESS (ADDITIONALINFO,STREET,CITYINFO_ID) VALUES('','Søndegade 48','204');
INSERT INTO INFOENTITY (DTYPE, EMAIL, ADDRESS_ID) VALUES('Company','CleanImport@live.dk','16');
INSERT INTO COMPANY (ID, CVR, DESCRIPTION, MARKETVALUE, NAME, NUMEMPLOYEES) VALUES('16','50112433','Software','877221252','CleanImport','95');
INSERT INTO PHONE (DESCRIPTION, NUMBER) VALUES('Reception','22670788');
INSERT INTO INFOENTITY_PHONE (INFOENTITY_ID, PHONENUMBERS_ID) VALUES('16','22');
INSERT INTO PHONE (DESCRIPTION, NUMBER) VALUES('Kontor','78938343');
INSERT INTO INFOENTITY_PHONE (INFOENTITY_ID, PHONENUMBERS_ID) VALUES('16','23');

INSERT INTO ADDRESS (ADDITIONALINFO,STREET,CITYINFO_ID) VALUES('','Hovedgaden 77','209');
INSERT INTO INFOENTITY (DTYPE, EMAIL, ADDRESS_ID) VALUES('Person','Svend@live.com','17');
INSERT INTO PERSON (ID, FIRSTNAME, LASTNAME) VALUES('17','Svend','Brobjerg');
INSERT INTO PERSON_HOBBY (PERSONS_ID, HOBBIES_ID) VALUES('17','14');
INSERT INTO PHONE (DESCRIPTION, NUMBER) VALUES('Arbejde','94615794');
INSERT INTO INFOENTITY_PHONE (INFOENTITY_ID, PHONENUMBERS_ID) VALUES('17','24');

INSERT INTO ADDRESS (ADDITIONALINFO,STREET,CITYINFO_ID) VALUES('','Møllevej 2','997');
INSERT INTO INFOENTITY (DTYPE, EMAIL, ADDRESS_ID) VALUES('Company','CitySide@business.dk','18');
INSERT INTO COMPANY (ID, CVR, DESCRIPTION, MARKETVALUE, NAME, NUMEMPLOYEES) VALUES('18','10426393','Production','893165446','CitySide','128');
INSERT INTO PHONE (DESCRIPTION, NUMBER) VALUES('Reception','97224013');
INSERT INTO INFOENTITY_PHONE (INFOENTITY_ID, PHONENUMBERS_ID) VALUES('18','25');

INSERT INTO ADDRESS (ADDITIONALINFO,STREET,CITYINFO_ID) VALUES('1. th.','Stormgade 38','832');
INSERT INTO INFOENTITY (DTYPE, EMAIL, ADDRESS_ID) VALUES('Company','WestKnight@data.com','19');
INSERT INTO COMPANY (ID, CVR, DESCRIPTION, MARKETVALUE, NAME, NUMEMPLOYEES) VALUES('19','38316401','Investment','470361648','WestKnight','47');
INSERT INTO PHONE (DESCRIPTION, NUMBER) VALUES('Kontor','27664315');
INSERT INTO INFOENTITY_PHONE (INFOENTITY_ID, PHONENUMBERS_ID) VALUES('19','26');

INSERT INTO ADDRESS (ADDITIONALINFO,STREET,CITYINFO_ID) VALUES('','Jernbanegade 85','796');
INSERT INTO INFOENTITY (DTYPE, EMAIL, ADDRESS_ID) VALUES('Person','Tove@hotmail.com','20');
INSERT INTO PERSON (ID, FIRSTNAME, LASTNAME) VALUES('20','Tove','Wiksøe');
INSERT INTO PHONE (DESCRIPTION, NUMBER) VALUES('Hjem','79038626');
INSERT INTO INFOENTITY_PHONE (INFOENTITY_ID, PHONENUMBERS_ID) VALUES('20','27');
INSERT INTO PHONE (DESCRIPTION, NUMBER) VALUES('Hjem','31528783');
INSERT INTO INFOENTITY_PHONE (INFOENTITY_ID, PHONENUMBERS_ID) VALUES('20','28');

INSERT INTO ADDRESS (ADDITIONALINFO,STREET,CITYINFO_ID) VALUES('','Jernbanegade 61','289');
INSERT INTO INFOENTITY (DTYPE, EMAIL, ADDRESS_ID) VALUES('Company','InfoFirm@hotmail.dk','21');
INSERT INTO COMPANY (ID, CVR, DESCRIPTION, MARKETVALUE, NAME, NUMEMPLOYEES) VALUES('21','49625162','Programming','699881617','InfoFirm','82');
INSERT INTO PHONE (DESCRIPTION, NUMBER) VALUES('Reception','33730925');
INSERT INTO INFOENTITY_PHONE (INFOENTITY_ID, PHONENUMBERS_ID) VALUES('21','29');

INSERT INTO ADDRESS (ADDITIONALINFO,STREET,CITYINFO_ID) VALUES('','Lærkevej 2','1326');
INSERT INTO INFOENTITY (DTYPE, EMAIL, ADDRESS_ID) VALUES('Person','Signe@hotmail.com','22');
INSERT INTO PERSON (ID, FIRSTNAME, LASTNAME) VALUES('22','Signe','Klausen');
INSERT INTO PERSON_HOBBY (PERSONS_ID, HOBBIES_ID) VALUES('22','13');
INSERT INTO PHONE (DESCRIPTION, NUMBER) VALUES('Mobil','59791810');
INSERT INTO INFOENTITY_PHONE (INFOENTITY_ID, PHONENUMBERS_ID) VALUES('22','30');
INSERT INTO PHONE (DESCRIPTION, NUMBER) VALUES('Arbejde','14146935');
INSERT INTO INFOENTITY_PHONE (INFOENTITY_ID, PHONENUMBERS_ID) VALUES('22','31');

INSERT INTO ADDRESS (ADDITIONALINFO,STREET,CITYINFO_ID) VALUES('','Bredgade 84','1001');
INSERT INTO INFOENTITY (DTYPE, EMAIL, ADDRESS_ID) VALUES('Company','OmniOrg@yahoo.com','23');
INSERT INTO COMPANY (ID, CVR, DESCRIPTION, MARKETVALUE, NAME, NUMEMPLOYEES) VALUES('23','75644728','Investment','139319163','OmniOrg','129');
INSERT INTO PHONE (DESCRIPTION, NUMBER) VALUES('Kontor','2302865');
INSERT INTO INFOENTITY_PHONE (INFOENTITY_ID, PHONENUMBERS_ID) VALUES('23','32');
INSERT INTO PHONE (DESCRIPTION, NUMBER) VALUES('Reception','41329986');
INSERT INTO INFOENTITY_PHONE (INFOENTITY_ID, PHONENUMBERS_ID) VALUES('23','33');

INSERT INTO ADDRESS (ADDITIONALINFO,STREET,CITYINFO_ID) VALUES('','Skovbrynet 89','965');
INSERT INTO INFOENTITY (DTYPE, EMAIL, ADDRESS_ID) VALUES('Person','Arne@office.dk','24');
INSERT INTO PERSON (ID, FIRSTNAME, LASTNAME) VALUES('24','Arne','Kristensen');
INSERT INTO PHONE (DESCRIPTION, NUMBER) VALUES('Mobil','35402260');
INSERT INTO INFOENTITY_PHONE (INFOENTITY_ID, PHONENUMBERS_ID) VALUES('24','34');
INSERT INTO PHONE (DESCRIPTION, NUMBER) VALUES('Arbejde','87738727');
INSERT INTO INFOENTITY_PHONE (INFOENTITY_ID, PHONENUMBERS_ID) VALUES('24','35');

INSERT INTO ADDRESS (ADDITIONALINFO,STREET,CITYINFO_ID) VALUES('','Birkevej 85','24');
INSERT INTO INFOENTITY (DTYPE, EMAIL, ADDRESS_ID) VALUES('Person','Mads@jubii.dk','25');
INSERT INTO PERSON (ID, FIRSTNAME, LASTNAME) VALUES('25','Mads','Kristensen');
INSERT INTO PHONE (DESCRIPTION, NUMBER) VALUES('Arbejde','78776676');
INSERT INTO INFOENTITY_PHONE (INFOENTITY_ID, PHONENUMBERS_ID) VALUES('25','36');

INSERT INTO ADDRESS (ADDITIONALINFO,STREET,CITYINFO_ID) VALUES('','Birkevej 84','664');
INSERT INTO INFOENTITY (DTYPE, EMAIL, ADDRESS_ID) VALUES('Company','SnapWorkers@home.com','26');
INSERT INTO COMPANY (ID, CVR, DESCRIPTION, MARKETVALUE, NAME, NUMEMPLOYEES) VALUES('26','39139905','Programming','591697910','SnapWorkers','135');
INSERT INTO PHONE (DESCRIPTION, NUMBER) VALUES('Kontor','77591373');
INSERT INTO INFOENTITY_PHONE (INFOENTITY_ID, PHONENUMBERS_ID) VALUES('26','37');
INSERT INTO PHONE (DESCRIPTION, NUMBER) VALUES('Kontor','36927535');
INSERT INTO INFOENTITY_PHONE (INFOENTITY_ID, PHONENUMBERS_ID) VALUES('26','38');

INSERT INTO ADDRESS (ADDITIONALINFO,STREET,CITYINFO_ID) VALUES('st.','Nørregade 15','1029');
INSERT INTO INFOENTITY (DTYPE, EMAIL, ADDRESS_ID) VALUES('Person','Inger@data.com','27');
INSERT INTO PERSON (ID, FIRSTNAME, LASTNAME) VALUES('27','Inger','Eilersen');
INSERT INTO PERSON_HOBBY (PERSONS_ID, HOBBIES_ID) VALUES('27','16');
INSERT INTO PERSON_HOBBY (PERSONS_ID, HOBBIES_ID) VALUES('27','2');
INSERT INTO PERSON_HOBBY (PERSONS_ID, HOBBIES_ID) VALUES('27','4');
INSERT INTO PHONE (DESCRIPTION, NUMBER) VALUES('Hjem','34394373');
INSERT INTO INFOENTITY_PHONE (INFOENTITY_ID, PHONENUMBERS_ID) VALUES('27','39');
INSERT INTO PHONE (DESCRIPTION, NUMBER) VALUES('Hjem','55987698');
INSERT INTO INFOENTITY_PHONE (INFOENTITY_ID, PHONENUMBERS_ID) VALUES('27','40');

INSERT INTO ADDRESS (ADDITIONALINFO,STREET,CITYINFO_ID) VALUES('3. tv.','Møllevej 59','579');
INSERT INTO INFOENTITY (DTYPE, EMAIL, ADDRESS_ID) VALUES('Person','Anna@data.com','28');
INSERT INTO PERSON (ID, FIRSTNAME, LASTNAME) VALUES('28','Anna','Svendsen');
INSERT INTO PERSON_HOBBY (PERSONS_ID, HOBBIES_ID) VALUES('28','11');
INSERT INTO PERSON_HOBBY (PERSONS_ID, HOBBIES_ID) VALUES('28','7');
INSERT INTO PHONE (DESCRIPTION, NUMBER) VALUES('Mobil','90145398');
INSERT INTO INFOENTITY_PHONE (INFOENTITY_ID, PHONENUMBERS_ID) VALUES('28','41');

INSERT INTO ADDRESS (ADDITIONALINFO,STREET,CITYINFO_ID) VALUES('','Storegade 10','1284');
INSERT INTO INFOENTITY (DTYPE, EMAIL, ADDRESS_ID) VALUES('Person','Lærke@business.dk','29');
INSERT INTO PERSON (ID, FIRSTNAME, LASTNAME) VALUES('29','Lærke','Flintholm');
INSERT INTO PHONE (DESCRIPTION, NUMBER) VALUES('Hjem','69396024');
INSERT INTO INFOENTITY_PHONE (INFOENTITY_ID, PHONENUMBERS_ID) VALUES('29','42');

INSERT INTO ADDRESS (ADDITIONALINFO,STREET,CITYINFO_ID) VALUES('','Lærkevej 30','290');
INSERT INTO INFOENTITY (DTYPE, EMAIL, ADDRESS_ID) VALUES('Company','BigCom@hotmail.dk','30');
INSERT INTO COMPANY (ID, CVR, DESCRIPTION, MARKETVALUE, NAME, NUMEMPLOYEES) VALUES('30','39717899','Shopping','844253645','BigCom','23');
INSERT INTO PHONE (DESCRIPTION, NUMBER) VALUES('Kontor','54586314');
INSERT INTO INFOENTITY_PHONE (INFOENTITY_ID, PHONENUMBERS_ID) VALUES('30','43');

INSERT INTO ADDRESS (ADDITIONALINFO,STREET,CITYINFO_ID) VALUES('','Ågade 21','101');
INSERT INTO INFOENTITY (DTYPE, EMAIL, ADDRESS_ID) VALUES('Person','Signe@business.dk','31');
INSERT INTO PERSON (ID, FIRSTNAME, LASTNAME) VALUES('31','Signe','Persson');
INSERT INTO PHONE (DESCRIPTION, NUMBER) VALUES('Hjem','82382342');
INSERT INTO INFOENTITY_PHONE (INFOENTITY_ID, PHONENUMBERS_ID) VALUES('31','44');

INSERT INTO ADDRESS (ADDITIONALINFO,STREET,CITYINFO_ID) VALUES('2. th.','Birkevej 49','3');
INSERT INTO INFOENTITY (DTYPE, EMAIL, ADDRESS_ID) VALUES('Person','Tove@business.dk','32');
INSERT INTO PERSON (ID, FIRSTNAME, LASTNAME) VALUES('32','Tove','Persson');
INSERT INTO PHONE (DESCRIPTION, NUMBER) VALUES('Hjem','71876325');
INSERT INTO INFOENTITY_PHONE (INFOENTITY_ID, PHONENUMBERS_ID) VALUES('32','45');

INSERT INTO ADDRESS (ADDITIONALINFO,STREET,CITYINFO_ID) VALUES('2. th.','Kirkevej 98','174');
INSERT INTO INFOENTITY (DTYPE, EMAIL, ADDRESS_ID) VALUES('Company','InfoData@work.com','33');
INSERT INTO COMPANY (ID, CVR, DESCRIPTION, MARKETVALUE, NAME, NUMEMPLOYEES) VALUES('33','62556082','Education','740707421','InfoData','87');
INSERT INTO PHONE (DESCRIPTION, NUMBER) VALUES('Kontor','64580845');
INSERT INTO INFOENTITY_PHONE (INFOENTITY_ID, PHONENUMBERS_ID) VALUES('33','46');
INSERT INTO PHONE (DESCRIPTION, NUMBER) VALUES('Kontor','69681690');
INSERT INTO INFOENTITY_PHONE (INFOENTITY_ID, PHONENUMBERS_ID) VALUES('33','47');

INSERT INTO ADDRESS (ADDITIONALINFO,STREET,CITYINFO_ID) VALUES('','Bredgade 29','397');
INSERT INTO INFOENTITY (DTYPE, EMAIL, ADDRESS_ID) VALUES('Company','CallSide@home.com','34');
INSERT INTO COMPANY (ID, CVR, DESCRIPTION, MARKETVALUE, NAME, NUMEMPLOYEES) VALUES('34','50214091','Retail','17987715','CallSide','79');
INSERT INTO PHONE (DESCRIPTION, NUMBER) VALUES('Kontor','21436668');
INSERT INTO INFOENTITY_PHONE (INFOENTITY_ID, PHONENUMBERS_ID) VALUES('34','48');
INSERT INTO PHONE (DESCRIPTION, NUMBER) VALUES('Kontor','64855430');
INSERT INTO INFOENTITY_PHONE (INFOENTITY_ID, PHONENUMBERS_ID) VALUES('34','49');

INSERT INTO ADDRESS (ADDITIONALINFO,STREET,CITYINFO_ID) VALUES('','Østergade 64','984');
INSERT INTO INFOENTITY (DTYPE, EMAIL, ADDRESS_ID) VALUES('Person','Bente@home.com','35');
INSERT INTO PERSON (ID, FIRSTNAME, LASTNAME) VALUES('35','Bente','Skov');
INSERT INTO PHONE (DESCRIPTION, NUMBER) VALUES('Arbejde','23446046');
INSERT INTO INFOENTITY_PHONE (INFOENTITY_ID, PHONENUMBERS_ID) VALUES('35','50');
INSERT INTO PHONE (DESCRIPTION, NUMBER) VALUES('Arbejde','68672525');
INSERT INTO INFOENTITY_PHONE (INFOENTITY_ID, PHONENUMBERS_ID) VALUES('35','51');

INSERT INTO ADDRESS (ADDITIONALINFO,STREET,CITYINFO_ID) VALUES('1. th.','Strandvejen 43','375');
INSERT INTO INFOENTITY (DTYPE, EMAIL, ADDRESS_ID) VALUES('Company','UpExport@data.com','36');
INSERT INTO COMPANY (ID, CVR, DESCRIPTION, MARKETVALUE, NAME, NUMEMPLOYEES) VALUES('36','33380345','Education','288075503','UpExport','186');
INSERT INTO PHONE (DESCRIPTION, NUMBER) VALUES('Kontor','12537943');
INSERT INTO INFOENTITY_PHONE (INFOENTITY_ID, PHONENUMBERS_ID) VALUES('36','52');

INSERT INTO ADDRESS (ADDITIONALINFO,STREET,CITYINFO_ID) VALUES('','Borgergade 98','801');
INSERT INTO INFOENTITY (DTYPE, EMAIL, ADDRESS_ID) VALUES('Person','Jens@home.com','37');
INSERT INTO PERSON (ID, FIRSTNAME, LASTNAME) VALUES('37','Jens','Møller');
INSERT INTO PERSON_HOBBY (PERSONS_ID, HOBBIES_ID) VALUES('37','12');
INSERT INTO PERSON_HOBBY (PERSONS_ID, HOBBIES_ID) VALUES('37','10');
INSERT INTO PHONE (DESCRIPTION, NUMBER) VALUES('Arbejde','43827923');
INSERT INTO INFOENTITY_PHONE (INFOENTITY_ID, PHONENUMBERS_ID) VALUES('37','53');

INSERT INTO ADDRESS (ADDITIONALINFO,STREET,CITYINFO_ID) VALUES('4. tv.','Engvej 17','549');
INSERT INTO INFOENTITY (DTYPE, EMAIL, ADDRESS_ID) VALUES('Person','Per@live.dk','38');
INSERT INTO PERSON (ID, FIRSTNAME, LASTNAME) VALUES('38','Per','Madsen');
INSERT INTO PERSON_HOBBY (PERSONS_ID, HOBBIES_ID) VALUES('38','12');
INSERT INTO PERSON_HOBBY (PERSONS_ID, HOBBIES_ID) VALUES('38','4');
INSERT INTO PHONE (DESCRIPTION, NUMBER) VALUES('Arbejde','79283503');
INSERT INTO INFOENTITY_PHONE (INFOENTITY_ID, PHONENUMBERS_ID) VALUES('38','54');
INSERT INTO PHONE (DESCRIPTION, NUMBER) VALUES('Arbejde','92017349');
INSERT INTO INFOENTITY_PHONE (INFOENTITY_ID, PHONENUMBERS_ID) VALUES('38','55');

INSERT INTO ADDRESS (ADDITIONALINFO,STREET,CITYINFO_ID) VALUES('','Ågade 91','821');
INSERT INTO INFOENTITY (DTYPE, EMAIL, ADDRESS_ID) VALUES('Company','CallKnight@gmail.com','39');
INSERT INTO COMPANY (ID, CVR, DESCRIPTION, MARKETVALUE, NAME, NUMEMPLOYEES) VALUES('39','23842456','Sales','12083607','CallKnight','124');
INSERT INTO PHONE (DESCRIPTION, NUMBER) VALUES('Kontor','44713066');
INSERT INTO INFOENTITY_PHONE (INFOENTITY_ID, PHONENUMBERS_ID) VALUES('39','56');
INSERT INTO PHONE (DESCRIPTION, NUMBER) VALUES('Kontor','60637444');
INSERT INTO INFOENTITY_PHONE (INFOENTITY_ID, PHONENUMBERS_ID) VALUES('39','57');

INSERT INTO ADDRESS (ADDITIONALINFO,STREET,CITYINFO_ID) VALUES('4. th.','Ågade 1','343');
INSERT INTO INFOENTITY (DTYPE, EMAIL, ADDRESS_ID) VALUES('Person','Tove@business.dk','40');
INSERT INTO PERSON (ID, FIRSTNAME, LASTNAME) VALUES('40','Tove','Andersen');
INSERT INTO PERSON_HOBBY (PERSONS_ID, HOBBIES_ID) VALUES('40','18');
INSERT INTO PERSON_HOBBY (PERSONS_ID, HOBBIES_ID) VALUES('40','12');
INSERT INTO PERSON_HOBBY (PERSONS_ID, HOBBIES_ID) VALUES('40','14');
INSERT INTO PHONE (DESCRIPTION, NUMBER) VALUES('Mobil','78625223');
INSERT INTO INFOENTITY_PHONE (INFOENTITY_ID, PHONENUMBERS_ID) VALUES('40','58');
INSERT INTO PHONE (DESCRIPTION, NUMBER) VALUES('Hjem','86801291');
INSERT INTO INFOENTITY_PHONE (INFOENTITY_ID, PHONENUMBERS_ID) VALUES('40','59');

INSERT INTO ADDRESS (ADDITIONALINFO,STREET,CITYINFO_ID) VALUES('','Søndegade 36','672');
INSERT INTO INFOENTITY (DTYPE, EMAIL, ADDRESS_ID) VALUES('Person','Sidsel@live.com','41');
INSERT INTO PERSON (ID, FIRSTNAME, LASTNAME) VALUES('41','Sidsel','Troelsen');
INSERT INTO PERSON_HOBBY (PERSONS_ID, HOBBIES_ID) VALUES('41','16');
INSERT INTO PERSON_HOBBY (PERSONS_ID, HOBBIES_ID) VALUES('41','15');
INSERT INTO PERSON_HOBBY (PERSONS_ID, HOBBIES_ID) VALUES('41','7');
INSERT INTO PHONE (DESCRIPTION, NUMBER) VALUES('Mobil','40718197');
INSERT INTO INFOENTITY_PHONE (INFOENTITY_ID, PHONENUMBERS_ID) VALUES('41','60');
INSERT INTO PHONE (DESCRIPTION, NUMBER) VALUES('Mobil','35434606');
INSERT INTO INFOENTITY_PHONE (INFOENTITY_ID, PHONENUMBERS_ID) VALUES('41','61');

INSERT INTO ADDRESS (ADDITIONALINFO,STREET,CITYINFO_ID) VALUES('','Violvej 96','15');
INSERT INTO INFOENTITY (DTYPE, EMAIL, ADDRESS_ID) VALUES('Company','EastExport@live.dk','42');
INSERT INTO COMPANY (ID, CVR, DESCRIPTION, MARKETVALUE, NAME, NUMEMPLOYEES) VALUES('42','23350050','Production','947220700','EastExport','183');
INSERT INTO PHONE (DESCRIPTION, NUMBER) VALUES('Kontor','45764869');
INSERT INTO INFOENTITY_PHONE (INFOENTITY_ID, PHONENUMBERS_ID) VALUES('42','62');

INSERT INTO ADDRESS (ADDITIONALINFO,STREET,CITYINFO_ID) VALUES('','Borgergade 98','1084');
INSERT INTO INFOENTITY (DTYPE, EMAIL, ADDRESS_ID) VALUES('Person','Dorte@hotmail.com','43');
INSERT INTO PERSON (ID, FIRSTNAME, LASTNAME) VALUES('43','Dorte','Underberg');
INSERT INTO PERSON_HOBBY (PERSONS_ID, HOBBIES_ID) VALUES('43','10');
INSERT INTO PHONE (DESCRIPTION, NUMBER) VALUES('Arbejde','81370585');
INSERT INTO INFOENTITY_PHONE (INFOENTITY_ID, PHONENUMBERS_ID) VALUES('43','63');

INSERT INTO ADDRESS (ADDITIONALINFO,STREET,CITYINFO_ID) VALUES('3. th.','Poppel Allé 25','1300');
INSERT INTO INFOENTITY (DTYPE, EMAIL, ADDRESS_ID) VALUES('Person','Karl@msn.com','44');
INSERT INTO PERSON (ID, FIRSTNAME, LASTNAME) VALUES('44','Karl','Frandsen');
INSERT INTO PHONE (DESCRIPTION, NUMBER) VALUES('Hjem','57975451');
INSERT INTO INFOENTITY_PHONE (INFOENTITY_ID, PHONENUMBERS_ID) VALUES('44','64');

INSERT INTO ADDRESS (ADDITIONALINFO,STREET,CITYINFO_ID) VALUES('3. th.','Skovvej 70','1345');
INSERT INTO INFOENTITY (DTYPE, EMAIL, ADDRESS_ID) VALUES('Company','SouthImport@hotmail.dk','45');
INSERT INTO COMPANY (ID, CVR, DESCRIPTION, MARKETVALUE, NAME, NUMEMPLOYEES) VALUES('45','41256679','Retail','844151974','SouthImport','55');
INSERT INTO PHONE (DESCRIPTION, NUMBER) VALUES('Kontor','42702296');
INSERT INTO INFOENTITY_PHONE (INFOENTITY_ID, PHONENUMBERS_ID) VALUES('45','65');
INSERT INTO PHONE (DESCRIPTION, NUMBER) VALUES('Reception','86635159');
INSERT INTO INFOENTITY_PHONE (INFOENTITY_ID, PHONENUMBERS_ID) VALUES('45','66');

INSERT INTO ADDRESS (ADDITIONALINFO,STREET,CITYINFO_ID) VALUES('','Vibevej 74','1083');
INSERT INTO INFOENTITY (DTYPE, EMAIL, ADDRESS_ID) VALUES('Person','Ib@home.com','46');
INSERT INTO PERSON (ID, FIRSTNAME, LASTNAME) VALUES('46','Ib','Brobjerg');
INSERT INTO PERSON_HOBBY (PERSONS_ID, HOBBIES_ID) VALUES('46','6');
INSERT INTO PERSON_HOBBY (PERSONS_ID, HOBBIES_ID) VALUES('46','19');
INSERT INTO PERSON_HOBBY (PERSONS_ID, HOBBIES_ID) VALUES('46','1');
INSERT INTO PHONE (DESCRIPTION, NUMBER) VALUES('Arbejde','66573984');
INSERT INTO INFOENTITY_PHONE (INFOENTITY_ID, PHONENUMBERS_ID) VALUES('46','67');

INSERT INTO ADDRESS (ADDITIONALINFO,STREET,CITYINFO_ID) VALUES('','Skovbakken 86','996');
INSERT INTO INFOENTITY (DTYPE, EMAIL, ADDRESS_ID) VALUES('Person','Else@office.dk','47');
INSERT INTO PERSON (ID, FIRSTNAME, LASTNAME) VALUES('47','Else','Bentholm');
INSERT INTO PERSON_HOBBY (PERSONS_ID, HOBBIES_ID) VALUES('47','7');
INSERT INTO PERSON_HOBBY (PERSONS_ID, HOBBIES_ID) VALUES('47','6');
INSERT INTO PERSON_HOBBY (PERSONS_ID, HOBBIES_ID) VALUES('47','3');
INSERT INTO PHONE (DESCRIPTION, NUMBER) VALUES('Mobil','92870880');
INSERT INTO INFOENTITY_PHONE (INFOENTITY_ID, PHONENUMBERS_ID) VALUES('47','68');

INSERT INTO ADDRESS (ADDITIONALINFO,STREET,CITYINFO_ID) VALUES('1. th.','Østergade 49','1192');
INSERT INTO INFOENTITY (DTYPE, EMAIL, ADDRESS_ID) VALUES('Person','Tove@home.com','48');
INSERT INTO PERSON (ID, FIRSTNAME, LASTNAME) VALUES('48','Tove','Wiksøe');
INSERT INTO PERSON_HOBBY (PERSONS_ID, HOBBIES_ID) VALUES('48','8');
INSERT INTO PHONE (DESCRIPTION, NUMBER) VALUES('Arbejde','81164010');
INSERT INTO INFOENTITY_PHONE (INFOENTITY_ID, PHONENUMBERS_ID) VALUES('48','69');
INSERT INTO PHONE (DESCRIPTION, NUMBER) VALUES('Arbejde','85464464');
INSERT INTO INFOENTITY_PHONE (INFOENTITY_ID, PHONENUMBERS_ID) VALUES('48','70');

INSERT INTO ADDRESS (ADDITIONALINFO,STREET,CITYINFO_ID) VALUES('','Vibevej 40','1017');
INSERT INTO INFOENTITY (DTYPE, EMAIL, ADDRESS_ID) VALUES('Person','Bente@office.dk','49');
INSERT INTO PERSON (ID, FIRSTNAME, LASTNAME) VALUES('49','Bente','Lehmann');
INSERT INTO PERSON_HOBBY (PERSONS_ID, HOBBIES_ID) VALUES('49','9');
INSERT INTO PERSON_HOBBY (PERSONS_ID, HOBBIES_ID) VALUES('49','7');
INSERT INTO PERSON_HOBBY (PERSONS_ID, HOBBIES_ID) VALUES('49','2');
INSERT INTO PHONE (DESCRIPTION, NUMBER) VALUES('Mobil','89383287');
INSERT INTO INFOENTITY_PHONE (INFOENTITY_ID, PHONENUMBERS_ID) VALUES('49','71');
INSERT INTO PHONE (DESCRIPTION, NUMBER) VALUES('Hjem','62417746');
INSERT INTO INFOENTITY_PHONE (INFOENTITY_ID, PHONENUMBERS_ID) VALUES('49','72');

INSERT INTO ADDRESS (ADDITIONALINFO,STREET,CITYINFO_ID) VALUES('4. tv.','Skolegade 88','1319');
INSERT INTO INFOENTITY (DTYPE, EMAIL, ADDRESS_ID) VALUES('Company','AllData@office.dk','50');
INSERT INTO COMPANY (ID, CVR, DESCRIPTION, MARKETVALUE, NAME, NUMEMPLOYEES) VALUES('50','23682251','Medicine','926154483','AllData','56');
INSERT INTO PHONE (DESCRIPTION, NUMBER) VALUES('Reception','90422782');
INSERT INTO INFOENTITY_PHONE (INFOENTITY_ID, PHONENUMBERS_ID) VALUES('50','73');
INSERT INTO PHONE (DESCRIPTION, NUMBER) VALUES('Reception','12758516');
INSERT INTO INFOENTITY_PHONE (INFOENTITY_ID, PHONENUMBERS_ID) VALUES('50','74');

INSERT INTO ADDRESS (ADDITIONALINFO,STREET,CITYINFO_ID) VALUES('','Nygade 20','900');
INSERT INTO INFOENTITY (DTYPE, EMAIL, ADDRESS_ID) VALUES('Person','Rene@data.com','51');
INSERT INTO PERSON (ID, FIRSTNAME, LASTNAME) VALUES('51','Rene','Madsen');
INSERT INTO PERSON_HOBBY (PERSONS_ID, HOBBIES_ID) VALUES('51','13');
INSERT INTO PHONE (DESCRIPTION, NUMBER) VALUES('Arbejde','77230522');
INSERT INTO INFOENTITY_PHONE (INFOENTITY_ID, PHONENUMBERS_ID) VALUES('51','75');
INSERT INTO PHONE (DESCRIPTION, NUMBER) VALUES('Mobil','61094315');
INSERT INTO INFOENTITY_PHONE (INFOENTITY_ID, PHONENUMBERS_ID) VALUES('51','76');

INSERT INTO ADDRESS (ADDITIONALINFO,STREET,CITYINFO_ID) VALUES('','Vinkelvej 40','1026');
INSERT INTO INFOENTITY (DTYPE, EMAIL, ADDRESS_ID) VALUES('Person','Trine@hotmail.dk','52');
INSERT INTO PERSON (ID, FIRSTNAME, LASTNAME) VALUES('52','Trine','Bentholm');
INSERT INTO PERSON_HOBBY (PERSONS_ID, HOBBIES_ID) VALUES('52','5');
INSERT INTO PHONE (DESCRIPTION, NUMBER) VALUES('Mobil','80032476');
INSERT INTO INFOENTITY_PHONE (INFOENTITY_ID, PHONENUMBERS_ID) VALUES('52','77');

INSERT INTO ADDRESS (ADDITIONALINFO,STREET,CITYINFO_ID) VALUES('4. th.','Vibevej 95','760');
INSERT INTO INFOENTITY (DTYPE, EMAIL, ADDRESS_ID) VALUES('Person','Beate@jubii.dk','53');
INSERT INTO PERSON (ID, FIRSTNAME, LASTNAME) VALUES('53','Beate','Berg');
INSERT INTO PERSON_HOBBY (PERSONS_ID, HOBBIES_ID) VALUES('53','12');
INSERT INTO PERSON_HOBBY (PERSONS_ID, HOBBIES_ID) VALUES('53','10');
INSERT INTO PERSON_HOBBY (PERSONS_ID, HOBBIES_ID) VALUES('53','20');
INSERT INTO PHONE (DESCRIPTION, NUMBER) VALUES('Arbejde','56393808');
INSERT INTO INFOENTITY_PHONE (INFOENTITY_ID, PHONENUMBERS_ID) VALUES('53','78');
INSERT INTO PHONE (DESCRIPTION, NUMBER) VALUES('Hjem','99640039');
INSERT INTO INFOENTITY_PHONE (INFOENTITY_ID, PHONENUMBERS_ID) VALUES('53','79');

INSERT INTO ADDRESS (ADDITIONALINFO,STREET,CITYINFO_ID) VALUES('','Langgade 54','244');
INSERT INTO INFOENTITY (DTYPE, EMAIL, ADDRESS_ID) VALUES('Person','Ole@msn.dk','54');
INSERT INTO PERSON (ID, FIRSTNAME, LASTNAME) VALUES('54','Ole','Ardberg');
INSERT INTO PERSON_HOBBY (PERSONS_ID, HOBBIES_ID) VALUES('54','8');
INSERT INTO PERSON_HOBBY (PERSONS_ID, HOBBIES_ID) VALUES('54','17');
INSERT INTO PERSON_HOBBY (PERSONS_ID, HOBBIES_ID) VALUES('54','10');
INSERT INTO PHONE (DESCRIPTION, NUMBER) VALUES('Mobil','69652357');
INSERT INTO INFOENTITY_PHONE (INFOENTITY_ID, PHONENUMBERS_ID) VALUES('54','80');

INSERT INTO ADDRESS (ADDITIONALINFO,STREET,CITYINFO_ID) VALUES('','Stormgade 80','1285');
INSERT INTO INFOENTITY (DTYPE, EMAIL, ADDRESS_ID) VALUES('Person','Lars@hotmail.com','55');
INSERT INTO PERSON (ID, FIRSTNAME, LASTNAME) VALUES('55','Lars','Skov');
INSERT INTO PHONE (DESCRIPTION, NUMBER) VALUES('Hjem','21279392');
INSERT INTO INFOENTITY_PHONE (INFOENTITY_ID, PHONENUMBERS_ID) VALUES('55','81');
INSERT INTO PHONE (DESCRIPTION, NUMBER) VALUES('Arbejde','29495912');
INSERT INTO INFOENTITY_PHONE (INFOENTITY_ID, PHONENUMBERS_ID) VALUES('55','82');

INSERT INTO ADDRESS (ADDITIONALINFO,STREET,CITYINFO_ID) VALUES('','Ågade 13','140');
INSERT INTO INFOENTITY (DTYPE, EMAIL, ADDRESS_ID) VALUES('Person','Andrea@hotmail.dk','56');
INSERT INTO PERSON (ID, FIRSTNAME, LASTNAME) VALUES('56','Andrea','Brobjerg');
INSERT INTO PERSON_HOBBY (PERSONS_ID, HOBBIES_ID) VALUES('56','18');
INSERT INTO PERSON_HOBBY (PERSONS_ID, HOBBIES_ID) VALUES('56','2');
INSERT INTO PHONE (DESCRIPTION, NUMBER) VALUES('Arbejde','96551478');
INSERT INTO INFOENTITY_PHONE (INFOENTITY_ID, PHONENUMBERS_ID) VALUES('56','83');

INSERT INTO ADDRESS (ADDITIONALINFO,STREET,CITYINFO_ID) VALUES('','Langgade 32','855');
INSERT INTO INFOENTITY (DTYPE, EMAIL, ADDRESS_ID) VALUES('Person','Ida@home.com','57');
INSERT INTO PERSON (ID, FIRSTNAME, LASTNAME) VALUES('57','Ida','Eilersen');
INSERT INTO PERSON_HOBBY (PERSONS_ID, HOBBIES_ID) VALUES('57','17');
INSERT INTO PHONE (DESCRIPTION, NUMBER) VALUES('Mobil','75978217');
INSERT INTO INFOENTITY_PHONE (INFOENTITY_ID, PHONENUMBERS_ID) VALUES('57','84');

INSERT INTO ADDRESS (ADDITIONALINFO,STREET,CITYINFO_ID) VALUES('2. th.','Borgergade 36','846');
INSERT INTO INFOENTITY (DTYPE, EMAIL, ADDRESS_ID) VALUES('Person','Else@office.dk','58');
INSERT INTO PERSON (ID, FIRSTNAME, LASTNAME) VALUES('58','Else','Olsen');
INSERT INTO PERSON_HOBBY (PERSONS_ID, HOBBIES_ID) VALUES('58','8');
INSERT INTO PHONE (DESCRIPTION, NUMBER) VALUES('Mobil','63019531');
INSERT INTO INFOENTITY_PHONE (INFOENTITY_ID, PHONENUMBERS_ID) VALUES('58','85');

INSERT INTO ADDRESS (ADDITIONALINFO,STREET,CITYINFO_ID) VALUES('','Vinkelvej 9','641');
INSERT INTO INFOENTITY (DTYPE, EMAIL, ADDRESS_ID) VALUES('Company','WestKnight@live.com','59');
INSERT INTO COMPANY (ID, CVR, DESCRIPTION, MARKETVALUE, NAME, NUMEMPLOYEES) VALUES('59','18776960','Construction','606254563','WestKnight','19');
INSERT INTO PHONE (DESCRIPTION, NUMBER) VALUES('Reception','77960748');
INSERT INTO INFOENTITY_PHONE (INFOENTITY_ID, PHONENUMBERS_ID) VALUES('59','86');

INSERT INTO ADDRESS (ADDITIONALINFO,STREET,CITYINFO_ID) VALUES('','Møllevej 15','98');
INSERT INTO INFOENTITY (DTYPE, EMAIL, ADDRESS_ID) VALUES('Person','Einar@yahoo.com','60');
INSERT INTO PERSON (ID, FIRSTNAME, LASTNAME) VALUES('60','Einar','Flintholm');
INSERT INTO PERSON_HOBBY (PERSONS_ID, HOBBIES_ID) VALUES('60','17');
INSERT INTO PERSON_HOBBY (PERSONS_ID, HOBBIES_ID) VALUES('60','18');
INSERT INTO PERSON_HOBBY (PERSONS_ID, HOBBIES_ID) VALUES('60','12');
INSERT INTO PHONE (DESCRIPTION, NUMBER) VALUES('Arbejde','23838078');
INSERT INTO INFOENTITY_PHONE (INFOENTITY_ID, PHONENUMBERS_ID) VALUES('60','87');
INSERT INTO PHONE (DESCRIPTION, NUMBER) VALUES('Mobil','6607610');
INSERT INTO INFOENTITY_PHONE (INFOENTITY_ID, PHONENUMBERS_ID) VALUES('60','88');

INSERT INTO ADDRESS (ADDITIONALINFO,STREET,CITYINFO_ID) VALUES('2. th.','Poppel Allé 51','3');
INSERT INTO INFOENTITY (DTYPE, EMAIL, ADDRESS_ID) VALUES('Person','Iben@data.com','61');
INSERT INTO PERSON (ID, FIRSTNAME, LASTNAME) VALUES('61','Iben','Nielsen');
INSERT INTO PERSON_HOBBY (PERSONS_ID, HOBBIES_ID) VALUES('61','14');
INSERT INTO PHONE (DESCRIPTION, NUMBER) VALUES('Mobil','84157493');
INSERT INTO INFOENTITY_PHONE (INFOENTITY_ID, PHONENUMBERS_ID) VALUES('61','89');
INSERT INTO PHONE (DESCRIPTION, NUMBER) VALUES('Arbejde','58243299');
INSERT INTO INFOENTITY_PHONE (INFOENTITY_ID, PHONENUMBERS_ID) VALUES('61','90');

INSERT INTO ADDRESS (ADDITIONALINFO,STREET,CITYINFO_ID) VALUES('','Østergade 52','435');
INSERT INTO INFOENTITY (DTYPE, EMAIL, ADDRESS_ID) VALUES('Company','CallSolutions@office.dk','62');
INSERT INTO COMPANY (ID, CVR, DESCRIPTION, MARKETVALUE, NAME, NUMEMPLOYEES) VALUES('62','34276169','Investment','735965833','CallSolutions','50');
INSERT INTO PHONE (DESCRIPTION, NUMBER) VALUES('Kontor','25231638');
INSERT INTO INFOENTITY_PHONE (INFOENTITY_ID, PHONENUMBERS_ID) VALUES('62','91');
INSERT INTO PHONE (DESCRIPTION, NUMBER) VALUES('Reception','92356548');
INSERT INTO INFOENTITY_PHONE (INFOENTITY_ID, PHONENUMBERS_ID) VALUES('62','92');

INSERT INTO ADDRESS (ADDITIONALINFO,STREET,CITYINFO_ID) VALUES('','Hovedgaden 96','1328');
INSERT INTO INFOENTITY (DTYPE, EMAIL, ADDRESS_ID) VALUES('Person','Jens@work.com','63');
INSERT INTO PERSON (ID, FIRSTNAME, LASTNAME) VALUES('63','Jens','Ardberg');
INSERT INTO PHONE (DESCRIPTION, NUMBER) VALUES('Mobil','23657449');
INSERT INTO INFOENTITY_PHONE (INFOENTITY_ID, PHONENUMBERS_ID) VALUES('63','93');

INSERT INTO ADDRESS (ADDITIONALINFO,STREET,CITYINFO_ID) VALUES('','Bredgade 7','462');
INSERT INTO INFOENTITY (DTYPE, EMAIL, ADDRESS_ID) VALUES('Person','Karl@jubii.dk','64');
INSERT INTO PERSON (ID, FIRSTNAME, LASTNAME) VALUES('64','Karl','Lehmann');
INSERT INTO PERSON_HOBBY (PERSONS_ID, HOBBIES_ID) VALUES('64','11');
INSERT INTO PHONE (DESCRIPTION, NUMBER) VALUES('Mobil','85726679');
INSERT INTO INFOENTITY_PHONE (INFOENTITY_ID, PHONENUMBERS_ID) VALUES('64','94');
INSERT INTO PHONE (DESCRIPTION, NUMBER) VALUES('Mobil','38718354');
INSERT INTO INFOENTITY_PHONE (INFOENTITY_ID, PHONENUMBERS_ID) VALUES('64','95');

INSERT INTO ADDRESS (ADDITIONALINFO,STREET,CITYINFO_ID) VALUES('','Lærkevej 48','774');
INSERT INTO INFOENTITY (DTYPE, EMAIL, ADDRESS_ID) VALUES('Person','Lone@msn.dk','65');
INSERT INTO PERSON (ID, FIRSTNAME, LASTNAME) VALUES('65','Lone','Sørensen');
INSERT INTO PERSON_HOBBY (PERSONS_ID, HOBBIES_ID) VALUES('65','14');
INSERT INTO PERSON_HOBBY (PERSONS_ID, HOBBIES_ID) VALUES('65','8');
INSERT INTO PHONE (DESCRIPTION, NUMBER) VALUES('Hjem','23093759');
INSERT INTO INFOENTITY_PHONE (INFOENTITY_ID, PHONENUMBERS_ID) VALUES('65','96');
INSERT INTO PHONE (DESCRIPTION, NUMBER) VALUES('Hjem','25263235');
INSERT INTO INFOENTITY_PHONE (INFOENTITY_ID, PHONENUMBERS_ID) VALUES('65','97');

INSERT INTO ADDRESS (ADDITIONALINFO,STREET,CITYINFO_ID) VALUES('','Møllevej 18','911');
INSERT INTO INFOENTITY (DTYPE, EMAIL, ADDRESS_ID) VALUES('Company','SeniorEnterprise@gmail.com','66');
INSERT INTO COMPANY (ID, CVR, DESCRIPTION, MARKETVALUE, NAME, NUMEMPLOYEES) VALUES('66','20888757','Retail','688256316','SeniorEnterprise','47');
INSERT INTO PHONE (DESCRIPTION, NUMBER) VALUES('Reception','88296003');
INSERT INTO INFOENTITY_PHONE (INFOENTITY_ID, PHONENUMBERS_ID) VALUES('66','98');
INSERT INTO PHONE (DESCRIPTION, NUMBER) VALUES('Reception','37714137');
INSERT INTO INFOENTITY_PHONE (INFOENTITY_ID, PHONENUMBERS_ID) VALUES('66','99');

INSERT INTO ADDRESS (ADDITIONALINFO,STREET,CITYINFO_ID) VALUES('2. tv.','Vinkelvej 83','423');
INSERT INTO INFOENTITY (DTYPE, EMAIL, ADDRESS_ID) VALUES('Person','Gunnar@live.com','67');
INSERT INTO PERSON (ID, FIRSTNAME, LASTNAME) VALUES('67','Gunnar','Flintholm');
INSERT INTO PERSON_HOBBY (PERSONS_ID, HOBBIES_ID) VALUES('67','7');
INSERT INTO PHONE (DESCRIPTION, NUMBER) VALUES('Arbejde','85639527');
INSERT INTO INFOENTITY_PHONE (INFOENTITY_ID, PHONENUMBERS_ID) VALUES('67','100');
INSERT INTO PHONE (DESCRIPTION, NUMBER) VALUES('Mobil','39150515');
INSERT INTO INFOENTITY_PHONE (INFOENTITY_ID, PHONENUMBERS_ID) VALUES('67','101');

INSERT INTO ADDRESS (ADDITIONALINFO,STREET,CITYINFO_ID) VALUES('','Møllevej 70','72');
INSERT INTO INFOENTITY (DTYPE, EMAIL, ADDRESS_ID) VALUES('Company','EastLine@office.dk','68');
INSERT INTO COMPANY (ID, CVR, DESCRIPTION, MARKETVALUE, NAME, NUMEMPLOYEES) VALUES('68','74263260','Software','520778012','EastLine','27');
INSERT INTO PHONE (DESCRIPTION, NUMBER) VALUES('Reception','23211360');
INSERT INTO INFOENTITY_PHONE (INFOENTITY_ID, PHONENUMBERS_ID) VALUES('68','102');

INSERT INTO ADDRESS (ADDITIONALINFO,STREET,CITYINFO_ID) VALUES('1. tv.','Nørregade 55','1079');
INSERT INTO INFOENTITY (DTYPE, EMAIL, ADDRESS_ID) VALUES('Person','Ib@live.dk','69');
INSERT INTO PERSON (ID, FIRSTNAME, LASTNAME) VALUES('69','Ib','Lindstrøm');
INSERT INTO PERSON_HOBBY (PERSONS_ID, HOBBIES_ID) VALUES('69','18');
INSERT INTO PHONE (DESCRIPTION, NUMBER) VALUES('Mobil','56266679');
INSERT INTO INFOENTITY_PHONE (INFOENTITY_ID, PHONENUMBERS_ID) VALUES('69','103');
INSERT INTO PHONE (DESCRIPTION, NUMBER) VALUES('Arbejde','80578214');
INSERT INTO INFOENTITY_PHONE (INFOENTITY_ID, PHONENUMBERS_ID) VALUES('69','104');

INSERT INTO ADDRESS (ADDITIONALINFO,STREET,CITYINFO_ID) VALUES('','Storegade 96','1285');
INSERT INTO INFOENTITY (DTYPE, EMAIL, ADDRESS_ID) VALUES('Person','Bente@home.com','70');
INSERT INTO PERSON (ID, FIRSTNAME, LASTNAME) VALUES('70','Bente','Møller');
INSERT INTO PHONE (DESCRIPTION, NUMBER) VALUES('Arbejde','78721496');
INSERT INTO INFOENTITY_PHONE (INFOENTITY_ID, PHONENUMBERS_ID) VALUES('70','105');
INSERT INTO PHONE (DESCRIPTION, NUMBER) VALUES('Mobil','42113527');
INSERT INTO INFOENTITY_PHONE (INFOENTITY_ID, PHONENUMBERS_ID) VALUES('70','106');

INSERT INTO ADDRESS (ADDITIONALINFO,STREET,CITYINFO_ID) VALUES('3. tv.','Vibevej 15','600');
INSERT INTO INFOENTITY (DTYPE, EMAIL, ADDRESS_ID) VALUES('Person','Sidsel@msn.com','71');
INSERT INTO PERSON (ID, FIRSTNAME, LASTNAME) VALUES('71','Sidsel','Nielsen');
INSERT INTO PHONE (DESCRIPTION, NUMBER) VALUES('Hjem','68995330');
INSERT INTO INFOENTITY_PHONE (INFOENTITY_ID, PHONENUMBERS_ID) VALUES('71','107');

INSERT INTO ADDRESS (ADDITIONALINFO,STREET,CITYINFO_ID) VALUES('','Poppel Allé 99','754');
INSERT INTO INFOENTITY (DTYPE, EMAIL, ADDRESS_ID) VALUES('Person','Iben@home.com','72');
INSERT INTO PERSON (ID, FIRSTNAME, LASTNAME) VALUES('72','Iben','Troelsen');
INSERT INTO PHONE (DESCRIPTION, NUMBER) VALUES('Hjem','42208395');
INSERT INTO INFOENTITY_PHONE (INFOENTITY_ID, PHONENUMBERS_ID) VALUES('72','108');

INSERT INTO ADDRESS (ADDITIONALINFO,STREET,CITYINFO_ID) VALUES('','Strandvejen 43','1244');
INSERT INTO INFOENTITY (DTYPE, EMAIL, ADDRESS_ID) VALUES('Company','NorthSolutions@business.dk','73');
INSERT INTO COMPANY (ID, CVR, DESCRIPTION, MARKETVALUE, NAME, NUMEMPLOYEES) VALUES('73','60876467','Retail','137221087','NorthSolutions','127');
INSERT INTO PHONE (DESCRIPTION, NUMBER) VALUES('Kontor','74675169');
INSERT INTO INFOENTITY_PHONE (INFOENTITY_ID, PHONENUMBERS_ID) VALUES('73','109');

INSERT INTO ADDRESS (ADDITIONALINFO,STREET,CITYINFO_ID) VALUES('3. th.','Bredgade 17','1261');
INSERT INTO INFOENTITY (DTYPE, EMAIL, ADDRESS_ID) VALUES('Person','Rene@jubii.dk','74');
INSERT INTO PERSON (ID, FIRSTNAME, LASTNAME) VALUES('74','Rene','Friis');
INSERT INTO PHONE (DESCRIPTION, NUMBER) VALUES('Mobil','30284722');
INSERT INTO INFOENTITY_PHONE (INFOENTITY_ID, PHONENUMBERS_ID) VALUES('74','110');

INSERT INTO ADDRESS (ADDITIONALINFO,STREET,CITYINFO_ID) VALUES('','Stormgade 98','1327');
INSERT INTO INFOENTITY (DTYPE, EMAIL, ADDRESS_ID) VALUES('Person','Gitte@gmail.com','75');
INSERT INTO PERSON (ID, FIRSTNAME, LASTNAME) VALUES('75','Gitte','Meinholt');
INSERT INTO PERSON_HOBBY (PERSONS_ID, HOBBIES_ID) VALUES('75','3');
INSERT INTO PERSON_HOBBY (PERSONS_ID, HOBBIES_ID) VALUES('75','1');
INSERT INTO PERSON_HOBBY (PERSONS_ID, HOBBIES_ID) VALUES('75','9');
INSERT INTO PHONE (DESCRIPTION, NUMBER) VALUES('Hjem','40970861');
INSERT INTO INFOENTITY_PHONE (INFOENTITY_ID, PHONENUMBERS_ID) VALUES('75','111');
INSERT INTO PHONE (DESCRIPTION, NUMBER) VALUES('Mobil','13735938');
INSERT INTO INFOENTITY_PHONE (INFOENTITY_ID, PHONENUMBERS_ID) VALUES('75','112');

INSERT INTO ADDRESS (ADDITIONALINFO,STREET,CITYINFO_ID) VALUES('','Poppel Allé 33','516');
INSERT INTO INFOENTITY (DTYPE, EMAIL, ADDRESS_ID) VALUES('Person','Andrea@live.dk','76');
INSERT INTO PERSON (ID, FIRSTNAME, LASTNAME) VALUES('76','Andrea','Andersen');
INSERT INTO PHONE (DESCRIPTION, NUMBER) VALUES('Mobil','48209926');
INSERT INTO INFOENTITY_PHONE (INFOENTITY_ID, PHONENUMBERS_ID) VALUES('76','113');

INSERT INTO ADDRESS (ADDITIONALINFO,STREET,CITYINFO_ID) VALUES('','Østergade 76','300');
INSERT INTO INFOENTITY (DTYPE, EMAIL, ADDRESS_ID) VALUES('Company','CallImport@work.com','77');
INSERT INTO COMPANY (ID, CVR, DESCRIPTION, MARKETVALUE, NAME, NUMEMPLOYEES) VALUES('77','98577434','Human Ressources','415544568','CallImport','28');
INSERT INTO PHONE (DESCRIPTION, NUMBER) VALUES('Kontor','85272600');
INSERT INTO INFOENTITY_PHONE (INFOENTITY_ID, PHONENUMBERS_ID) VALUES('77','114');

INSERT INTO ADDRESS (ADDITIONALINFO,STREET,CITYINFO_ID) VALUES('','Storegade 19','1296');
INSERT INTO INFOENTITY (DTYPE, EMAIL, ADDRESS_ID) VALUES('Person','Allan@live.com','78');
INSERT INTO PERSON (ID, FIRSTNAME, LASTNAME) VALUES('78','Allan','Torp');
INSERT INTO PERSON_HOBBY (PERSONS_ID, HOBBIES_ID) VALUES('78','19');
INSERT INTO PHONE (DESCRIPTION, NUMBER) VALUES('Mobil','64850392');
INSERT INTO INFOENTITY_PHONE (INFOENTITY_ID, PHONENUMBERS_ID) VALUES('78','115');

INSERT INTO ADDRESS (ADDITIONALINFO,STREET,CITYINFO_ID) VALUES('','Vestergade 45','1039');
INSERT INTO INFOENTITY (DTYPE, EMAIL, ADDRESS_ID) VALUES('Person','Bente@business.dk','79');
INSERT INTO PERSON (ID, FIRSTNAME, LASTNAME) VALUES('79','Bente','Underberg');
INSERT INTO PERSON_HOBBY (PERSONS_ID, HOBBIES_ID) VALUES('79','7');
INSERT INTO PERSON_HOBBY (PERSONS_ID, HOBBIES_ID) VALUES('79','16');
INSERT INTO PHONE (DESCRIPTION, NUMBER) VALUES('Hjem','40522068');
INSERT INTO INFOENTITY_PHONE (INFOENTITY_ID, PHONENUMBERS_ID) VALUES('79','116');

INSERT INTO ADDRESS (ADDITIONALINFO,STREET,CITYINFO_ID) VALUES('','Skovbrynet 88','1102');
INSERT INTO INFOENTITY (DTYPE, EMAIL, ADDRESS_ID) VALUES('Company','UniExport@home.com','80');
INSERT INTO COMPANY (ID, CVR, DESCRIPTION, MARKETVALUE, NAME, NUMEMPLOYEES) VALUES('80','57460212','Cleaning','120866070','UniExport','22');
INSERT INTO PHONE (DESCRIPTION, NUMBER) VALUES('Kontor','43115343');
INSERT INTO INFOENTITY_PHONE (INFOENTITY_ID, PHONENUMBERS_ID) VALUES('80','117');
INSERT INTO PHONE (DESCRIPTION, NUMBER) VALUES('Kontor','69295679');
INSERT INTO INFOENTITY_PHONE (INFOENTITY_ID, PHONENUMBERS_ID) VALUES('80','118');

INSERT INTO ADDRESS (ADDITIONALINFO,STREET,CITYINFO_ID) VALUES('','Bredgade 12','1070');
INSERT INTO INFOENTITY (DTYPE, EMAIL, ADDRESS_ID) VALUES('Company','UniKnight@business.dk','81');
INSERT INTO COMPANY (ID, CVR, DESCRIPTION, MARKETVALUE, NAME, NUMEMPLOYEES) VALUES('81','73239826','Development','217286976','UniKnight','61');
INSERT INTO PHONE (DESCRIPTION, NUMBER) VALUES('Kontor','55690835');
INSERT INTO INFOENTITY_PHONE (INFOENTITY_ID, PHONENUMBERS_ID) VALUES('81','119');

INSERT INTO ADDRESS (ADDITIONALINFO,STREET,CITYINFO_ID) VALUES('','Lærkevej 34','727');
INSERT INTO INFOENTITY (DTYPE, EMAIL, ADDRESS_ID) VALUES('Person','Benny@work.com','82');
INSERT INTO PERSON (ID, FIRSTNAME, LASTNAME) VALUES('82','Benny','Klausen');
INSERT INTO PHONE (DESCRIPTION, NUMBER) VALUES('Mobil','95169883');
INSERT INTO INFOENTITY_PHONE (INFOENTITY_ID, PHONENUMBERS_ID) VALUES('82','120');
INSERT INTO PHONE (DESCRIPTION, NUMBER) VALUES('Arbejde','56626411');
INSERT INTO INFOENTITY_PHONE (INFOENTITY_ID, PHONENUMBERS_ID) VALUES('82','121');

INSERT INTO ADDRESS (ADDITIONALINFO,STREET,CITYINFO_ID) VALUES('','Storegade 79','674');
INSERT INTO INFOENTITY (DTYPE, EMAIL, ADDRESS_ID) VALUES('Company','InfoCorp@msn.dk','83');
INSERT INTO COMPANY (ID, CVR, DESCRIPTION, MARKETVALUE, NAME, NUMEMPLOYEES) VALUES('83','96566652','Shopping','433953413','InfoCorp','109');
INSERT INTO PHONE (DESCRIPTION, NUMBER) VALUES('Kontor','22452541');
INSERT INTO INFOENTITY_PHONE (INFOENTITY_ID, PHONENUMBERS_ID) VALUES('83','122');
INSERT INTO PHONE (DESCRIPTION, NUMBER) VALUES('Reception','59228060');
INSERT INTO INFOENTITY_PHONE (INFOENTITY_ID, PHONENUMBERS_ID) VALUES('83','123');

INSERT INTO ADDRESS (ADDITIONALINFO,STREET,CITYINFO_ID) VALUES('','Ågade 79','837');
INSERT INTO INFOENTITY (DTYPE, EMAIL, ADDRESS_ID) VALUES('Company','InfoLine@business.dk','84');
INSERT INTO COMPANY (ID, CVR, DESCRIPTION, MARKETVALUE, NAME, NUMEMPLOYEES) VALUES('84','63551555','Software','996685794','InfoLine','113');
INSERT INTO PHONE (DESCRIPTION, NUMBER) VALUES('Kontor','30989912');
INSERT INTO INFOENTITY_PHONE (INFOENTITY_ID, PHONENUMBERS_ID) VALUES('84','124');
INSERT INTO PHONE (DESCRIPTION, NUMBER) VALUES('Kontor','16288601');
INSERT INTO INFOENTITY_PHONE (INFOENTITY_ID, PHONENUMBERS_ID) VALUES('84','125');

INSERT INTO ADDRESS (ADDITIONALINFO,STREET,CITYINFO_ID) VALUES('','Østergade 96','195');
INSERT INTO INFOENTITY (DTYPE, EMAIL, ADDRESS_ID) VALUES('Company','PolySolutions@hotmail.com','85');
INSERT INTO COMPANY (ID, CVR, DESCRIPTION, MARKETVALUE, NAME, NUMEMPLOYEES) VALUES('85','81315584','Medicine','808578423','PolySolutions','161');
INSERT INTO PHONE (DESCRIPTION, NUMBER) VALUES('Kontor','99307096');
INSERT INTO INFOENTITY_PHONE (INFOENTITY_ID, PHONENUMBERS_ID) VALUES('85','126');
INSERT INTO PHONE (DESCRIPTION, NUMBER) VALUES('Reception','49726739');
INSERT INTO INFOENTITY_PHONE (INFOENTITY_ID, PHONENUMBERS_ID) VALUES('85','127');

INSERT INTO ADDRESS (ADDITIONALINFO,STREET,CITYINFO_ID) VALUES('4. th.','Violvej 6','1095');
INSERT INTO INFOENTITY (DTYPE, EMAIL, ADDRESS_ID) VALUES('Person','Einar@jubii.dk','86');
INSERT INTO PERSON (ID, FIRSTNAME, LASTNAME) VALUES('86','Einar','Troelsen');
INSERT INTO PHONE (DESCRIPTION, NUMBER) VALUES('Mobil','43722770');
INSERT INTO INFOENTITY_PHONE (INFOENTITY_ID, PHONENUMBERS_ID) VALUES('86','128');
INSERT INTO PHONE (DESCRIPTION, NUMBER) VALUES('Hjem','91434086');
INSERT INTO INFOENTITY_PHONE (INFOENTITY_ID, PHONENUMBERS_ID) VALUES('86','129');

INSERT INTO ADDRESS (ADDITIONALINFO,STREET,CITYINFO_ID) VALUES('','Vinkelvej 89','1038');
INSERT INTO INFOENTITY (DTYPE, EMAIL, ADDRESS_ID) VALUES('Person','Bente@home.com','87');
INSERT INTO PERSON (ID, FIRSTNAME, LASTNAME) VALUES('87','Bente','Underberg');
INSERT INTO PERSON_HOBBY (PERSONS_ID, HOBBIES_ID) VALUES('87','10');
INSERT INTO PERSON_HOBBY (PERSONS_ID, HOBBIES_ID) VALUES('87','15');
INSERT INTO PHONE (DESCRIPTION, NUMBER) VALUES('Hjem','26096893');
INSERT INTO INFOENTITY_PHONE (INFOENTITY_ID, PHONENUMBERS_ID) VALUES('87','130');

INSERT INTO ADDRESS (ADDITIONALINFO,STREET,CITYINFO_ID) VALUES('','Violvej 78','890');
INSERT INTO INFOENTITY (DTYPE, EMAIL, ADDRESS_ID) VALUES('Person','Beate@hotmail.dk','88');
INSERT INTO PERSON (ID, FIRSTNAME, LASTNAME) VALUES('88','Beate','Ardberg');
INSERT INTO PERSON_HOBBY (PERSONS_ID, HOBBIES_ID) VALUES('88','17');
INSERT INTO PERSON_HOBBY (PERSONS_ID, HOBBIES_ID) VALUES('88','1');
INSERT INTO PERSON_HOBBY (PERSONS_ID, HOBBIES_ID) VALUES('88','4');
INSERT INTO PHONE (DESCRIPTION, NUMBER) VALUES('Hjem','53250761');
INSERT INTO INFOENTITY_PHONE (INFOENTITY_ID, PHONENUMBERS_ID) VALUES('88','131');

INSERT INTO ADDRESS (ADDITIONALINFO,STREET,CITYINFO_ID) VALUES('','Nørregade 3','155');
INSERT INTO INFOENTITY (DTYPE, EMAIL, ADDRESS_ID) VALUES('Company','PolyEnterprise@msn.com','89');
INSERT INTO COMPANY (ID, CVR, DESCRIPTION, MARKETVALUE, NAME, NUMEMPLOYEES) VALUES('89','82613045','Cleaning','393423951','PolyEnterprise','24');
INSERT INTO PHONE (DESCRIPTION, NUMBER) VALUES('Kontor','21136840');
INSERT INTO INFOENTITY_PHONE (INFOENTITY_ID, PHONENUMBERS_ID) VALUES('89','132');
INSERT INTO PHONE (DESCRIPTION, NUMBER) VALUES('Kontor','16407931');
INSERT INTO INFOENTITY_PHONE (INFOENTITY_ID, PHONENUMBERS_ID) VALUES('89','133');

INSERT INTO ADDRESS (ADDITIONALINFO,STREET,CITYINFO_ID) VALUES('','Nørregade 62','920');
INSERT INTO INFOENTITY (DTYPE, EMAIL, ADDRESS_ID) VALUES('Company','CitySide@data.com','90');
INSERT INTO COMPANY (ID, CVR, DESCRIPTION, MARKETVALUE, NAME, NUMEMPLOYEES) VALUES('90','22601585','Cleaning','591845011','CitySide','61');
INSERT INTO PHONE (DESCRIPTION, NUMBER) VALUES('Reception','49610027');
INSERT INTO INFOENTITY_PHONE (INFOENTITY_ID, PHONENUMBERS_ID) VALUES('90','134');

INSERT INTO ADDRESS (ADDITIONALINFO,STREET,CITYINFO_ID) VALUES('1. th.','Hovedgaden 7','1019');
INSERT INTO INFOENTITY (DTYPE, EMAIL, ADDRESS_ID) VALUES('Person','Benny@gmail.com','91');
INSERT INTO PERSON (ID, FIRSTNAME, LASTNAME) VALUES('91','Benny','Berg');
INSERT INTO PERSON_HOBBY (PERSONS_ID, HOBBIES_ID) VALUES('91','15');
INSERT INTO PERSON_HOBBY (PERSONS_ID, HOBBIES_ID) VALUES('91','7');
INSERT INTO PHONE (DESCRIPTION, NUMBER) VALUES('Mobil','96201348');
INSERT INTO INFOENTITY_PHONE (INFOENTITY_ID, PHONENUMBERS_ID) VALUES('91','135');
INSERT INTO PHONE (DESCRIPTION, NUMBER) VALUES('Arbejde','87951282');
INSERT INTO INFOENTITY_PHONE (INFOENTITY_ID, PHONENUMBERS_ID) VALUES('91','136');

INSERT INTO ADDRESS (ADDITIONALINFO,STREET,CITYINFO_ID) VALUES('2. tv.','Strandvejen 99','979');
INSERT INTO INFOENTITY (DTYPE, EMAIL, ADDRESS_ID) VALUES('Person','Iben@work.com','92');
INSERT INTO PERSON (ID, FIRSTNAME, LASTNAME) VALUES('92','Iben','Poulsen');
INSERT INTO PERSON_HOBBY (PERSONS_ID, HOBBIES_ID) VALUES('92','6');
INSERT INTO PERSON_HOBBY (PERSONS_ID, HOBBIES_ID) VALUES('92','9');
INSERT INTO PHONE (DESCRIPTION, NUMBER) VALUES('Hjem','23617047');
INSERT INTO INFOENTITY_PHONE (INFOENTITY_ID, PHONENUMBERS_ID) VALUES('92','137');

INSERT INTO ADDRESS (ADDITIONALINFO,STREET,CITYINFO_ID) VALUES('4. tv.','Lærkevej 45','137');
INSERT INTO INFOENTITY (DTYPE, EMAIL, ADDRESS_ID) VALUES('Person','Sidsel@work.com','93');
INSERT INTO PERSON (ID, FIRSTNAME, LASTNAME) VALUES('93','Sidsel','Kristensen');
INSERT INTO PERSON_HOBBY (PERSONS_ID, HOBBIES_ID) VALUES('93','11');
INSERT INTO PHONE (DESCRIPTION, NUMBER) VALUES('Arbejde','54860398');
INSERT INTO INFOENTITY_PHONE (INFOENTITY_ID, PHONENUMBERS_ID) VALUES('93','138');

INSERT INTO ADDRESS (ADDITIONALINFO,STREET,CITYINFO_ID) VALUES('4. tv.','Nørregade 2','1099');
INSERT INTO INFOENTITY (DTYPE, EMAIL, ADDRESS_ID) VALUES('Company','NorthPower@data.com','94');
INSERT INTO COMPANY (ID, CVR, DESCRIPTION, MARKETVALUE, NAME, NUMEMPLOYEES) VALUES('94','89803714','Development','513893092','NorthPower','35');
INSERT INTO PHONE (DESCRIPTION, NUMBER) VALUES('Kontor','96904165');
INSERT INTO INFOENTITY_PHONE (INFOENTITY_ID, PHONENUMBERS_ID) VALUES('94','139');

INSERT INTO ADDRESS (ADDITIONALINFO,STREET,CITYINFO_ID) VALUES('','Stormgade 92','1002');
INSERT INTO INFOENTITY (DTYPE, EMAIL, ADDRESS_ID) VALUES('Company','NewEnterprise@hotmail.com','95');
INSERT INTO COMPANY (ID, CVR, DESCRIPTION, MARKETVALUE, NAME, NUMEMPLOYEES) VALUES('95','31757583','Education','58288555','NewEnterprise','114');
INSERT INTO PHONE (DESCRIPTION, NUMBER) VALUES('Reception','58311657');
INSERT INTO INFOENTITY_PHONE (INFOENTITY_ID, PHONENUMBERS_ID) VALUES('95','140');
INSERT INTO PHONE (DESCRIPTION, NUMBER) VALUES('Kontor','68986159');
INSERT INTO INFOENTITY_PHONE (INFOENTITY_ID, PHONENUMBERS_ID) VALUES('95','141');

INSERT INTO ADDRESS (ADDITIONALINFO,STREET,CITYINFO_ID) VALUES('','Stormgade 32','366');
INSERT INTO INFOENTITY (DTYPE, EMAIL, ADDRESS_ID) VALUES('Company','SouthData@yahoo.com','96');
INSERT INTO COMPANY (ID, CVR, DESCRIPTION, MARKETVALUE, NAME, NUMEMPLOYEES) VALUES('96','75604897','Sales','445323794','SouthData','6');
INSERT INTO PHONE (DESCRIPTION, NUMBER) VALUES('Kontor','32432166');
INSERT INTO INFOENTITY_PHONE (INFOENTITY_ID, PHONENUMBERS_ID) VALUES('96','142');

INSERT INTO ADDRESS (ADDITIONALINFO,STREET,CITYINFO_ID) VALUES('2. th.','Egevej 81','797');
INSERT INTO INFOENTITY (DTYPE, EMAIL, ADDRESS_ID) VALUES('Company','SouthCell@yahoo.com','97');
INSERT INTO COMPANY (ID, CVR, DESCRIPTION, MARKETVALUE, NAME, NUMEMPLOYEES) VALUES('97','84793220','Education','992370677','SouthCell','113');
INSERT INTO PHONE (DESCRIPTION, NUMBER) VALUES('Reception','15560476');
INSERT INTO INFOENTITY_PHONE (INFOENTITY_ID, PHONENUMBERS_ID) VALUES('97','143');

INSERT INTO ADDRESS (ADDITIONALINFO,STREET,CITYINFO_ID) VALUES('2. tv.','Skolegade 0','601');
INSERT INTO INFOENTITY (DTYPE, EMAIL, ADDRESS_ID) VALUES('Company','SeriousLine@live.dk','98');
INSERT INTO COMPANY (ID, CVR, DESCRIPTION, MARKETVALUE, NAME, NUMEMPLOYEES) VALUES('98','61014480','Shopping','679762755','SeriousLine','148');
INSERT INTO PHONE (DESCRIPTION, NUMBER) VALUES('Reception','53884996');
INSERT INTO INFOENTITY_PHONE (INFOENTITY_ID, PHONENUMBERS_ID) VALUES('98','144');

INSERT INTO ADDRESS (ADDITIONALINFO,STREET,CITYINFO_ID) VALUES('','Borgergade 46','528');
INSERT INTO INFOENTITY (DTYPE, EMAIL, ADDRESS_ID) VALUES('Person','Andrea@live.com','99');
INSERT INTO PERSON (ID, FIRSTNAME, LASTNAME) VALUES('99','Andrea','Madsen');
INSERT INTO PHONE (DESCRIPTION, NUMBER) VALUES('Arbejde','24295530');
INSERT INTO INFOENTITY_PHONE (INFOENTITY_ID, PHONENUMBERS_ID) VALUES('99','145');

INSERT INTO ADDRESS (ADDITIONALINFO,STREET,CITYINFO_ID) VALUES('','Ågade 45','993');
INSERT INTO INFOENTITY (DTYPE, EMAIL, ADDRESS_ID) VALUES('Company','EastImport@hotmail.dk','100');
INSERT INTO COMPANY (ID, CVR, DESCRIPTION, MARKETVALUE, NAME, NUMEMPLOYEES) VALUES('100','25381287','Production','80018247','EastImport','197');
INSERT INTO PHONE (DESCRIPTION, NUMBER) VALUES('Reception','63489916');
INSERT INTO INFOENTITY_PHONE (INFOENTITY_ID, PHONENUMBERS_ID) VALUES('100','146');

INSERT INTO ADDRESS (ADDITIONALINFO,STREET,CITYINFO_ID) VALUES('2. th.','Hovedgaden 11','142');
INSERT INTO INFOENTITY (DTYPE, EMAIL, ADDRESS_ID) VALUES('Person','Trine@business.dk','101');
INSERT INTO PERSON (ID, FIRSTNAME, LASTNAME) VALUES('101','Trine','Friis');
INSERT INTO PERSON_HOBBY (PERSONS_ID, HOBBIES_ID) VALUES('101','9');
INSERT INTO PERSON_HOBBY (PERSONS_ID, HOBBIES_ID) VALUES('101','12');
INSERT INTO PHONE (DESCRIPTION, NUMBER) VALUES('Arbejde','91527460');
INSERT INTO INFOENTITY_PHONE (INFOENTITY_ID, PHONENUMBERS_ID) VALUES('101','147');
INSERT INTO PHONE (DESCRIPTION, NUMBER) VALUES('Hjem','74717122');
INSERT INTO INFOENTITY_PHONE (INFOENTITY_ID, PHONENUMBERS_ID) VALUES('101','148');

INSERT INTO ADDRESS (ADDITIONALINFO,STREET,CITYINFO_ID) VALUES('','Solbakken 13','48');
INSERT INTO INFOENTITY (DTYPE, EMAIL, ADDRESS_ID) VALUES('Person','Ida@live.com','102');
INSERT INTO PERSON (ID, FIRSTNAME, LASTNAME) VALUES('102','Ida','Edberg');
INSERT INTO PHONE (DESCRIPTION, NUMBER) VALUES('Hjem','75429156');
INSERT INTO INFOENTITY_PHONE (INFOENTITY_ID, PHONENUMBERS_ID) VALUES('102','149');

INSERT INTO ADDRESS (ADDITIONALINFO,STREET,CITYINFO_ID) VALUES('','Skolegade 75','487');
INSERT INTO INFOENTITY (DTYPE, EMAIL, ADDRESS_ID) VALUES('Person','Jens@hotmail.dk','103');
INSERT INTO PERSON (ID, FIRSTNAME, LASTNAME) VALUES('103','Jens','Bentholm');
INSERT INTO PERSON_HOBBY (PERSONS_ID, HOBBIES_ID) VALUES('103','18');
INSERT INTO PERSON_HOBBY (PERSONS_ID, HOBBIES_ID) VALUES('103','19');
INSERT INTO PERSON_HOBBY (PERSONS_ID, HOBBIES_ID) VALUES('103','3');
INSERT INTO PHONE (DESCRIPTION, NUMBER) VALUES('Mobil','30245007');
INSERT INTO INFOENTITY_PHONE (INFOENTITY_ID, PHONENUMBERS_ID) VALUES('103','150');
INSERT INTO PHONE (DESCRIPTION, NUMBER) VALUES('Arbejde','89824520');
INSERT INTO INFOENTITY_PHONE (INFOENTITY_ID, PHONENUMBERS_ID) VALUES('103','151');

INSERT INTO ADDRESS (ADDITIONALINFO,STREET,CITYINFO_ID) VALUES('','Poppel Allé 88','7');
INSERT INTO INFOENTITY (DTYPE, EMAIL, ADDRESS_ID) VALUES('Person','Gitte@live.dk','104');
INSERT INTO PERSON (ID, FIRSTNAME, LASTNAME) VALUES('104','Gitte','Friis');
INSERT INTO PERSON_HOBBY (PERSONS_ID, HOBBIES_ID) VALUES('104','1');
INSERT INTO PERSON_HOBBY (PERSONS_ID, HOBBIES_ID) VALUES('104','2');
INSERT INTO PERSON_HOBBY (PERSONS_ID, HOBBIES_ID) VALUES('104','4');
INSERT INTO PHONE (DESCRIPTION, NUMBER) VALUES('Hjem','93716279');
INSERT INTO INFOENTITY_PHONE (INFOENTITY_ID, PHONENUMBERS_ID) VALUES('104','152');

INSERT INTO ADDRESS (ADDITIONALINFO,STREET,CITYINFO_ID) VALUES('','Violvej 81','108');
INSERT INTO INFOENTITY (DTYPE, EMAIL, ADDRESS_ID) VALUES('Company','SeniorCom@yahoo.com','105');
INSERT INTO COMPANY (ID, CVR, DESCRIPTION, MARKETVALUE, NAME, NUMEMPLOYEES) VALUES('105','60730741','Development','583258744','SeniorCom','190');
INSERT INTO PHONE (DESCRIPTION, NUMBER) VALUES('Reception','90366212');
INSERT INTO INFOENTITY_PHONE (INFOENTITY_ID, PHONENUMBERS_ID) VALUES('105','153');

INSERT INTO ADDRESS (ADDITIONALINFO,STREET,CITYINFO_ID) VALUES('2. th.','Solbakken 70','810');
INSERT INTO INFOENTITY (DTYPE, EMAIL, ADDRESS_ID) VALUES('Person','Einar@data.com','106');
INSERT INTO PERSON (ID, FIRSTNAME, LASTNAME) VALUES('106','Einar','Poulsen');
INSERT INTO PHONE (DESCRIPTION, NUMBER) VALUES('Mobil','97754395');
INSERT INTO INFOENTITY_PHONE (INFOENTITY_ID, PHONENUMBERS_ID) VALUES('106','154');
INSERT INTO PHONE (DESCRIPTION, NUMBER) VALUES('Mobil','41973837');
INSERT INTO INFOENTITY_PHONE (INFOENTITY_ID, PHONENUMBERS_ID) VALUES('106','155');

INSERT INTO ADDRESS (ADDITIONALINFO,STREET,CITYINFO_ID) VALUES('1. tv.','Østergade 90','804');
INSERT INTO INFOENTITY (DTYPE, EMAIL, ADDRESS_ID) VALUES('Company','AllWorkers@hotmail.dk','107');
INSERT INTO COMPANY (ID, CVR, DESCRIPTION, MARKETVALUE, NAME, NUMEMPLOYEES) VALUES('107','65856008','Education','215280676','AllWorkers','169');
INSERT INTO PHONE (DESCRIPTION, NUMBER) VALUES('Kontor','37664181');
INSERT INTO INFOENTITY_PHONE (INFOENTITY_ID, PHONENUMBERS_ID) VALUES('107','156');
INSERT INTO PHONE (DESCRIPTION, NUMBER) VALUES('Kontor','58569706');
INSERT INTO INFOENTITY_PHONE (INFOENTITY_ID, PHONENUMBERS_ID) VALUES('107','157');

INSERT INTO ADDRESS (ADDITIONALINFO,STREET,CITYINFO_ID) VALUES('','Stormgade 35','792');
INSERT INTO INFOENTITY (DTYPE, EMAIL, ADDRESS_ID) VALUES('Company','SeniorSprint@msn.dk','108');
INSERT INTO COMPANY (ID, CVR, DESCRIPTION, MARKETVALUE, NAME, NUMEMPLOYEES) VALUES('108','36691234','Production','412449756','SeniorSprint','26');
INSERT INTO PHONE (DESCRIPTION, NUMBER) VALUES('Reception','78113855');
INSERT INTO INFOENTITY_PHONE (INFOENTITY_ID, PHONENUMBERS_ID) VALUES('108','158');

INSERT INTO ADDRESS (ADDITIONALINFO,STREET,CITYINFO_ID) VALUES('','Søndegade 70','834');
INSERT INTO INFOENTITY (DTYPE, EMAIL, ADDRESS_ID) VALUES('Company','BigImport@home.com','109');
INSERT INTO COMPANY (ID, CVR, DESCRIPTION, MARKETVALUE, NAME, NUMEMPLOYEES) VALUES('109','85953273','Investment','803517250','BigImport','26');
INSERT INTO PHONE (DESCRIPTION, NUMBER) VALUES('Reception','70370539');
INSERT INTO INFOENTITY_PHONE (INFOENTITY_ID, PHONENUMBERS_ID) VALUES('109','159');

INSERT INTO ADDRESS (ADDITIONALINFO,STREET,CITYINFO_ID) VALUES('','Violvej 71','280');
INSERT INTO INFOENTITY (DTYPE, EMAIL, ADDRESS_ID) VALUES('Company','UpImport@msn.com','110');
INSERT INTO COMPANY (ID, CVR, DESCRIPTION, MARKETVALUE, NAME, NUMEMPLOYEES) VALUES('110','60718468','Sales','422245027','UpImport','152');
INSERT INTO PHONE (DESCRIPTION, NUMBER) VALUES('Kontor','95403704');
INSERT INTO INFOENTITY_PHONE (INFOENTITY_ID, PHONENUMBERS_ID) VALUES('110','160');
INSERT INTO PHONE (DESCRIPTION, NUMBER) VALUES('Reception','33391016');
INSERT INTO INFOENTITY_PHONE (INFOENTITY_ID, PHONENUMBERS_ID) VALUES('110','161');

INSERT INTO ADDRESS (ADDITIONALINFO,STREET,CITYINFO_ID) VALUES('1. tv.','Engvej 37','515');
INSERT INTO INFOENTITY (DTYPE, EMAIL, ADDRESS_ID) VALUES('Company','CallImport@live.dk','111');
INSERT INTO COMPANY (ID, CVR, DESCRIPTION, MARKETVALUE, NAME, NUMEMPLOYEES) VALUES('111','63590545','Retail','736310788','CallImport','94');
INSERT INTO PHONE (DESCRIPTION, NUMBER) VALUES('Reception','25339100');
INSERT INTO INFOENTITY_PHONE (INFOENTITY_ID, PHONENUMBERS_ID) VALUES('111','162');

INSERT INTO ADDRESS (ADDITIONALINFO,STREET,CITYINFO_ID) VALUES('','Stationsvej 68','705');
INSERT INTO INFOENTITY (DTYPE, EMAIL, ADDRESS_ID) VALUES('Person','Ida@hotmail.com','112');
INSERT INTO PERSON (ID, FIRSTNAME, LASTNAME) VALUES('112','Ida','Flintholm');
INSERT INTO PERSON_HOBBY (PERSONS_ID, HOBBIES_ID) VALUES('112','15');
INSERT INTO PERSON_HOBBY (PERSONS_ID, HOBBIES_ID) VALUES('112','7');
INSERT INTO PHONE (DESCRIPTION, NUMBER) VALUES('Hjem','41729680');
INSERT INTO INFOENTITY_PHONE (INFOENTITY_ID, PHONENUMBERS_ID) VALUES('112','163');
INSERT INTO PHONE (DESCRIPTION, NUMBER) VALUES('Hjem','23165513');
INSERT INTO INFOENTITY_PHONE (INFOENTITY_ID, PHONENUMBERS_ID) VALUES('112','164');

INSERT INTO ADDRESS (ADDITIONALINFO,STREET,CITYINFO_ID) VALUES('','Møllevej 42','927');
INSERT INTO INFOENTITY (DTYPE, EMAIL, ADDRESS_ID) VALUES('Company','SeniorPower@hotmail.dk','113');
INSERT INTO COMPANY (ID, CVR, DESCRIPTION, MARKETVALUE, NAME, NUMEMPLOYEES) VALUES('113','92306828','Medicine','290859327','SeniorPower','164');
INSERT INTO PHONE (DESCRIPTION, NUMBER) VALUES('Kontor','42115173');
INSERT INTO INFOENTITY_PHONE (INFOENTITY_ID, PHONENUMBERS_ID) VALUES('113','165');

INSERT INTO ADDRESS (ADDITIONALINFO,STREET,CITYINFO_ID) VALUES('3. th.','Vestergade 98','292');
INSERT INTO INFOENTITY (DTYPE, EMAIL, ADDRESS_ID) VALUES('Person','Lise@msn.dk','114');
INSERT INTO PERSON (ID, FIRSTNAME, LASTNAME) VALUES('114','Lise','Frandsen');
INSERT INTO PERSON_HOBBY (PERSONS_ID, HOBBIES_ID) VALUES('114','8');
INSERT INTO PERSON_HOBBY (PERSONS_ID, HOBBIES_ID) VALUES('114','10');
INSERT INTO PERSON_HOBBY (PERSONS_ID, HOBBIES_ID) VALUES('114','9');
INSERT INTO PHONE (DESCRIPTION, NUMBER) VALUES('Arbejde','73423111');
INSERT INTO INFOENTITY_PHONE (INFOENTITY_ID, PHONENUMBERS_ID) VALUES('114','166');
INSERT INTO PHONE (DESCRIPTION, NUMBER) VALUES('Mobil','14861192');
INSERT INTO INFOENTITY_PHONE (INFOENTITY_ID, PHONENUMBERS_ID) VALUES('114','167');

INSERT INTO ADDRESS (ADDITIONALINFO,STREET,CITYINFO_ID) VALUES('','Stationsvej 96','481');
INSERT INTO INFOENTITY (DTYPE, EMAIL, ADDRESS_ID) VALUES('Person','Gitte@jubii.dk','115');
INSERT INTO PERSON (ID, FIRSTNAME, LASTNAME) VALUES('115','Gitte','Frandsen');
INSERT INTO PERSON_HOBBY (PERSONS_ID, HOBBIES_ID) VALUES('115','19');
INSERT INTO PERSON_HOBBY (PERSONS_ID, HOBBIES_ID) VALUES('115','17');
INSERT INTO PERSON_HOBBY (PERSONS_ID, HOBBIES_ID) VALUES('115','2');
INSERT INTO PHONE (DESCRIPTION, NUMBER) VALUES('Mobil','71066875');
INSERT INTO INFOENTITY_PHONE (INFOENTITY_ID, PHONENUMBERS_ID) VALUES('115','168');

INSERT INTO ADDRESS (ADDITIONALINFO,STREET,CITYINFO_ID) VALUES('','Egevej 2','782');
INSERT INTO INFOENTITY (DTYPE, EMAIL, ADDRESS_ID) VALUES('Person','Kenny@hotmail.com','116');
INSERT INTO PERSON (ID, FIRSTNAME, LASTNAME) VALUES('116','Kenny','Jensen');
INSERT INTO PERSON_HOBBY (PERSONS_ID, HOBBIES_ID) VALUES('116','3');
INSERT INTO PERSON_HOBBY (PERSONS_ID, HOBBIES_ID) VALUES('116','6');
INSERT INTO PERSON_HOBBY (PERSONS_ID, HOBBIES_ID) VALUES('116','2');
INSERT INTO PHONE (DESCRIPTION, NUMBER) VALUES('Mobil','94356339');
INSERT INTO INFOENTITY_PHONE (INFOENTITY_ID, PHONENUMBERS_ID) VALUES('116','169');
INSERT INTO PHONE (DESCRIPTION, NUMBER) VALUES('Hjem','56173430');
INSERT INTO INFOENTITY_PHONE (INFOENTITY_ID, PHONENUMBERS_ID) VALUES('116','170');

INSERT INTO ADDRESS (ADDITIONALINFO,STREET,CITYINFO_ID) VALUES('','Søndegade 67','504');
INSERT INTO INFOENTITY (DTYPE, EMAIL, ADDRESS_ID) VALUES('Company','UniPower@jubii.dk','117');
INSERT INTO COMPANY (ID, CVR, DESCRIPTION, MARKETVALUE, NAME, NUMEMPLOYEES) VALUES('117','41230445','Education','693702195','UniPower','87');
INSERT INTO PHONE (DESCRIPTION, NUMBER) VALUES('Kontor','91605887');
INSERT INTO INFOENTITY_PHONE (INFOENTITY_ID, PHONENUMBERS_ID) VALUES('117','171');

INSERT INTO ADDRESS (ADDITIONALINFO,STREET,CITYINFO_ID) VALUES('','Vestergade 52','771');
INSERT INTO INFOENTITY (DTYPE, EMAIL, ADDRESS_ID) VALUES('Company','NewEnterprise@data.com','118');
INSERT INTO COMPANY (ID, CVR, DESCRIPTION, MARKETVALUE, NAME, NUMEMPLOYEES) VALUES('118','25391971','Programming','67958653','NewEnterprise','80');
INSERT INTO PHONE (DESCRIPTION, NUMBER) VALUES('Kontor','22489233');
INSERT INTO INFOENTITY_PHONE (INFOENTITY_ID, PHONENUMBERS_ID) VALUES('118','172');
INSERT INTO PHONE (DESCRIPTION, NUMBER) VALUES('Kontor','20499941');
INSERT INTO INFOENTITY_PHONE (INFOENTITY_ID, PHONENUMBERS_ID) VALUES('118','173');

INSERT INTO ADDRESS (ADDITIONALINFO,STREET,CITYINFO_ID) VALUES('3. th.','Jernbanegade 13','1138');
INSERT INTO INFOENTITY (DTYPE, EMAIL, ADDRESS_ID) VALUES('Company','NewPort@hotmail.dk','119');
INSERT INTO COMPANY (ID, CVR, DESCRIPTION, MARKETVALUE, NAME, NUMEMPLOYEES) VALUES('119','66419535','Hardware','909110043','NewPort','85');
INSERT INTO PHONE (DESCRIPTION, NUMBER) VALUES('Kontor','60733761');
INSERT INTO INFOENTITY_PHONE (INFOENTITY_ID, PHONENUMBERS_ID) VALUES('119','174');

INSERT INTO ADDRESS (ADDITIONALINFO,STREET,CITYINFO_ID) VALUES('','Storegade 51','605');
INSERT INTO INFOENTITY (DTYPE, EMAIL, ADDRESS_ID) VALUES('Person','Bente@msn.com','120');
INSERT INTO PERSON (ID, FIRSTNAME, LASTNAME) VALUES('120','Bente','Kristensen');
INSERT INTO PERSON_HOBBY (PERSONS_ID, HOBBIES_ID) VALUES('120','2');
INSERT INTO PERSON_HOBBY (PERSONS_ID, HOBBIES_ID) VALUES('120','16');
INSERT INTO PERSON_HOBBY (PERSONS_ID, HOBBIES_ID) VALUES('120','10');
INSERT INTO PHONE (DESCRIPTION, NUMBER) VALUES('Mobil','37806223');
INSERT INTO INFOENTITY_PHONE (INFOENTITY_ID, PHONENUMBERS_ID) VALUES('120','175');

INSERT INTO ADDRESS (ADDITIONALINFO,STREET,CITYINFO_ID) VALUES('','Solbakken 91','387');
INSERT INTO INFOENTITY (DTYPE, EMAIL, ADDRESS_ID) VALUES('Company','SamCom@data.com','121');
INSERT INTO COMPANY (ID, CVR, DESCRIPTION, MARKETVALUE, NAME, NUMEMPLOYEES) VALUES('121','28999153','Banking','274876315','SamCom','106');
INSERT INTO PHONE (DESCRIPTION, NUMBER) VALUES('Reception','85663580');
INSERT INTO INFOENTITY_PHONE (INFOENTITY_ID, PHONENUMBERS_ID) VALUES('121','176');

INSERT INTO ADDRESS (ADDITIONALINFO,STREET,CITYINFO_ID) VALUES('4. th.','Nørregade 20','1221');
INSERT INTO INFOENTITY (DTYPE, EMAIL, ADDRESS_ID) VALUES('Person','Lise@home.com','122');
INSERT INTO PERSON (ID, FIRSTNAME, LASTNAME) VALUES('122','Lise','Larsen');
INSERT INTO PERSON_HOBBY (PERSONS_ID, HOBBIES_ID) VALUES('122','1');
INSERT INTO PERSON_HOBBY (PERSONS_ID, HOBBIES_ID) VALUES('122','18');
INSERT INTO PERSON_HOBBY (PERSONS_ID, HOBBIES_ID) VALUES('122','12');
INSERT INTO PHONE (DESCRIPTION, NUMBER) VALUES('Mobil','84594710');
INSERT INTO INFOENTITY_PHONE (INFOENTITY_ID, PHONENUMBERS_ID) VALUES('122','177');

INSERT INTO ADDRESS (ADDITIONALINFO,STREET,CITYINFO_ID) VALUES('st.','Poppel Allé 85','1074');
INSERT INTO INFOENTITY (DTYPE, EMAIL, ADDRESS_ID) VALUES('Person','Bente@work.com','123');
INSERT INTO PERSON (ID, FIRSTNAME, LASTNAME) VALUES('123','Bente','Nielsen');
INSERT INTO PERSON_HOBBY (PERSONS_ID, HOBBIES_ID) VALUES('123','10');
INSERT INTO PERSON_HOBBY (PERSONS_ID, HOBBIES_ID) VALUES('123','6');
INSERT INTO PHONE (DESCRIPTION, NUMBER) VALUES('Hjem','45766107');
INSERT INTO INFOENTITY_PHONE (INFOENTITY_ID, PHONENUMBERS_ID) VALUES('123','178');
INSERT INTO PHONE (DESCRIPTION, NUMBER) VALUES('Hjem','15398191');
INSERT INTO INFOENTITY_PHONE (INFOENTITY_ID, PHONENUMBERS_ID) VALUES('123','179');

INSERT INTO ADDRESS (ADDITIONALINFO,STREET,CITYINFO_ID) VALUES('','Poppel Allé 65','1333');
INSERT INTO INFOENTITY (DTYPE, EMAIL, ADDRESS_ID) VALUES('Company','SeriousPartner@hotmail.com','124');
INSERT INTO COMPANY (ID, CVR, DESCRIPTION, MARKETVALUE, NAME, NUMEMPLOYEES) VALUES('124','50942259','Cleaning','439957942','SeriousPartner','25');
INSERT INTO PHONE (DESCRIPTION, NUMBER) VALUES('Reception','83266676');
INSERT INTO INFOENTITY_PHONE (INFOENTITY_ID, PHONENUMBERS_ID) VALUES('124','180');
INSERT INTO PHONE (DESCRIPTION, NUMBER) VALUES('Kontor','23298178');
INSERT INTO INFOENTITY_PHONE (INFOENTITY_ID, PHONENUMBERS_ID) VALUES('124','181');

INSERT INTO ADDRESS (ADDITIONALINFO,STREET,CITYINFO_ID) VALUES('2. tv.','Stationsvej 35','898');
INSERT INTO INFOENTITY (DTYPE, EMAIL, ADDRESS_ID) VALUES('Company','SyncPartner@msn.com','125');
INSERT INTO COMPANY (ID, CVR, DESCRIPTION, MARKETVALUE, NAME, NUMEMPLOYEES) VALUES('125','50018845','Development','3683723','SyncPartner','36');
INSERT INTO PHONE (DESCRIPTION, NUMBER) VALUES('Kontor','68613087');
INSERT INTO INFOENTITY_PHONE (INFOENTITY_ID, PHONENUMBERS_ID) VALUES('125','182');
INSERT INTO PHONE (DESCRIPTION, NUMBER) VALUES('Kontor','31318074');
INSERT INTO INFOENTITY_PHONE (INFOENTITY_ID, PHONENUMBERS_ID) VALUES('125','183');

INSERT INTO ADDRESS (ADDITIONALINFO,STREET,CITYINFO_ID) VALUES('2. th.','Lærkevej 68','51');
INSERT INTO INFOENTITY (DTYPE, EMAIL, ADDRESS_ID) VALUES('Person','Dorte@work.com','126');
INSERT INTO PERSON (ID, FIRSTNAME, LASTNAME) VALUES('126','Dorte','Berg');
INSERT INTO PHONE (DESCRIPTION, NUMBER) VALUES('Mobil','45406485');
INSERT INTO INFOENTITY_PHONE (INFOENTITY_ID, PHONENUMBERS_ID) VALUES('126','184');
INSERT INTO PHONE (DESCRIPTION, NUMBER) VALUES('Arbejde','33473283');
INSERT INTO INFOENTITY_PHONE (INFOENTITY_ID, PHONENUMBERS_ID) VALUES('126','185');

INSERT INTO ADDRESS (ADDITIONALINFO,STREET,CITYINFO_ID) VALUES('','Birkevej 13','951');
INSERT INTO INFOENTITY (DTYPE, EMAIL, ADDRESS_ID) VALUES('Company','PolyEnterprise@office.dk','127');
INSERT INTO COMPANY (ID, CVR, DESCRIPTION, MARKETVALUE, NAME, NUMEMPLOYEES) VALUES('127','69918968','Consulting','694572863','PolyEnterprise','30');
INSERT INTO PHONE (DESCRIPTION, NUMBER) VALUES('Kontor','79514912');
INSERT INTO INFOENTITY_PHONE (INFOENTITY_ID, PHONENUMBERS_ID) VALUES('127','186');

INSERT INTO ADDRESS (ADDITIONALINFO,STREET,CITYINFO_ID) VALUES('','Birkevej 6','388');
INSERT INTO INFOENTITY (DTYPE, EMAIL, ADDRESS_ID) VALUES('Company','WellSolutions@msn.dk','128');
INSERT INTO COMPANY (ID, CVR, DESCRIPTION, MARKETVALUE, NAME, NUMEMPLOYEES) VALUES('128','55631239','Investment','135273510','WellSolutions','37');
INSERT INTO PHONE (DESCRIPTION, NUMBER) VALUES('Kontor','60120568');
INSERT INTO INFOENTITY_PHONE (INFOENTITY_ID, PHONENUMBERS_ID) VALUES('128','187');

INSERT INTO ADDRESS (ADDITIONALINFO,STREET,CITYINFO_ID) VALUES('','Vestergade 76','849');
INSERT INTO INFOENTITY (DTYPE, EMAIL, ADDRESS_ID) VALUES('Company','SamSide@office.dk','129');
INSERT INTO COMPANY (ID, CVR, DESCRIPTION, MARKETVALUE, NAME, NUMEMPLOYEES) VALUES('129','56721053','Cleaning','853431947','SamSide','162');
INSERT INTO PHONE (DESCRIPTION, NUMBER) VALUES('Reception','74459769');
INSERT INTO INFOENTITY_PHONE (INFOENTITY_ID, PHONENUMBERS_ID) VALUES('129','188');

INSERT INTO ADDRESS (ADDITIONALINFO,STREET,CITYINFO_ID) VALUES('','Østergade 94','867');
INSERT INTO INFOENTITY (DTYPE, EMAIL, ADDRESS_ID) VALUES('Company','SoftBuilder@data.com','130');
INSERT INTO COMPANY (ID, CVR, DESCRIPTION, MARKETVALUE, NAME, NUMEMPLOYEES) VALUES('130','68564169','Production','567871118','SoftBuilder','50');
INSERT INTO PHONE (DESCRIPTION, NUMBER) VALUES('Reception','39329222');
INSERT INTO INFOENTITY_PHONE (INFOENTITY_ID, PHONENUMBERS_ID) VALUES('130','189');

INSERT INTO ADDRESS (ADDITIONALINFO,STREET,CITYINFO_ID) VALUES('','Borgergade 94','256');
INSERT INTO INFOENTITY (DTYPE, EMAIL, ADDRESS_ID) VALUES('Company','SeriousOrg@yahoo.com','131');
INSERT INTO COMPANY (ID, CVR, DESCRIPTION, MARKETVALUE, NAME, NUMEMPLOYEES) VALUES('131','35579802','Programming','399552713','SeriousOrg','66');
INSERT INTO PHONE (DESCRIPTION, NUMBER) VALUES('Kontor','96463716');
INSERT INTO INFOENTITY_PHONE (INFOENTITY_ID, PHONENUMBERS_ID) VALUES('131','190');
INSERT INTO PHONE (DESCRIPTION, NUMBER) VALUES('Kontor','19749553');
INSERT INTO INFOENTITY_PHONE (INFOENTITY_ID, PHONENUMBERS_ID) VALUES('131','191');

INSERT INTO ADDRESS (ADDITIONALINFO,STREET,CITYINFO_ID) VALUES('','Langgade 63','1035');
INSERT INTO INFOENTITY (DTYPE, EMAIL, ADDRESS_ID) VALUES('Company','SeriousKnight@live.dk','132');
INSERT INTO COMPANY (ID, CVR, DESCRIPTION, MARKETVALUE, NAME, NUMEMPLOYEES) VALUES('132','17907519','Programming','760166023','SeriousKnight','20');
INSERT INTO PHONE (DESCRIPTION, NUMBER) VALUES('Reception','46252429');
INSERT INTO INFOENTITY_PHONE (INFOENTITY_ID, PHONENUMBERS_ID) VALUES('132','192');
INSERT INTO PHONE (DESCRIPTION, NUMBER) VALUES('Reception','80848511');
INSERT INTO INFOENTITY_PHONE (INFOENTITY_ID, PHONENUMBERS_ID) VALUES('132','193');

INSERT INTO ADDRESS (ADDITIONALINFO,STREET,CITYINFO_ID) VALUES('','Vestergade 44','1075');
INSERT INTO INFOENTITY (DTYPE, EMAIL, ADDRESS_ID) VALUES('Company','SeriousBound@live.com','133');
INSERT INTO COMPANY (ID, CVR, DESCRIPTION, MARKETVALUE, NAME, NUMEMPLOYEES) VALUES('133','37481530','Retail','354379655','SeriousBound','36');
INSERT INTO PHONE (DESCRIPTION, NUMBER) VALUES('Kontor','54081943');
INSERT INTO INFOENTITY_PHONE (INFOENTITY_ID, PHONENUMBERS_ID) VALUES('133','194');
INSERT INTO PHONE (DESCRIPTION, NUMBER) VALUES('Kontor','99109603');
INSERT INTO INFOENTITY_PHONE (INFOENTITY_ID, PHONENUMBERS_ID) VALUES('133','195');

INSERT INTO ADDRESS (ADDITIONALINFO,STREET,CITYINFO_ID) VALUES('','Stormgade 86','80');
INSERT INTO INFOENTITY (DTYPE, EMAIL, ADDRESS_ID) VALUES('Person','Bente@home.com','134');
INSERT INTO PERSON (ID, FIRSTNAME, LASTNAME) VALUES('134','Bente','Berg');
INSERT INTO PERSON_HOBBY (PERSONS_ID, HOBBIES_ID) VALUES('134','15');
INSERT INTO PERSON_HOBBY (PERSONS_ID, HOBBIES_ID) VALUES('134','9');
INSERT INTO PERSON_HOBBY (PERSONS_ID, HOBBIES_ID) VALUES('134','13');
INSERT INTO PHONE (DESCRIPTION, NUMBER) VALUES('Mobil','64064220');
INSERT INTO INFOENTITY_PHONE (INFOENTITY_ID, PHONENUMBERS_ID) VALUES('134','196');
INSERT INTO PHONE (DESCRIPTION, NUMBER) VALUES('Arbejde','91297430');
INSERT INTO INFOENTITY_PHONE (INFOENTITY_ID, PHONENUMBERS_ID) VALUES('134','197');

INSERT INTO ADDRESS (ADDITIONALINFO,STREET,CITYINFO_ID) VALUES('','Langgade 98','1153');
INSERT INTO INFOENTITY (DTYPE, EMAIL, ADDRESS_ID) VALUES('Company','AllSprint@live.com','135');
INSERT INTO COMPANY (ID, CVR, DESCRIPTION, MARKETVALUE, NAME, NUMEMPLOYEES) VALUES('135','45018301','Office equipment','207590221','AllSprint','36');
INSERT INTO PHONE (DESCRIPTION, NUMBER) VALUES('Reception','10483103');
INSERT INTO INFOENTITY_PHONE (INFOENTITY_ID, PHONENUMBERS_ID) VALUES('135','198');
INSERT INTO PHONE (DESCRIPTION, NUMBER) VALUES('Reception','74011997');
INSERT INTO INFOENTITY_PHONE (INFOENTITY_ID, PHONENUMBERS_ID) VALUES('135','199');

INSERT INTO ADDRESS (ADDITIONALINFO,STREET,CITYINFO_ID) VALUES('','Borgergade 77','846');
INSERT INTO INFOENTITY (DTYPE, EMAIL, ADDRESS_ID) VALUES('Person','Lise@live.dk','136');
INSERT INTO PERSON (ID, FIRSTNAME, LASTNAME) VALUES('136','Lise','Friis');
INSERT INTO PHONE (DESCRIPTION, NUMBER) VALUES('Mobil','60556802');
INSERT INTO INFOENTITY_PHONE (INFOENTITY_ID, PHONENUMBERS_ID) VALUES('136','200');
INSERT INTO PHONE (DESCRIPTION, NUMBER) VALUES('Mobil','97519658');
INSERT INTO INFOENTITY_PHONE (INFOENTITY_ID, PHONENUMBERS_ID) VALUES('136','201');

INSERT INTO ADDRESS (ADDITIONALINFO,STREET,CITYINFO_ID) VALUES('st.','Skovvej 88','1343');
INSERT INTO INFOENTITY (DTYPE, EMAIL, ADDRESS_ID) VALUES('Person','Allan@yahoo.com','137');
INSERT INTO PERSON (ID, FIRSTNAME, LASTNAME) VALUES('137','Allan','Bentholm');
INSERT INTO PERSON_HOBBY (PERSONS_ID, HOBBIES_ID) VALUES('137','14');
INSERT INTO PERSON_HOBBY (PERSONS_ID, HOBBIES_ID) VALUES('137','18');
INSERT INTO PERSON_HOBBY (PERSONS_ID, HOBBIES_ID) VALUES('137','1');
INSERT INTO PHONE (DESCRIPTION, NUMBER) VALUES('Hjem','9508298');
INSERT INTO INFOENTITY_PHONE (INFOENTITY_ID, PHONENUMBERS_ID) VALUES('137','202');
INSERT INTO PHONE (DESCRIPTION, NUMBER) VALUES('Arbejde','15114384');
INSERT INTO INFOENTITY_PHONE (INFOENTITY_ID, PHONENUMBERS_ID) VALUES('137','203');

INSERT INTO ADDRESS (ADDITIONALINFO,STREET,CITYINFO_ID) VALUES('','Møllevej 40','847');
INSERT INTO INFOENTITY (DTYPE, EMAIL, ADDRESS_ID) VALUES('Person','Else@msn.com','138');
INSERT INTO PERSON (ID, FIRSTNAME, LASTNAME) VALUES('138','Else','Graversen');
INSERT INTO PERSON_HOBBY (PERSONS_ID, HOBBIES_ID) VALUES('138','20');
INSERT INTO PHONE (DESCRIPTION, NUMBER) VALUES('Hjem','77916758');
INSERT INTO INFOENTITY_PHONE (INFOENTITY_ID, PHONENUMBERS_ID) VALUES('138','204');
INSERT INTO PHONE (DESCRIPTION, NUMBER) VALUES('Arbejde','12499321');
INSERT INTO INFOENTITY_PHONE (INFOENTITY_ID, PHONENUMBERS_ID) VALUES('138','205');

INSERT INTO ADDRESS (ADDITIONALINFO,STREET,CITYINFO_ID) VALUES('','Birkevej 97','1058');
INSERT INTO INFOENTITY (DTYPE, EMAIL, ADDRESS_ID) VALUES('Person','Louise@data.com','139');
INSERT INTO PERSON (ID, FIRSTNAME, LASTNAME) VALUES('139','Louise','Bentholm');
INSERT INTO PERSON_HOBBY (PERSONS_ID, HOBBIES_ID) VALUES('139','10');
INSERT INTO PERSON_HOBBY (PERSONS_ID, HOBBIES_ID) VALUES('139','17');
INSERT INTO PERSON_HOBBY (PERSONS_ID, HOBBIES_ID) VALUES('139','14');
INSERT INTO PHONE (DESCRIPTION, NUMBER) VALUES('Arbejde','59900470');
INSERT INTO INFOENTITY_PHONE (INFOENTITY_ID, PHONENUMBERS_ID) VALUES('139','206');
INSERT INTO PHONE (DESCRIPTION, NUMBER) VALUES('Hjem','65137442');
INSERT INTO INFOENTITY_PHONE (INFOENTITY_ID, PHONENUMBERS_ID) VALUES('139','207');

INSERT INTO ADDRESS (ADDITIONALINFO,STREET,CITYINFO_ID) VALUES('','Vinkelvej 95','495');
INSERT INTO INFOENTITY (DTYPE, EMAIL, ADDRESS_ID) VALUES('Company','WestCorp@msn.dk','140');
INSERT INTO COMPANY (ID, CVR, DESCRIPTION, MARKETVALUE, NAME, NUMEMPLOYEES) VALUES('140','35962247','Software','11045998','WestCorp','118');
INSERT INTO PHONE (DESCRIPTION, NUMBER) VALUES('Reception','93198538');
INSERT INTO INFOENTITY_PHONE (INFOENTITY_ID, PHONENUMBERS_ID) VALUES('140','208');
INSERT INTO PHONE (DESCRIPTION, NUMBER) VALUES('Kontor','33762598');
INSERT INTO INFOENTITY_PHONE (INFOENTITY_ID, PHONENUMBERS_ID) VALUES('140','209');

INSERT INTO ADDRESS (ADDITIONALINFO,STREET,CITYINFO_ID) VALUES('st.','Jernbanegade 60','942');
INSERT INTO INFOENTITY (DTYPE, EMAIL, ADDRESS_ID) VALUES('Company','WellExport@office.dk','141');
INSERT INTO COMPANY (ID, CVR, DESCRIPTION, MARKETVALUE, NAME, NUMEMPLOYEES) VALUES('141','65920603','Office equipment','395299181','WellExport','46');
INSERT INTO PHONE (DESCRIPTION, NUMBER) VALUES('Kontor','24486720');
INSERT INTO INFOENTITY_PHONE (INFOENTITY_ID, PHONENUMBERS_ID) VALUES('141','210');

INSERT INTO ADDRESS (ADDITIONALINFO,STREET,CITYINFO_ID) VALUES('','Ågade 11','697');
INSERT INTO INFOENTITY (DTYPE, EMAIL, ADDRESS_ID) VALUES('Company','EastService@msn.dk','142');
INSERT INTO COMPANY (ID, CVR, DESCRIPTION, MARKETVALUE, NAME, NUMEMPLOYEES) VALUES('142','93410672','Production','974301190','EastService','56');
INSERT INTO PHONE (DESCRIPTION, NUMBER) VALUES('Reception','47294421');
INSERT INTO INFOENTITY_PHONE (INFOENTITY_ID, PHONENUMBERS_ID) VALUES('142','211');

INSERT INTO ADDRESS (ADDITIONALINFO,STREET,CITYINFO_ID) VALUES('','Birkevej 34','32');
INSERT INTO INFOENTITY (DTYPE, EMAIL, ADDRESS_ID) VALUES('Person','Karl@live.com','143');
INSERT INTO PERSON (ID, FIRSTNAME, LASTNAME) VALUES('143','Karl','Brobjerg');
INSERT INTO PERSON_HOBBY (PERSONS_ID, HOBBIES_ID) VALUES('143','4');
INSERT INTO PERSON_HOBBY (PERSONS_ID, HOBBIES_ID) VALUES('143','14');
INSERT INTO PHONE (DESCRIPTION, NUMBER) VALUES('Mobil','81964304');
INSERT INTO INFOENTITY_PHONE (INFOENTITY_ID, PHONENUMBERS_ID) VALUES('143','212');

INSERT INTO ADDRESS (ADDITIONALINFO,STREET,CITYINFO_ID) VALUES('4. tv.','Møllevej 21','1030');
INSERT INTO INFOENTITY (DTYPE, EMAIL, ADDRESS_ID) VALUES('Person','Lise@hotmail.com','144');
INSERT INTO PERSON (ID, FIRSTNAME, LASTNAME) VALUES('144','Lise','Skov');
INSERT INTO PERSON_HOBBY (PERSONS_ID, HOBBIES_ID) VALUES('144','6');
INSERT INTO PERSON_HOBBY (PERSONS_ID, HOBBIES_ID) VALUES('144','13');
INSERT INTO PHONE (DESCRIPTION, NUMBER) VALUES('Mobil','92079852');
INSERT INTO INFOENTITY_PHONE (INFOENTITY_ID, PHONENUMBERS_ID) VALUES('144','213');
INSERT INTO PHONE (DESCRIPTION, NUMBER) VALUES('Hjem','43958344');
INSERT INTO INFOENTITY_PHONE (INFOENTITY_ID, PHONENUMBERS_ID) VALUES('144','214');

INSERT INTO ADDRESS (ADDITIONALINFO,STREET,CITYINFO_ID) VALUES('','Langgade 70','343');
INSERT INTO INFOENTITY (DTYPE, EMAIL, ADDRESS_ID) VALUES('Person','Per@data.com','145');
INSERT INTO PERSON (ID, FIRSTNAME, LASTNAME) VALUES('145','Per','Ardberg');
INSERT INTO PHONE (DESCRIPTION, NUMBER) VALUES('Hjem','84078358');
INSERT INTO INFOENTITY_PHONE (INFOENTITY_ID, PHONENUMBERS_ID) VALUES('145','215');
INSERT INTO PHONE (DESCRIPTION, NUMBER) VALUES('Hjem','33883311');
INSERT INTO INFOENTITY_PHONE (INFOENTITY_ID, PHONENUMBERS_ID) VALUES('145','216');

INSERT INTO ADDRESS (ADDITIONALINFO,STREET,CITYINFO_ID) VALUES('','Vestergade 62','1040');
INSERT INTO INFOENTITY (DTYPE, EMAIL, ADDRESS_ID) VALUES('Person','Bente@msn.dk','146');
INSERT INTO PERSON (ID, FIRSTNAME, LASTNAME) VALUES('146','Bente','Rosenberg');
INSERT INTO PERSON_HOBBY (PERSONS_ID, HOBBIES_ID) VALUES('146','11');
INSERT INTO PHONE (DESCRIPTION, NUMBER) VALUES('Arbejde','25477752');
INSERT INTO INFOENTITY_PHONE (INFOENTITY_ID, PHONENUMBERS_ID) VALUES('146','217');

INSERT INTO ADDRESS (ADDITIONALINFO,STREET,CITYINFO_ID) VALUES('','Engvej 3','800');
INSERT INTO INFOENTITY (DTYPE, EMAIL, ADDRESS_ID) VALUES('Person','Louise@msn.dk','147');
INSERT INTO PERSON (ID, FIRSTNAME, LASTNAME) VALUES('147','Louise','Skov');
INSERT INTO PHONE (DESCRIPTION, NUMBER) VALUES('Arbejde','99856111');
INSERT INTO INFOENTITY_PHONE (INFOENTITY_ID, PHONENUMBERS_ID) VALUES('147','218');
INSERT INTO PHONE (DESCRIPTION, NUMBER) VALUES('Arbejde','77140363');
INSERT INTO INFOENTITY_PHONE (INFOENTITY_ID, PHONENUMBERS_ID) VALUES('147','219');

INSERT INTO ADDRESS (ADDITIONALINFO,STREET,CITYINFO_ID) VALUES('2. th.','Østergade 19','291');
INSERT INTO INFOENTITY (DTYPE, EMAIL, ADDRESS_ID) VALUES('Company','CleanCenter@office.dk','148');
INSERT INTO COMPANY (ID, CVR, DESCRIPTION, MARKETVALUE, NAME, NUMEMPLOYEES) VALUES('148','80167452','Cleaning','401927888','CleanCenter','24');
INSERT INTO PHONE (DESCRIPTION, NUMBER) VALUES('Reception','93408509');
INSERT INTO INFOENTITY_PHONE (INFOENTITY_ID, PHONENUMBERS_ID) VALUES('148','220');
INSERT INTO PHONE (DESCRIPTION, NUMBER) VALUES('Kontor','61501767');
INSERT INTO INFOENTITY_PHONE (INFOENTITY_ID, PHONENUMBERS_ID) VALUES('148','221');

INSERT INTO ADDRESS (ADDITIONALINFO,STREET,CITYINFO_ID) VALUES('','Vibevej 40','919');
INSERT INTO INFOENTITY (DTYPE, EMAIL, ADDRESS_ID) VALUES('Person','Allan@business.dk','149');
INSERT INTO PERSON (ID, FIRSTNAME, LASTNAME) VALUES('149','Allan','Edberg');
INSERT INTO PHONE (DESCRIPTION, NUMBER) VALUES('Hjem','16010400');
INSERT INTO INFOENTITY_PHONE (INFOENTITY_ID, PHONENUMBERS_ID) VALUES('149','222');

INSERT INTO ADDRESS (ADDITIONALINFO,STREET,CITYINFO_ID) VALUES('','Solbakken 6','498');
INSERT INTO INFOENTITY (DTYPE, EMAIL, ADDRESS_ID) VALUES('Company','SwiftWorkers@hotmail.dk','150');
INSERT INTO COMPANY (ID, CVR, DESCRIPTION, MARKETVALUE, NAME, NUMEMPLOYEES) VALUES('150','59236905','Human Ressources','737820132','SwiftWorkers','153');
INSERT INTO PHONE (DESCRIPTION, NUMBER) VALUES('Reception','90341242');
INSERT INTO INFOENTITY_PHONE (INFOENTITY_ID, PHONENUMBERS_ID) VALUES('150','223');
INSERT INTO PHONE (DESCRIPTION, NUMBER) VALUES('Reception','73787058');
INSERT INTO INFOENTITY_PHONE (INFOENTITY_ID, PHONENUMBERS_ID) VALUES('150','224');

INSERT INTO ADDRESS (ADDITIONALINFO,STREET,CITYINFO_ID) VALUES('','Violvej 18','1310');
INSERT INTO INFOENTITY (DTYPE, EMAIL, ADDRESS_ID) VALUES('Company','OmniOrg@live.dk','151');
INSERT INTO COMPANY (ID, CVR, DESCRIPTION, MARKETVALUE, NAME, NUMEMPLOYEES) VALUES('151','38872255','Retail','529416183','OmniOrg','180');
INSERT INTO PHONE (DESCRIPTION, NUMBER) VALUES('Reception','86926254');
INSERT INTO INFOENTITY_PHONE (INFOENTITY_ID, PHONENUMBERS_ID) VALUES('151','225');

INSERT INTO ADDRESS (ADDITIONALINFO,STREET,CITYINFO_ID) VALUES('','Borgergade 97','148');
INSERT INTO INFOENTITY (DTYPE, EMAIL, ADDRESS_ID) VALUES('Company','WestService@work.com','152');
INSERT INTO COMPANY (ID, CVR, DESCRIPTION, MARKETVALUE, NAME, NUMEMPLOYEES) VALUES('152','74780068','Software','178354613','WestService','51');
INSERT INTO PHONE (DESCRIPTION, NUMBER) VALUES('Reception','18107974');
INSERT INTO INFOENTITY_PHONE (INFOENTITY_ID, PHONENUMBERS_ID) VALUES('152','226');
INSERT INTO PHONE (DESCRIPTION, NUMBER) VALUES('Kontor','40214400');
INSERT INTO INFOENTITY_PHONE (INFOENTITY_ID, PHONENUMBERS_ID) VALUES('152','227');

INSERT INTO ADDRESS (ADDITIONALINFO,STREET,CITYINFO_ID) VALUES('','Skolegade 78','1291');
INSERT INTO INFOENTITY (DTYPE, EMAIL, ADDRESS_ID) VALUES('Company','BigCom@yahoo.com','153');
INSERT INTO COMPANY (ID, CVR, DESCRIPTION, MARKETVALUE, NAME, NUMEMPLOYEES) VALUES('153','71926453','Retail','828712130','BigCom','72');
INSERT INTO PHONE (DESCRIPTION, NUMBER) VALUES('Kontor','37794822');
INSERT INTO INFOENTITY_PHONE (INFOENTITY_ID, PHONENUMBERS_ID) VALUES('153','228');

INSERT INTO ADDRESS (ADDITIONALINFO,STREET,CITYINFO_ID) VALUES('2. th.','Hovedgaden 74','920');
INSERT INTO INFOENTITY (DTYPE, EMAIL, ADDRESS_ID) VALUES('Person','Karl@live.com','154');
INSERT INTO PERSON (ID, FIRSTNAME, LASTNAME) VALUES('154','Karl','Olsen');
INSERT INTO PERSON_HOBBY (PERSONS_ID, HOBBIES_ID) VALUES('154','17');
INSERT INTO PHONE (DESCRIPTION, NUMBER) VALUES('Mobil','54321152');
INSERT INTO INFOENTITY_PHONE (INFOENTITY_ID, PHONENUMBERS_ID) VALUES('154','229');

INSERT INTO ADDRESS (ADDITIONALINFO,STREET,CITYINFO_ID) VALUES('st.','Ågade 3','44');
INSERT INTO INFOENTITY (DTYPE, EMAIL, ADDRESS_ID) VALUES('Company','CallBuilder@home.com','155');
INSERT INTO COMPANY (ID, CVR, DESCRIPTION, MARKETVALUE, NAME, NUMEMPLOYEES) VALUES('155','76556830','Hardware','170895254','CallBuilder','197');
INSERT INTO PHONE (DESCRIPTION, NUMBER) VALUES('Kontor','98500741');
INSERT INTO INFOENTITY_PHONE (INFOENTITY_ID, PHONENUMBERS_ID) VALUES('155','230');
INSERT INTO PHONE (DESCRIPTION, NUMBER) VALUES('Reception','36019238');
INSERT INTO INFOENTITY_PHONE (INFOENTITY_ID, PHONENUMBERS_ID) VALUES('155','231');

INSERT INTO ADDRESS (ADDITIONALINFO,STREET,CITYINFO_ID) VALUES('','Nygade 98','481');
INSERT INTO INFOENTITY (DTYPE, EMAIL, ADDRESS_ID) VALUES('Person','Svend@business.dk','156');
INSERT INTO PERSON (ID, FIRSTNAME, LASTNAME) VALUES('156','Svend','Klausen');
INSERT INTO PERSON_HOBBY (PERSONS_ID, HOBBIES_ID) VALUES('156','19');
INSERT INTO PERSON_HOBBY (PERSONS_ID, HOBBIES_ID) VALUES('156','6');
INSERT INTO PHONE (DESCRIPTION, NUMBER) VALUES('Arbejde','84774555');
INSERT INTO INFOENTITY_PHONE (INFOENTITY_ID, PHONENUMBERS_ID) VALUES('156','232');

INSERT INTO ADDRESS (ADDITIONALINFO,STREET,CITYINFO_ID) VALUES('4. th.','Strandvejen 99','300');
INSERT INTO INFOENTITY (DTYPE, EMAIL, ADDRESS_ID) VALUES('Person','Lea@yahoo.com','157');
INSERT INTO PERSON (ID, FIRSTNAME, LASTNAME) VALUES('157','Lea','Ardberg');
INSERT INTO PERSON_HOBBY (PERSONS_ID, HOBBIES_ID) VALUES('157','3');
INSERT INTO PERSON_HOBBY (PERSONS_ID, HOBBIES_ID) VALUES('157','5');
INSERT INTO PERSON_HOBBY (PERSONS_ID, HOBBIES_ID) VALUES('157','11');
INSERT INTO PHONE (DESCRIPTION, NUMBER) VALUES('Mobil','72579487');
INSERT INTO INFOENTITY_PHONE (INFOENTITY_ID, PHONENUMBERS_ID) VALUES('157','233');

INSERT INTO ADDRESS (ADDITIONALINFO,STREET,CITYINFO_ID) VALUES('','Storegade 3','607');
INSERT INTO INFOENTITY (DTYPE, EMAIL, ADDRESS_ID) VALUES('Person','Anders@hotmail.dk','158');
INSERT INTO PERSON (ID, FIRSTNAME, LASTNAME) VALUES('158','Anders','Ålbæk');
INSERT INTO PERSON_HOBBY (PERSONS_ID, HOBBIES_ID) VALUES('158','12');
INSERT INTO PERSON_HOBBY (PERSONS_ID, HOBBIES_ID) VALUES('158','3');
INSERT INTO PHONE (DESCRIPTION, NUMBER) VALUES('Arbejde','32204581');
INSERT INTO INFOENTITY_PHONE (INFOENTITY_ID, PHONENUMBERS_ID) VALUES('158','234');

INSERT INTO ADDRESS (ADDITIONALINFO,STREET,CITYINFO_ID) VALUES('','Søndegade 44','460');
INSERT INTO INFOENTITY (DTYPE, EMAIL, ADDRESS_ID) VALUES('Person','Lærke@hotmail.dk','159');
INSERT INTO PERSON (ID, FIRSTNAME, LASTNAME) VALUES('159','Lærke','Larsen');
INSERT INTO PERSON_HOBBY (PERSONS_ID, HOBBIES_ID) VALUES('159','20');
INSERT INTO PHONE (DESCRIPTION, NUMBER) VALUES('Hjem','40611771');
INSERT INTO INFOENTITY_PHONE (INFOENTITY_ID, PHONENUMBERS_ID) VALUES('159','235');

INSERT INTO ADDRESS (ADDITIONALINFO,STREET,CITYINFO_ID) VALUES('2. th.','Skovbrynet 59','1207');
INSERT INTO INFOENTITY (DTYPE, EMAIL, ADDRESS_ID) VALUES('Company','CleanEnterprise@live.com','160');
INSERT INTO COMPANY (ID, CVR, DESCRIPTION, MARKETVALUE, NAME, NUMEMPLOYEES) VALUES('160','44704576','Office equipment','171509178','CleanEnterprise','150');
INSERT INTO PHONE (DESCRIPTION, NUMBER) VALUES('Reception','67038665');
INSERT INTO INFOENTITY_PHONE (INFOENTITY_ID, PHONENUMBERS_ID) VALUES('160','236');

INSERT INTO ADDRESS (ADDITIONALINFO,STREET,CITYINFO_ID) VALUES('','Storegade 90','34');
INSERT INTO INFOENTITY (DTYPE, EMAIL, ADDRESS_ID) VALUES('Person','Karl@yahoo.com','161');
INSERT INTO PERSON (ID, FIRSTNAME, LASTNAME) VALUES('161','Karl','Rosenberg');
INSERT INTO PERSON_HOBBY (PERSONS_ID, HOBBIES_ID) VALUES('161','17');
INSERT INTO PERSON_HOBBY (PERSONS_ID, HOBBIES_ID) VALUES('161','18');
INSERT INTO PERSON_HOBBY (PERSONS_ID, HOBBIES_ID) VALUES('161','10');
INSERT INTO PHONE (DESCRIPTION, NUMBER) VALUES('Hjem','89034570');
INSERT INTO INFOENTITY_PHONE (INFOENTITY_ID, PHONENUMBERS_ID) VALUES('161','237');
INSERT INTO PHONE (DESCRIPTION, NUMBER) VALUES('Arbejde','47440960');
INSERT INTO INFOENTITY_PHONE (INFOENTITY_ID, PHONENUMBERS_ID) VALUES('161','238');

INSERT INTO ADDRESS (ADDITIONALINFO,STREET,CITYINFO_ID) VALUES('','Skovbakken 3','193');
INSERT INTO INFOENTITY (DTYPE, EMAIL, ADDRESS_ID) VALUES('Person','Lærke@work.com','162');
INSERT INTO PERSON (ID, FIRSTNAME, LASTNAME) VALUES('162','Lærke','Hansen');
INSERT INTO PERSON_HOBBY (PERSONS_ID, HOBBIES_ID) VALUES('162','17');
INSERT INTO PHONE (DESCRIPTION, NUMBER) VALUES('Arbejde','74419199');
INSERT INTO INFOENTITY_PHONE (INFOENTITY_ID, PHONENUMBERS_ID) VALUES('162','239');

INSERT INTO ADDRESS (ADDITIONALINFO,STREET,CITYINFO_ID) VALUES('','Langgade 70','1262');
INSERT INTO INFOENTITY (DTYPE, EMAIL, ADDRESS_ID) VALUES('Person','Lise@home.com','163');
INSERT INTO PERSON (ID, FIRSTNAME, LASTNAME) VALUES('163','Lise','Berg');
INSERT INTO PHONE (DESCRIPTION, NUMBER) VALUES('Hjem','45696757');
INSERT INTO INFOENTITY_PHONE (INFOENTITY_ID, PHONENUMBERS_ID) VALUES('163','240');

INSERT INTO ADDRESS (ADDITIONALINFO,STREET,CITYINFO_ID) VALUES('','Kirkevej 10','805');
INSERT INTO INFOENTITY (DTYPE, EMAIL, ADDRESS_ID) VALUES('Person','Anna@jubii.dk','164');
INSERT INTO PERSON (ID, FIRSTNAME, LASTNAME) VALUES('164','Anna','Madsen');
INSERT INTO PHONE (DESCRIPTION, NUMBER) VALUES('Hjem','14935188');
INSERT INTO INFOENTITY_PHONE (INFOENTITY_ID, PHONENUMBERS_ID) VALUES('164','241');

INSERT INTO ADDRESS (ADDITIONALINFO,STREET,CITYINFO_ID) VALUES('3. tv.','Violvej 11','301');
INSERT INTO INFOENTITY (DTYPE, EMAIL, ADDRESS_ID) VALUES('Company','WestExport@msn.com','165');
INSERT INTO COMPANY (ID, CVR, DESCRIPTION, MARKETVALUE, NAME, NUMEMPLOYEES) VALUES('165','95654188','Human Ressources','151847096','WestExport','90');
INSERT INTO PHONE (DESCRIPTION, NUMBER) VALUES('Kontor','44934591');
INSERT INTO INFOENTITY_PHONE (INFOENTITY_ID, PHONENUMBERS_ID) VALUES('165','242');

INSERT INTO ADDRESS (ADDITIONALINFO,STREET,CITYINFO_ID) VALUES('','Strandvejen 8','1050');
INSERT INTO INFOENTITY (DTYPE, EMAIL, ADDRESS_ID) VALUES('Company','SeniorBuilder@business.dk','166');
INSERT INTO COMPANY (ID, CVR, DESCRIPTION, MARKETVALUE, NAME, NUMEMPLOYEES) VALUES('166','82697168','Cleaning','629587709','SeniorBuilder','21');
INSERT INTO PHONE (DESCRIPTION, NUMBER) VALUES('Reception','25777805');
INSERT INTO INFOENTITY_PHONE (INFOENTITY_ID, PHONENUMBERS_ID) VALUES('166','243');

INSERT INTO ADDRESS (ADDITIONALINFO,STREET,CITYINFO_ID) VALUES('','Vibevej 11','367');
INSERT INTO INFOENTITY (DTYPE, EMAIL, ADDRESS_ID) VALUES('Company','NewPower@live.dk','167');
INSERT INTO COMPANY (ID, CVR, DESCRIPTION, MARKETVALUE, NAME, NUMEMPLOYEES) VALUES('167','84875780','Medicine','351331877','NewPower','109');
INSERT INTO PHONE (DESCRIPTION, NUMBER) VALUES('Reception','66131880');
INSERT INTO INFOENTITY_PHONE (INFOENTITY_ID, PHONENUMBERS_ID) VALUES('167','244');
INSERT INTO PHONE (DESCRIPTION, NUMBER) VALUES('Reception','53599486');
INSERT INTO INFOENTITY_PHONE (INFOENTITY_ID, PHONENUMBERS_ID) VALUES('167','245');

INSERT INTO ADDRESS (ADDITIONALINFO,STREET,CITYINFO_ID) VALUES('','Stationsvej 62','361');
INSERT INTO INFOENTITY (DTYPE, EMAIL, ADDRESS_ID) VALUES('Company','AllBound@live.com','168');
INSERT INTO COMPANY (ID, CVR, DESCRIPTION, MARKETVALUE, NAME, NUMEMPLOYEES) VALUES('168','8202561','Development','104354942','AllBound','118');
INSERT INTO PHONE (DESCRIPTION, NUMBER) VALUES('Reception','57660444');
INSERT INTO INFOENTITY_PHONE (INFOENTITY_ID, PHONENUMBERS_ID) VALUES('168','246');
INSERT INTO PHONE (DESCRIPTION, NUMBER) VALUES('Reception','81342186');
INSERT INTO INFOENTITY_PHONE (INFOENTITY_ID, PHONENUMBERS_ID) VALUES('168','247');

INSERT INTO ADDRESS (ADDITIONALINFO,STREET,CITYINFO_ID) VALUES('3. th.','Ågade 71','1324');
INSERT INTO INFOENTITY (DTYPE, EMAIL, ADDRESS_ID) VALUES('Company','NewFirm@yahoo.com','169');
INSERT INTO COMPANY (ID, CVR, DESCRIPTION, MARKETVALUE, NAME, NUMEMPLOYEES) VALUES('169','12213446','Education','804026817','NewFirm','43');
INSERT INTO PHONE (DESCRIPTION, NUMBER) VALUES('Kontor','97717487');
INSERT INTO INFOENTITY_PHONE (INFOENTITY_ID, PHONENUMBERS_ID) VALUES('169','248');

INSERT INTO ADDRESS (ADDITIONALINFO,STREET,CITYINFO_ID) VALUES('2. th.','Engvej 94','459');
INSERT INTO INFOENTITY (DTYPE, EMAIL, ADDRESS_ID) VALUES('Company','SeniorCell@business.dk','170');
INSERT INTO COMPANY (ID, CVR, DESCRIPTION, MARKETVALUE, NAME, NUMEMPLOYEES) VALUES('170','65468372','Production','860253251','SeniorCell','174');
INSERT INTO PHONE (DESCRIPTION, NUMBER) VALUES('Reception','19176755');
INSERT INTO INFOENTITY_PHONE (INFOENTITY_ID, PHONENUMBERS_ID) VALUES('170','249');
INSERT INTO PHONE (DESCRIPTION, NUMBER) VALUES('Kontor','14879893');
INSERT INTO INFOENTITY_PHONE (INFOENTITY_ID, PHONENUMBERS_ID) VALUES('170','250');

INSERT INTO ADDRESS (ADDITIONALINFO,STREET,CITYINFO_ID) VALUES('','Borgergade 97','671');
INSERT INTO INFOENTITY (DTYPE, EMAIL, ADDRESS_ID) VALUES('Company','InfoSide@business.dk','171');
INSERT INTO COMPANY (ID, CVR, DESCRIPTION, MARKETVALUE, NAME, NUMEMPLOYEES) VALUES('171','88242005','Banking','845595167','InfoSide','43');
INSERT INTO PHONE (DESCRIPTION, NUMBER) VALUES('Kontor','30390901');
INSERT INTO INFOENTITY_PHONE (INFOENTITY_ID, PHONENUMBERS_ID) VALUES('171','251');
INSERT INTO PHONE (DESCRIPTION, NUMBER) VALUES('Kontor','91368585');
INSERT INTO INFOENTITY_PHONE (INFOENTITY_ID, PHONENUMBERS_ID) VALUES('171','252');

INSERT INTO ADDRESS (ADDITIONALINFO,STREET,CITYINFO_ID) VALUES('4. tv.','Skovbakken 67','534');
INSERT INTO INFOENTITY (DTYPE, EMAIL, ADDRESS_ID) VALUES('Company','NewLine@hotmail.dk','172');
INSERT INTO COMPANY (ID, CVR, DESCRIPTION, MARKETVALUE, NAME, NUMEMPLOYEES) VALUES('172','85480980','Software','237806477','NewLine','89');
INSERT INTO PHONE (DESCRIPTION, NUMBER) VALUES('Reception','79316373');
INSERT INTO INFOENTITY_PHONE (INFOENTITY_ID, PHONENUMBERS_ID) VALUES('172','253');
INSERT INTO PHONE (DESCRIPTION, NUMBER) VALUES('Reception','75879934');
INSERT INTO INFOENTITY_PHONE (INFOENTITY_ID, PHONENUMBERS_ID) VALUES('172','254');

INSERT INTO ADDRESS (ADDITIONALINFO,STREET,CITYINFO_ID) VALUES('1. tv.','Bredgade 15','773');
INSERT INTO INFOENTITY (DTYPE, EMAIL, ADDRESS_ID) VALUES('Person','Lise@office.dk','173');
INSERT INTO PERSON (ID, FIRSTNAME, LASTNAME) VALUES('173','Lise','Eilersen');
INSERT INTO PERSON_HOBBY (PERSONS_ID, HOBBIES_ID) VALUES('173','18');
INSERT INTO PERSON_HOBBY (PERSONS_ID, HOBBIES_ID) VALUES('173','14');
INSERT INTO PHONE (DESCRIPTION, NUMBER) VALUES('Mobil','79876952');
INSERT INTO INFOENTITY_PHONE (INFOENTITY_ID, PHONENUMBERS_ID) VALUES('173','255');

INSERT INTO ADDRESS (ADDITIONALINFO,STREET,CITYINFO_ID) VALUES('st.','Vibevej 27','1133');
INSERT INTO INFOENTITY (DTYPE, EMAIL, ADDRESS_ID) VALUES('Company','UpFirm@office.dk','174');
INSERT INTO COMPANY (ID, CVR, DESCRIPTION, MARKETVALUE, NAME, NUMEMPLOYEES) VALUES('174','16789364','Investment','393129389','UpFirm','175');
INSERT INTO PHONE (DESCRIPTION, NUMBER) VALUES('Reception','13690062');
INSERT INTO INFOENTITY_PHONE (INFOENTITY_ID, PHONENUMBERS_ID) VALUES('174','256');

INSERT INTO ADDRESS (ADDITIONALINFO,STREET,CITYINFO_ID) VALUES('','Søndegade 0','347');
INSERT INTO INFOENTITY (DTYPE, EMAIL, ADDRESS_ID) VALUES('Person','Lone@office.dk','175');
INSERT INTO PERSON (ID, FIRSTNAME, LASTNAME) VALUES('175','Lone','Wiksøe');
INSERT INTO PERSON_HOBBY (PERSONS_ID, HOBBIES_ID) VALUES('175','1');
INSERT INTO PERSON_HOBBY (PERSONS_ID, HOBBIES_ID) VALUES('175','20');
INSERT INTO PERSON_HOBBY (PERSONS_ID, HOBBIES_ID) VALUES('175','15');
INSERT INTO PHONE (DESCRIPTION, NUMBER) VALUES('Mobil','10602658');
INSERT INTO INFOENTITY_PHONE (INFOENTITY_ID, PHONENUMBERS_ID) VALUES('175','257');

INSERT INTO ADDRESS (ADDITIONALINFO,STREET,CITYINFO_ID) VALUES('','Lærkevej 4','492');
INSERT INTO INFOENTITY (DTYPE, EMAIL, ADDRESS_ID) VALUES('Company','SeriousPort@gmail.com','176');
INSERT INTO COMPANY (ID, CVR, DESCRIPTION, MARKETVALUE, NAME, NUMEMPLOYEES) VALUES('176','16564225','Software','899078245','SeriousPort','41');
INSERT INTO PHONE (DESCRIPTION, NUMBER) VALUES('Reception','99092631');
INSERT INTO INFOENTITY_PHONE (INFOENTITY_ID, PHONENUMBERS_ID) VALUES('176','258');
INSERT INTO PHONE (DESCRIPTION, NUMBER) VALUES('Kontor','39667890');
INSERT INTO INFOENTITY_PHONE (INFOENTITY_ID, PHONENUMBERS_ID) VALUES('176','259');

INSERT INTO ADDRESS (ADDITIONALINFO,STREET,CITYINFO_ID) VALUES('2. th.','Nygade 41','1234');
INSERT INTO INFOENTITY (DTYPE, EMAIL, ADDRESS_ID) VALUES('Company','CleanWorkers@msn.dk','177');
INSERT INTO COMPANY (ID, CVR, DESCRIPTION, MARKETVALUE, NAME, NUMEMPLOYEES) VALUES('177','14693175','Consulting','506606862','CleanWorkers','56');
INSERT INTO PHONE (DESCRIPTION, NUMBER) VALUES('Kontor','60875722');
INSERT INTO INFOENTITY_PHONE (INFOENTITY_ID, PHONENUMBERS_ID) VALUES('177','260');

INSERT INTO ADDRESS (ADDITIONALINFO,STREET,CITYINFO_ID) VALUES('','Strandvejen 73','858');
INSERT INTO INFOENTITY (DTYPE, EMAIL, ADDRESS_ID) VALUES('Person','Dorte@msn.dk','178');
INSERT INTO PERSON (ID, FIRSTNAME, LASTNAME) VALUES('178','Dorte','Ardberg');
INSERT INTO PERSON_HOBBY (PERSONS_ID, HOBBIES_ID) VALUES('178','6');
INSERT INTO PERSON_HOBBY (PERSONS_ID, HOBBIES_ID) VALUES('178','8');
INSERT INTO PHONE (DESCRIPTION, NUMBER) VALUES('Mobil','55993500');
INSERT INTO INFOENTITY_PHONE (INFOENTITY_ID, PHONENUMBERS_ID) VALUES('178','261');
INSERT INTO PHONE (DESCRIPTION, NUMBER) VALUES('Mobil','67983564');
INSERT INTO INFOENTITY_PHONE (INFOENTITY_ID, PHONENUMBERS_ID) VALUES('178','262');

INSERT INTO ADDRESS (ADDITIONALINFO,STREET,CITYINFO_ID) VALUES('','Vibevej 97','959');
INSERT INTO INFOENTITY (DTYPE, EMAIL, ADDRESS_ID) VALUES('Person','Anders@work.com','179');
INSERT INTO PERSON (ID, FIRSTNAME, LASTNAME) VALUES('179','Anders','Rosenberg');
INSERT INTO PERSON_HOBBY (PERSONS_ID, HOBBIES_ID) VALUES('179','4');
INSERT INTO PHONE (DESCRIPTION, NUMBER) VALUES('Mobil','63831427');
INSERT INTO INFOENTITY_PHONE (INFOENTITY_ID, PHONENUMBERS_ID) VALUES('179','263');

INSERT INTO ADDRESS (ADDITIONALINFO,STREET,CITYINFO_ID) VALUES('st.','Birkevej 54','1105');
INSERT INTO INFOENTITY (DTYPE, EMAIL, ADDRESS_ID) VALUES('Company','EastWorkers@msn.dk','180');
INSERT INTO COMPANY (ID, CVR, DESCRIPTION, MARKETVALUE, NAME, NUMEMPLOYEES) VALUES('180','74821020','Retail','159305382','EastWorkers','177');
INSERT INTO PHONE (DESCRIPTION, NUMBER) VALUES('Kontor','10702152');
INSERT INTO INFOENTITY_PHONE (INFOENTITY_ID, PHONENUMBERS_ID) VALUES('180','264');
INSERT INTO PHONE (DESCRIPTION, NUMBER) VALUES('Kontor','21318723');
INSERT INTO INFOENTITY_PHONE (INFOENTITY_ID, PHONENUMBERS_ID) VALUES('180','265');

INSERT INTO ADDRESS (ADDITIONALINFO,STREET,CITYINFO_ID) VALUES('','Solbakken 71','781');
INSERT INTO INFOENTITY (DTYPE, EMAIL, ADDRESS_ID) VALUES('Company','InfoCell@jubii.dk','181');
INSERT INTO COMPANY (ID, CVR, DESCRIPTION, MARKETVALUE, NAME, NUMEMPLOYEES) VALUES('181','88969161','Sales','757220153','InfoCell','98');
INSERT INTO PHONE (DESCRIPTION, NUMBER) VALUES('Kontor','28510746');
INSERT INTO INFOENTITY_PHONE (INFOENTITY_ID, PHONENUMBERS_ID) VALUES('181','266');
INSERT INTO PHONE (DESCRIPTION, NUMBER) VALUES('Reception','84132558');
INSERT INTO INFOENTITY_PHONE (INFOENTITY_ID, PHONENUMBERS_ID) VALUES('181','267');

INSERT INTO ADDRESS (ADDITIONALINFO,STREET,CITYINFO_ID) VALUES('','Nygade 70','1259');
INSERT INTO INFOENTITY (DTYPE, EMAIL, ADDRESS_ID) VALUES('Company','UniEnterprise@hotmail.dk','182');
INSERT INTO COMPANY (ID, CVR, DESCRIPTION, MARKETVALUE, NAME, NUMEMPLOYEES) VALUES('182','39907128','Production','972667823','UniEnterprise','88');
INSERT INTO PHONE (DESCRIPTION, NUMBER) VALUES('Kontor','20949525');
INSERT INTO INFOENTITY_PHONE (INFOENTITY_ID, PHONENUMBERS_ID) VALUES('182','268');
INSERT INTO PHONE (DESCRIPTION, NUMBER) VALUES('Kontor','32489364');
INSERT INTO INFOENTITY_PHONE (INFOENTITY_ID, PHONENUMBERS_ID) VALUES('182','269');

INSERT INTO ADDRESS (ADDITIONALINFO,STREET,CITYINFO_ID) VALUES('','Jernbanegade 97','1308');
INSERT INTO INFOENTITY (DTYPE, EMAIL, ADDRESS_ID) VALUES('Company','OmniEnterprise@hotmail.com','183');
INSERT INTO COMPANY (ID, CVR, DESCRIPTION, MARKETVALUE, NAME, NUMEMPLOYEES) VALUES('183','46549470','Investment','335981374','OmniEnterprise','108');
INSERT INTO PHONE (DESCRIPTION, NUMBER) VALUES('Reception','67502540');
INSERT INTO INFOENTITY_PHONE (INFOENTITY_ID, PHONENUMBERS_ID) VALUES('183','270');
INSERT INTO PHONE (DESCRIPTION, NUMBER) VALUES('Kontor','93323243');
INSERT INTO INFOENTITY_PHONE (INFOENTITY_ID, PHONENUMBERS_ID) VALUES('183','271');

INSERT INTO ADDRESS (ADDITIONALINFO,STREET,CITYINFO_ID) VALUES('','Søndegade 9','326');
INSERT INTO INFOENTITY (DTYPE, EMAIL, ADDRESS_ID) VALUES('Person','Karl@data.com','184');
INSERT INTO PERSON (ID, FIRSTNAME, LASTNAME) VALUES('184','Karl','Kristensen');
INSERT INTO PHONE (DESCRIPTION, NUMBER) VALUES('Mobil','14375375');
INSERT INTO INFOENTITY_PHONE (INFOENTITY_ID, PHONENUMBERS_ID) VALUES('184','272');

INSERT INTO ADDRESS (ADDITIONALINFO,STREET,CITYINFO_ID) VALUES('1. tv.','Skovbakken 15','1173');
INSERT INTO INFOENTITY (DTYPE, EMAIL, ADDRESS_ID) VALUES('Company','SamLine@gmail.com','185');
INSERT INTO COMPANY (ID, CVR, DESCRIPTION, MARKETVALUE, NAME, NUMEMPLOYEES) VALUES('185','87721486','Education','993400600','SamLine','177');
INSERT INTO PHONE (DESCRIPTION, NUMBER) VALUES('Reception','89233990');
INSERT INTO INFOENTITY_PHONE (INFOENTITY_ID, PHONENUMBERS_ID) VALUES('185','273');
INSERT INTO PHONE (DESCRIPTION, NUMBER) VALUES('Reception','95972978');
INSERT INTO INFOENTITY_PHONE (INFOENTITY_ID, PHONENUMBERS_ID) VALUES('185','274');

INSERT INTO ADDRESS (ADDITIONALINFO,STREET,CITYINFO_ID) VALUES('','Skolegade 99','674');
INSERT INTO INFOENTITY (DTYPE, EMAIL, ADDRESS_ID) VALUES('Person','Holger@live.dk','186');
INSERT INTO PERSON (ID, FIRSTNAME, LASTNAME) VALUES('186','Holger','Berg');
INSERT INTO PERSON_HOBBY (PERSONS_ID, HOBBIES_ID) VALUES('186','7');
INSERT INTO PHONE (DESCRIPTION, NUMBER) VALUES('Hjem','31450600');
INSERT INTO INFOENTITY_PHONE (INFOENTITY_ID, PHONENUMBERS_ID) VALUES('186','275');
INSERT INTO PHONE (DESCRIPTION, NUMBER) VALUES('Mobil','52150985');
INSERT INTO INFOENTITY_PHONE (INFOENTITY_ID, PHONENUMBERS_ID) VALUES('186','276');

INSERT INTO ADDRESS (ADDITIONALINFO,STREET,CITYINFO_ID) VALUES('','Lærkevej 21','196');
INSERT INTO INFOENTITY (DTYPE, EMAIL, ADDRESS_ID) VALUES('Person','Ida@hotmail.dk','187');
INSERT INTO PERSON (ID, FIRSTNAME, LASTNAME) VALUES('187','Ida','Troelsen');
INSERT INTO PERSON_HOBBY (PERSONS_ID, HOBBIES_ID) VALUES('187','16');
INSERT INTO PHONE (DESCRIPTION, NUMBER) VALUES('Mobil','73771214');
INSERT INTO INFOENTITY_PHONE (INFOENTITY_ID, PHONENUMBERS_ID) VALUES('187','277');
INSERT INTO PHONE (DESCRIPTION, NUMBER) VALUES('Arbejde','94905515');
INSERT INTO INFOENTITY_PHONE (INFOENTITY_ID, PHONENUMBERS_ID) VALUES('187','278');

INSERT INTO ADDRESS (ADDITIONALINFO,STREET,CITYINFO_ID) VALUES('','Skovbakken 17','868');
INSERT INTO INFOENTITY (DTYPE, EMAIL, ADDRESS_ID) VALUES('Company','SeriousSide@msn.com','188');
INSERT INTO COMPANY (ID, CVR, DESCRIPTION, MARKETVALUE, NAME, NUMEMPLOYEES) VALUES('188','54540828','Hardware','641460285','SeriousSide','13');
INSERT INTO PHONE (DESCRIPTION, NUMBER) VALUES('Kontor','83094960');
INSERT INTO INFOENTITY_PHONE (INFOENTITY_ID, PHONENUMBERS_ID) VALUES('188','279');
INSERT INTO PHONE (DESCRIPTION, NUMBER) VALUES('Reception','67544765');
INSERT INTO INFOENTITY_PHONE (INFOENTITY_ID, PHONENUMBERS_ID) VALUES('188','280');

INSERT INTO ADDRESS (ADDITIONALINFO,STREET,CITYINFO_ID) VALUES('','Skovvej 27','168');
INSERT INTO INFOENTITY (DTYPE, EMAIL, ADDRESS_ID) VALUES('Company','NewOrg@business.dk','189');
INSERT INTO COMPANY (ID, CVR, DESCRIPTION, MARKETVALUE, NAME, NUMEMPLOYEES) VALUES('189','64082173','Production','366162555','NewOrg','96');
INSERT INTO PHONE (DESCRIPTION, NUMBER) VALUES('Reception','79969546');
INSERT INTO INFOENTITY_PHONE (INFOENTITY_ID, PHONENUMBERS_ID) VALUES('189','281');
INSERT INTO PHONE (DESCRIPTION, NUMBER) VALUES('Kontor','64279502');
INSERT INTO INFOENTITY_PHONE (INFOENTITY_ID, PHONENUMBERS_ID) VALUES('189','282');

INSERT INTO ADDRESS (ADDITIONALINFO,STREET,CITYINFO_ID) VALUES('','Engvej 79','505');
INSERT INTO INFOENTITY (DTYPE, EMAIL, ADDRESS_ID) VALUES('Person','Ida@gmail.com','190');
INSERT INTO PERSON (ID, FIRSTNAME, LASTNAME) VALUES('190','Ida','Persson');
INSERT INTO PERSON_HOBBY (PERSONS_ID, HOBBIES_ID) VALUES('190','4');
INSERT INTO PERSON_HOBBY (PERSONS_ID, HOBBIES_ID) VALUES('190','1');
INSERT INTO PHONE (DESCRIPTION, NUMBER) VALUES('Mobil','11026350');
INSERT INTO INFOENTITY_PHONE (INFOENTITY_ID, PHONENUMBERS_ID) VALUES('190','283');
INSERT INTO PHONE (DESCRIPTION, NUMBER) VALUES('Hjem','54965578');
INSERT INTO INFOENTITY_PHONE (INFOENTITY_ID, PHONENUMBERS_ID) VALUES('190','284');

INSERT INTO ADDRESS (ADDITIONALINFO,STREET,CITYINFO_ID) VALUES('','Egevej 62','1030');
INSERT INTO INFOENTITY (DTYPE, EMAIL, ADDRESS_ID) VALUES('Person','Ole@msn.dk','191');
INSERT INTO PERSON (ID, FIRSTNAME, LASTNAME) VALUES('191','Ole','Sørensen');
INSERT INTO PERSON_HOBBY (PERSONS_ID, HOBBIES_ID) VALUES('191','5');
INSERT INTO PHONE (DESCRIPTION, NUMBER) VALUES('Hjem','44200901');
INSERT INTO INFOENTITY_PHONE (INFOENTITY_ID, PHONENUMBERS_ID) VALUES('191','285');

INSERT INTO ADDRESS (ADDITIONALINFO,STREET,CITYINFO_ID) VALUES('2. tv.','Vestergade 8','232');
INSERT INTO INFOENTITY (DTYPE, EMAIL, ADDRESS_ID) VALUES('Person','Anna@hotmail.com','192');
INSERT INTO PERSON (ID, FIRSTNAME, LASTNAME) VALUES('192','Anna','Nielsen');
INSERT INTO PERSON_HOBBY (PERSONS_ID, HOBBIES_ID) VALUES('192','2');
INSERT INTO PERSON_HOBBY (PERSONS_ID, HOBBIES_ID) VALUES('192','6');
INSERT INTO PERSON_HOBBY (PERSONS_ID, HOBBIES_ID) VALUES('192','5');
INSERT INTO PHONE (DESCRIPTION, NUMBER) VALUES('Mobil','46476233');
INSERT INTO INFOENTITY_PHONE (INFOENTITY_ID, PHONENUMBERS_ID) VALUES('192','286');

INSERT INTO ADDRESS (ADDITIONALINFO,STREET,CITYINFO_ID) VALUES('','Skovvej 68','1050');
INSERT INTO INFOENTITY (DTYPE, EMAIL, ADDRESS_ID) VALUES('Person','Lars@business.dk','193');
INSERT INTO PERSON (ID, FIRSTNAME, LASTNAME) VALUES('193','Lars','Svendsen');
INSERT INTO PERSON_HOBBY (PERSONS_ID, HOBBIES_ID) VALUES('193','20');
INSERT INTO PHONE (DESCRIPTION, NUMBER) VALUES('Hjem','42182817');
INSERT INTO INFOENTITY_PHONE (INFOENTITY_ID, PHONENUMBERS_ID) VALUES('193','287');

INSERT INTO ADDRESS (ADDITIONALINFO,STREET,CITYINFO_ID) VALUES('','Nygade 24','464');
INSERT INTO INFOENTITY (DTYPE, EMAIL, ADDRESS_ID) VALUES('Company','OmniCenter@office.dk','194');
INSERT INTO COMPANY (ID, CVR, DESCRIPTION, MARKETVALUE, NAME, NUMEMPLOYEES) VALUES('194','72633437','Production','86583768','OmniCenter','5');
INSERT INTO PHONE (DESCRIPTION, NUMBER) VALUES('Kontor','95621692');
INSERT INTO INFOENTITY_PHONE (INFOENTITY_ID, PHONENUMBERS_ID) VALUES('194','288');

INSERT INTO ADDRESS (ADDITIONALINFO,STREET,CITYINFO_ID) VALUES('st.','Hovedgaden 14','758');
INSERT INTO INFOENTITY (DTYPE, EMAIL, ADDRESS_ID) VALUES('Company','CleanKnight@jubii.dk','195');
INSERT INTO COMPANY (ID, CVR, DESCRIPTION, MARKETVALUE, NAME, NUMEMPLOYEES) VALUES('195','33357347','Office equipment','241043715','CleanKnight','193');
INSERT INTO PHONE (DESCRIPTION, NUMBER) VALUES('Kontor','21490166');
INSERT INTO INFOENTITY_PHONE (INFOENTITY_ID, PHONENUMBERS_ID) VALUES('195','289');

INSERT INTO ADDRESS (ADDITIONALINFO,STREET,CITYINFO_ID) VALUES('','Hovedgaden 72','102');
INSERT INTO INFOENTITY (DTYPE, EMAIL, ADDRESS_ID) VALUES('Company','SoftPartner@msn.dk','196');
INSERT INTO COMPANY (ID, CVR, DESCRIPTION, MARKETVALUE, NAME, NUMEMPLOYEES) VALUES('196','99776808','Development','485726070','SoftPartner','171');
INSERT INTO PHONE (DESCRIPTION, NUMBER) VALUES('Kontor','79975620');
INSERT INTO INFOENTITY_PHONE (INFOENTITY_ID, PHONENUMBERS_ID) VALUES('196','290');
INSERT INTO PHONE (DESCRIPTION, NUMBER) VALUES('Reception','75017239');
INSERT INTO INFOENTITY_PHONE (INFOENTITY_ID, PHONENUMBERS_ID) VALUES('196','291');

INSERT INTO ADDRESS (ADDITIONALINFO,STREET,CITYINFO_ID) VALUES('','Hovedgaden 4','776');
INSERT INTO INFOENTITY (DTYPE, EMAIL, ADDRESS_ID) VALUES('Company','CityFirm@live.dk','197');
INSERT INTO COMPANY (ID, CVR, DESCRIPTION, MARKETVALUE, NAME, NUMEMPLOYEES) VALUES('197','73566844','Education','438242029','CityFirm','151');
INSERT INTO PHONE (DESCRIPTION, NUMBER) VALUES('Kontor','73393971');
INSERT INTO INFOENTITY_PHONE (INFOENTITY_ID, PHONENUMBERS_ID) VALUES('197','292');

INSERT INTO ADDRESS (ADDITIONALINFO,STREET,CITYINFO_ID) VALUES('','Lærkevej 25','220');
INSERT INTO INFOENTITY (DTYPE, EMAIL, ADDRESS_ID) VALUES('Company','PolyOrg@gmail.com','198');
INSERT INTO COMPANY (ID, CVR, DESCRIPTION, MARKETVALUE, NAME, NUMEMPLOYEES) VALUES('198','52811399','Software','240637968','PolyOrg','20');
INSERT INTO PHONE (DESCRIPTION, NUMBER) VALUES('Reception','87443921');
INSERT INTO INFOENTITY_PHONE (INFOENTITY_ID, PHONENUMBERS_ID) VALUES('198','293');

INSERT INTO ADDRESS (ADDITIONALINFO,STREET,CITYINFO_ID) VALUES('','Vestergade 77','1210');
INSERT INTO INFOENTITY (DTYPE, EMAIL, ADDRESS_ID) VALUES('Company','SnapWorkers@home.com','199');
INSERT INTO COMPANY (ID, CVR, DESCRIPTION, MARKETVALUE, NAME, NUMEMPLOYEES) VALUES('199','31166567','Software','153927184','SnapWorkers','29');
INSERT INTO PHONE (DESCRIPTION, NUMBER) VALUES('Reception','63193430');
INSERT INTO INFOENTITY_PHONE (INFOENTITY_ID, PHONENUMBERS_ID) VALUES('199','294');

INSERT INTO ADDRESS (ADDITIONALINFO,STREET,CITYINFO_ID) VALUES('','Langgade 81','557');
INSERT INTO INFOENTITY (DTYPE, EMAIL, ADDRESS_ID) VALUES('Person','Signe@office.dk','200');
INSERT INTO PERSON (ID, FIRSTNAME, LASTNAME) VALUES('200','Signe','Carstensen');
INSERT INTO PERSON_HOBBY (PERSONS_ID, HOBBIES_ID) VALUES('200','3');
INSERT INTO PERSON_HOBBY (PERSONS_ID, HOBBIES_ID) VALUES('200','16');
INSERT INTO PERSON_HOBBY (PERSONS_ID, HOBBIES_ID) VALUES('200','9');
INSERT INTO PHONE (DESCRIPTION, NUMBER) VALUES('Mobil','39615745');
INSERT INTO INFOENTITY_PHONE (INFOENTITY_ID, PHONENUMBERS_ID) VALUES('200','295');

